sweep,param,value,seed,policy,n,mean_min,p50_min,p95_min,on_time,delivered,energy_j,replans,b_where
model,ops_b_gop,50,0,cloud,764,629.3355253166543,643.4499545763173,775.3526608772048,0.0,1.0,9.60000000000571,0.0,"{""cloud"": 1.0}"
model,ops_b_gop,50,0,sensor,764,46.14372945142809,46.08184863057492,73.69340819035307,1.0,1.0,110.1151832460784,0.0,"{""seabed"": 1.0}"
model,ops_b_gop,50,0,surface,764,299.99789757565367,308.6937243036115,417.50816631824694,0.01832460732984293,1.0,3629.669564697053,0.0,"{""buoy"": 1.0}"
model,ops_b_gop,50,0,statopt,764,46.14372945142809,46.08184863057492,73.69340819035307,1.0,1.0,110.1151832460784,0.0,"{""seabed"": 1.0}"
model,ops_b_gop,50,0,cacgr,764,46.68353725103483,46.6682196308906,73.69340819035307,1.0,1.0,102.92366791324243,0.0,"{""seabed"": 0.9319, ""auv"": 0.0681}"
model,ops_b_gop,50,1,cloud,727,527.4103434854308,530.1163293319723,713.5345318442156,0.0,1.0,9.600000000007828,0.0,"{""cloud"": 1.0}"
model,ops_b_gop,50,1,sensor,727,44.22606127509332,43.718802278422906,71.34711973345378,0.9972489683631361,1.0,98.91982707800624,0.0,"{""seabed"": 1.0}"
model,ops_b_gop,50,1,surface,727,247.26887861650204,250.13361247061306,374.9617248185614,0.03851444291609354,1.0,3857.4863147965875,0.0,"{""buoy"": 1.0}"
model,ops_b_gop,50,1,statopt,727,44.22606127509332,43.718802278422906,71.34711973345378,0.9972489683631361,1.0,98.91982707800624,0.0,"{""seabed"": 1.0}"
model,ops_b_gop,50,1,cacgr,727,44.6412350468755,44.07421277636701,71.51913665702561,0.9972489683631361,1.0,91.98234466495833,0.0,"{""seabed"": 0.9257, ""auv"": 0.0743}"
model,ops_b_gop,50,2,cloud,757,667.9226692586575,660.169098025006,807.9654090078982,0.0,1.0,9.600000000003769,0.0,"{""cloud"": 1.0}"
model,ops_b_gop,50,2,sensor,757,45.24632895856078,45.05356991660907,75.28203188149695,1.0,1.0,106.4961313455382,0.0,"{""seabed"": 1.0}"
model,ops_b_gop,50,2,surface,757,319.16530474886315,324.98784523641905,436.5006953677732,0.005284015852047556,1.0,3689.6226306850044,0.0,"{""buoy"": 1.0}"
model,ops_b_gop,50,2,statopt,757,45.24632895856078,45.05356991660907,75.28203188149695,1.0,1.0,106.4961313455382,0.0,"{""seabed"": 1.0}"
model,ops_b_gop,50,2,cacgr,757,45.53364618972613,45.37866637545012,75.28203188149695,1.0,1.0,100.24992187205217,0.0,"{""seabed"": 0.9379, ""auv"": 0.0621}"
model,ops_b_gop,50,3,cloud,758,562.2778693550989,599.9526352209898,693.945248775793,0.0,1.0,9.600000000007029,0.0,"{""cloud"": 1.0}"
model,ops_b_gop,50,3,sensor,758,45.52292592634025,45.11227863637614,72.48071165749543,1.0,1.0,77.32039200901328,0.0,"{""seabed"": 1.0}"
model,ops_b_gop,50,3,surface,758,189.23564516149003,186.1461171561758,287.0831984047221,0.06728232189973615,1.0,3654.5074044477374,0.0,"{""buoy"": 1.0}"
model,ops_b_gop,50,3,statopt,758,45.52292592634025,45.11227863637614,72.48071165749543,1.0,1.0,77.32039200901328,0.0,"{""seabed"": 1.0}"
model,ops_b_gop,50,3,cacgr,758,45.91386248160922,45.789300123262365,72.48071165749543,1.0,1.0,71.61721975119379,0.0,"{""seabed"": 0.9195, ""auv"": 0.0805}"
model,ops_b_gop,50,4,cloud,790,622.2025162228474,620.2093847823947,768.2847385036947,0.0,1.0,9.600000000003964,0.0,"{""cloud"": 1.0}"
model,ops_b_gop,50,4,sensor,790,44.132049420785805,43.37732236591707,72.23572837866588,0.9974683544303797,1.0,93.77215189872194,0.0,"{""seabed"": 1.0}"
model,ops_b_gop,50,4,surface,790,277.87412570046064,289.08535066208754,369.9166496253458,0.013924050632911392,1.0,3539.194473779348,0.0,"{""buoy"": 1.0}"
model,ops_b_gop,50,4,statopt,790,44.132049420785805,43.37732236591707,72.23572837866588,0.9974683544303797,1.0,93.77215189872194,0.0,"{""seabed"": 1.0}"
model,ops_b_gop,50,4,cacgr,790,44.72470591632332,44.64349970762734,72.23572837866588,0.9974683544303797,1.0,88.18575479203052,0.0,"{""seabed"": 0.938, ""auv"": 0.062}"
model,ops_b_gop,50,5,cloud,763,610.6693320584903,626.8616195517083,703.4647846724646,0.0,1.0,9.600000000006274,0.0,"{""cloud"": 1.0}"
model,ops_b_gop,50,5,sensor,763,46.97692391893496,46.44102089596951,75.01906666072591,0.9921363040629095,1.0,112.89215502712906,0.0,"{""seabed"": 1.0}"
model,ops_b_gop,50,5,surface,763,271.63249942714276,260.85630473102356,422.6525871686498,0.019659239842726082,1.0,3705.556673282119,0.0,"{""buoy"": 1.0}"
model,ops_b_gop,50,5,statopt,763,46.97692391893496,46.44102089596951,75.01906666072591,0.9921363040629095,1.0,112.89215502712906,0.0,"{""seabed"": 1.0}"
model,ops_b_gop,50,5,cacgr,763,47.48150587983341,47.313899865875285,75.01906666072591,0.9921363040629095,1.0,104.38563115519538,0.0,"{""seabed"": 0.9187, ""auv"": 0.0813}"
model,ops_b_gop,50,6,cloud,729,586.2397449121519,598.4293416818665,745.910245383953,0.0,1.0,9.600000000008261,0.0,"{""cloud"": 1.0}"
model,ops_b_gop,50,6,sensor,729,43.686349519015565,44.04531913732453,70.80614297976639,0.9986282578875172,1.0,91.7658240250652,0.0,"{""seabed"": 1.0}"
model,ops_b_gop,50,6,surface,729,267.9020109001381,271.85404390352073,395.5488808559981,0.02194787379972565,1.0,3780.267679404232,0.0,"{""buoy"": 1.0}"
model,ops_b_gop,50,6,statopt,729,43.686349519015565,44.04531913732453,70.80614297976639,0.9986282578875172,1.0,91.7658240250652,0.0,"{""seabed"": 1.0}"
model,ops_b_gop,50,6,cacgr,729,44.2796435154767,44.52745353736949,70.88502925377652,0.9986282578875172,1.0,84.08733215753793,0.0,"{""seabed"": 0.915, ""auv"": 0.085}"
model,ops_b_gop,50,7,cloud,757,621.72187516272,650.8903334350015,729.7733688683553,0.0,1.0,9.600000000007762,0.0,"{""cloud"": 1.0}"
model,ops_b_gop,50,7,sensor,757,45.12476649787982,44.7922343659918,70.49903836003594,1.0,1.0,91.49330062274502,0.0,"{""seabed"": 1.0}"
model,ops_b_gop,50,7,surface,757,265.50933609919343,265.3551130973864,369.04630779907893,0.031704095112285335,1.0,3580.1304789582528,0.0,"{""buoy"": 1.0}"
model,ops_b_gop,50,7,statopt,757,45.12476649787982,44.7922343659918,70.49903836003594,1.0,1.0,91.49330062274502,0.0,"{""seabed"": 1.0}"
model,ops_b_gop,50,7,cacgr,757,45.676223057460334,45.29484974619215,71.37200574960141,1.0,1.0,86.32900547271879,0.0,"{""seabed"": 0.9339, ""auv"": 0.0661}"
model,ops_b_gop,50,8,cloud,772,537.6273392846201,536.5875468345517,760.9418840473176,0.0,1.0,9.600000000006183,0.0,"{""cloud"": 1.0}"
model,ops_b_gop,50,8,sensor,772,42.26848274982994,41.55671530689254,71.80432672489312,0.9987046632124352,1.0,104.72020725386045,0.0,"{""seabed"": 1.0}"
model,ops_b_gop,50,8,surface,772,303.9442831592158,297.74960466051726,428.2340430346427,0.01683937823834197,1.0,3625.359928941482,0.0,"{""buoy"": 1.0}"
model,ops_b_gop,50,8,statopt,772,42.26848274982994,41.55671530689254,71.80432672489312,0.9987046632124352,1.0,104.72020725386045,0.0,"{""seabed"": 1.0}"
model,ops_b_gop,50,8,cacgr,772,43.177985305339384,42.595593631659234,71.81895733238943,0.9987046632124352,1.0,95.36383419686756,0.0,"{""seabed"": 0.9093, ""auv"": 0.0907}"
model,ops_b_gop,50,9,cloud,819,690.6206840252572,711.2056079227193,809.5466594318641,0.0,1.0,9.600000000006688,0.0,"{""cloud"": 1.0}"
model,ops_b_gop,50,9,sensor,819,43.97938692427645,43.63894285878535,72.92697932172067,1.0,1.0,94.5911390196928,0.0,"{""seabed"": 1.0}"
model,ops_b_gop,50,9,surface,819,303.21228522091934,319.42167129915225,417.7737860809711,0.028083028083028084,1.0,3504.621583115251,0.0,"{""buoy"": 1.0}"
model,ops_b_gop,50,9,statopt,819,43.97938692427645,43.63894285878535,72.92697932172067,1.0,1.0,94.5911390196928,0.0,"{""seabed"": 1.0}"
model,ops_b_gop,50,9,cacgr,819,44.562327362422145,44.0273950981454,72.92697932172067,1.0,1.0,87.62266178264507,0.0,"{""seabed"": 0.9206, ""auv"": 0.0794}"
model,ops_b_gop,50,10,cloud,786,626.2283351127018,641.635360495629,754.4844953583677,0.0,1.0,9.600000000004725,0.0,"{""cloud"": 1.0}"
model,ops_b_gop,50,10,sensor,786,43.81285754143713,43.58221293261434,71.46840604487676,1.0,1.0,104.1537622682636,0.0,"{""seabed"": 1.0}"
model,ops_b_gop,50,10,surface,786,298.8594982570964,315.287267283821,419.84877752201135,0.020356234096692113,1.0,3604.4651748454826,0.0,"{""buoy"": 1.0}"
model,ops_b_gop,50,10,statopt,786,43.81285754143713,43.58221293261434,71.46840604487676,1.0,1.0,104.1537622682636,0.0,"{""seabed"": 1.0}"
model,ops_b_gop,50,10,cacgr,786,44.22518203157633,43.988884754056684,71.46840604487676,1.0,1.0,95.6204507451803,0.0,"{""seabed"": 0.9173, ""auv"": 0.0827}"
model,ops_b_gop,50,11,cloud,770,641.5261021852499,644.1008176973926,725.9455448242813,0.0,1.0,9.600000000005995,0.0,"{""cloud"": 1.0}"
model,ops_b_gop,50,11,sensor,770,46.54743671738128,47.12296167413758,73.4804650531585,0.9987012987012988,1.0,120.64564007420712,0.0,"{""seabed"": 1.0}"
model,ops_b_gop,50,11,surface,770,315.9926417672236,315.3069082407845,437.9938621890193,0.01948051948051948,1.0,3601.4239525046087,0.0,"{""buoy"": 1.0}"
model,ops_b_gop,50,11,statopt,770,46.54743671738128,47.12296167413758,73.4804650531585,0.9987012987012988,1.0,120.64564007420712,0.0,"{""seabed"": 1.0}"
model,ops_b_gop,50,11,cacgr,770,47.10897453269784,47.94982727071973,73.4804650531585,0.9987012987012988,1.0,113.67000667903184,0.0,"{""seabed"": 0.939, ""auv"": 0.061}"
model,ops_b_gop,50,12,cloud,792,685.0727523677807,694.7716382286142,800.0130829375888,0.0,1.0,9.600000000006,0.0,"{""cloud"": 1.0}"
model,ops_b_gop,50,12,sensor,792,43.94317729735523,43.609761558095336,73.57854853436474,0.9936868686868687,1.0,84.13383838381615,0.0,"{""seabed"": 1.0}"
model,ops_b_gop,50,12,surface,792,268.6041660588698,288.13956839295236,374.0550262511802,0.06313131313131314,1.0,3533.8066378065864,0.0,"{""buoy"": 1.0}"
model,ops_b_gop,50,12,statopt,792,43.94317729735523,43.609761558095336,73.57854853436474,0.9936868686868687,1.0,84.13383838381615,0.0,"{""seabed"": 1.0}"
model,ops_b_gop,50,12,cacgr,792,44.52371751085684,44.29499558078478,73.57854853436474,0.9936868686868687,1.0,76.94181240979286,0.0,"{""seabed"": 0.9167, ""auv"": 0.0833}"
model,ops_b_gop,50,13,cloud,769,595.5074457370297,613.644384683509,683.894412860532,0.0,1.0,9.600000000004503,0.0,"{""cloud"": 1.0}"
model,ops_b_gop,50,13,sensor,769,44.73935923349167,44.76419957054944,72.80424354188047,0.9960988296488946,1.0,71.53836150841573,0.0,"{""seabed"": 1.0}"
model,ops_b_gop,50,13,surface,769,109.63775074977897,101.73295868872992,186.83627307461418,0.40052015604681407,1.0,3509.344407207817,0.0,"{""buoy"": 1.0}"
model,ops_b_gop,50,13,statopt,769,44.73935923349167,44.76419957054944,72.80424354188047,0.9960988296488946,1.0,71.53836150841573,0.0,"{""seabed"": 1.0}"
model,ops_b_gop,50,13,cacgr,769,45.28297389064668,45.49223130110501,72.80424354188047,0.9960988296488946,1.0,65.510072450271,0.0,"{""seabed"": 0.9155, ""auv"": 0.0845}"
model,ops_b_gop,50,14,cloud,750,595.9297205978597,617.5901042083453,736.7889474364299,0.0,1.0,9.600000000005632,0.0,"{""cloud"": 1.0}"
model,ops_b_gop,50,14,sensor,750,46.07784446465626,45.340880523801026,74.8552482485372,0.9973333333333333,1.0,84.8095238095049,0.0,"{""seabed"": 1.0}"
model,ops_b_gop,50,14,surface,750,251.85894689740883,262.1493898841259,352.09554947783914,0.030666666666666665,1.0,3640.1756220951925,0.0,"{""buoy"": 1.0}"
model,ops_b_gop,50,14,statopt,750,46.07784446465626,45.340880523801026,74.8552482485372,0.9973333333333333,1.0,84.8095238095049,0.0,"{""seabed"": 1.0}"
model,ops_b_gop,50,14,cacgr,750,46.75949625989611,46.09452769619092,74.8552482485372,0.9973333333333333,1.0,78.31966019045909,0.0,"{""seabed"": 0.924, ""auv"": 0.076}"
model,ops_b_gop,50,15,cloud,770,567.9434312005629,607.253244473856,702.1685281072492,0.0,1.0,9.600000000004483,0.0,"{""cloud"": 1.0}"
model,ops_b_gop,50,15,sensor,770,46.67024659304871,46.71379412404191,74.26304859600685,1.0,1.0,79.96846011128923,0.0,"{""seabed"": 1.0}"
model,ops_b_gop,50,15,surface,770,197.2252755095522,205.71242215714574,274.3347225590181,0.06493506493506493,1.0,3560.4909298700773,0.0,"{""buoy"": 1.0}"
model,ops_b_gop,50,15,statopt,770,46.67024659304871,46.71379412404191,74.26304859600685,1.0,1.0,79.96846011128923,0.0,"{""seabed"": 1.0}"
model,ops_b_gop,50,15,cacgr,770,47.26353702660521,47.352758842305775,74.26304859600685,1.0,1.0,73.58008460108638,0.0,"{""seabed"": 0.9195, ""auv"": 0.0805}"
model,ops_b_gop,50,16,cloud,748,596.7890932962453,607.8386706585923,745.0922954290362,0.0,1.0,9.600000000006327,0.0,"{""cloud"": 1.0}"
model,ops_b_gop,50,16,sensor,748,46.087390741521304,46.05337673744422,72.57343543026994,1.0,1.0,72.64553093960949,0.0,"{""seabed"": 1.0}"
model,ops_b_gop,50,16,surface,748,104.46353858306078,106.11772717355117,153.73818646546505,0.3355614973262032,1.0,3638.365689839508,0.0,"{""buoy"": 1.0}"
model,ops_b_gop,50,16,statopt,748,46.087390741521304,46.05337673744422,72.57343543026994,1.0,1.0,72.64553093960949,0.0,"{""seabed"": 1.0}"
model,ops_b_gop,50,16,cacgr,748,46.344629998190506,46.59875237332177,72.57343543026994,1.0,1.0,68.53857142853342,0.0,"{""seabed"": 0.9398, ""auv"": 0.0602}"
model,ops_b_gop,50,17,cloud,733,594.9452170579557,606.1384084515865,707.0619746411587,0.0,1.0,9.60000000000642,0.0,"{""cloud"": 1.0}"
model,ops_b_gop,50,17,sensor,733,45.16867933911887,45.10809974368931,73.96787446544333,0.9986357435197817,1.0,124.93412590140079,0.0,"{""seabed"": 1.0}"
model,ops_b_gop,50,17,surface,733,317.3750516630922,311.56536024251886,461.5737236777194,0.0068212824010914054,1.0,3974.1134125901185,0.0,"{""buoy"": 1.0}"
model,ops_b_gop,50,17,statopt,733,45.16867933911887,45.10809974368931,73.96787446544333,0.9986357435197817,1.0,124.93412590140079,0.0,"{""seabed"": 1.0}"
model,ops_b_gop,50,17,cacgr,733,45.52911984738318,45.76085175567641,73.96787446544333,0.9986357435197817,1.0,116.35141064121473,0.0,"{""seabed"": 0.9304, ""auv"": 0.0696}"
model,ops_b_gop,50,18,cloud,782,574.3358997798712,593.6301283779995,675.1587139831028,0.0,1.0,9.600000000006132,0.0,"{""cloud"": 1.0}"
model,ops_b_gop,50,18,sensor,782,43.95123425352876,43.957265857703895,69.68724603693697,1.0,1.0,67.23565948114128,0.0,"{""seabed"": 1.0}"
model,ops_b_gop,50,18,surface,782,79.26797443343902,74.62418981419329,134.90434305933178,0.6521739130434783,1.0,3184.3198421628886,0.0,"{""buoy"": 1.0}"
model,ops_b_gop,50,18,statopt,782,43.95123425352876,43.957265857703895,69.68724603693697,1.0,1.0,67.23565948114128,0.0,"{""seabed"": 1.0}"
model,ops_b_gop,50,18,cacgr,782,44.75514142744871,44.727216567833665,70.5823255757507,1.0,1.0,62.5956390207859,0.0,"{""seabed"": 0.9284, ""auv"": 0.0716}"
model,ops_b_gop,50,19,cloud,753,639.7194334941133,648.0087620555336,732.0381043162319,0.0,1.0,9.600000000007444,0.0,"{""cloud"": 1.0}"
model,ops_b_gop,50,19,sensor,753,47.6449412205113,46.66981642666821,76.06428391154466,0.9960159362549801,1.0,134.38000379435564,0.0,"{""seabed"": 1.0}"
model,ops_b_gop,50,19,surface,753,342.64999156923415,345.06020124619005,482.74053537306605,0.00796812749003984,1.0,3633.394531587915,0.0,"{""buoy"": 1.0}"
model,ops_b_gop,50,19,statopt,753,47.6449412205113,46.66981642666821,76.06428391154466,0.9960159362549801,1.0,134.38000379435564,0.0,"{""seabed"": 1.0}"
model,ops_b_gop,50,19,cacgr,753,48.0798090619369,47.19774385933706,76.06428391154466,0.9960159362549801,1.0,123.82743464239071,0.0,"{""seabed"": 0.9124, ""auv"": 0.0876}"
model,ops_b_gop,50,20,cloud,812,652.1709170561626,648.4702045367449,760.9570481301804,0.0,1.0,9.600000000007316,0.0,"{""cloud"": 1.0}"
model,ops_b_gop,50,20,sensor,812,44.196261011406605,44.48648316131821,71.66802772981711,0.9963054187192119,1.0,119.84834623503878,0.0,"{""seabed"": 1.0}"
model,ops_b_gop,50,20,surface,812,348.13473151246984,356.02831563524654,487.38022475715303,0.009852216748768473,1.0,3425.834482758592,0.0,"{""buoy"": 1.0}"
model,ops_b_gop,50,20,statopt,812,44.196261011406605,44.48648316131821,71.66802772981711,0.9963054187192119,1.0,119.84834623503878,0.0,"{""seabed"": 1.0}"
model,ops_b_gop,50,20,cacgr,812,44.49185830054962,44.76604767726124,71.66802772981711,0.9963054187192119,1.0,113.07125686135919,0.0,"{""seabed"": 0.9409, ""auv"": 0.0591}"
model,ops_b_gop,50,21,cloud,770,628.9113502287172,637.0235392047215,753.6359726992445,0.0,1.0,9.600000000005952,0.0,"{""cloud"": 1.0}"
model,ops_b_gop,50,21,sensor,770,44.664798539340836,44.031412575927725,75.07730017859858,0.9961038961038962,1.0,104.17996289424606,0.0,"{""seabed"": 1.0}"
model,ops_b_gop,50,21,surface,770,302.90591130705764,305.09061650612693,410.45946595824,0.01818181818181818,1.0,3731.265656400709,0.0,"{""buoy"": 1.0}"
model,ops_b_gop,50,21,statopt,770,44.664798539340836,44.031412575927725,75.07730017859858,0.9961038961038962,1.0,104.17996289424606,0.0,"{""seabed"": 1.0}"
model,ops_b_gop,50,21,cacgr,770,45.65984908711605,45.30449130722421,75.07730017859858,0.9961038961038962,1.0,94.8713543599227,0.0,"{""seabed"": 0.9026, ""auv"": 0.0974}"
model,ops_b_gop,50,22,cloud,813,630.6796590011713,659.0438667773519,820.7208409393736,0.0,1.0,9.60000000000813,0.0,"{""cloud"": 1.0}"
model,ops_b_gop,50,22,sensor,813,45.07189210577392,45.01968216731693,72.47740727318046,1.0,1.0,112.26620980494171,0.0,"{""seabed"": 1.0}"
model,ops_b_gop,50,22,surface,813,341.2004481024921,348.55440978874634,470.9503681308566,0.014760147601476014,1.0,3555.1181950447713,0.0,"{""buoy"": 1.0}"
model,ops_b_gop,50,22,statopt,813,45.07189210577392,45.01968216731693,72.47740727318046,1.0,1.0,112.26620980494171,0.0,"{""seabed"": 1.0}"
model,ops_b_gop,50,22,cacgr,813,46.031403818181914,45.998043744188664,72.47740727318046,1.0,1.0,101.38527499559403,0.0,"{""seabed"": 0.9077, ""auv"": 0.0923}"
model,ops_b_gop,50,23,cloud,784,675.991356812318,678.1589009555711,822.4519441749108,0.0,1.0,9.600000000007626,0.0,"{""cloud"": 1.0}"
model,ops_b_gop,50,23,sensor,784,44.80375275070922,44.14990068766529,74.23418338756387,1.0,1.0,98.92966472302476,0.0,"{""seabed"": 1.0}"
model,ops_b_gop,50,23,surface,784,308.47708857967774,316.6363019461924,427.9014416181979,0.012755102040816327,1.0,3569.9013177842194,0.0,"{""buoy"": 1.0}"
model,ops_b_gop,50,23,statopt,784,44.80375275070922,44.14990068766529,74.23418338756387,1.0,1.0,98.92966472302476,0.0,"{""seabed"": 1.0}"
model,ops_b_gop,50,23,cacgr,784,45.472301991823,44.769687731121664,74.23418338756387,1.0,1.0,90.42503644314289,0.0,"{""seabed"": 0.9043, ""auv"": 0.0957}"
model,ops_b_gop,50,24,cloud,813,607.5847757169157,617.9936153077521,723.7813622207245,0.0,1.0,9.600000000007594,0.0,"{""cloud"": 1.0}"
model,ops_b_gop,50,24,sensor,813,46.23576180478222,46.312881935969685,73.25908764713049,0.996309963099631,1.0,67.28290282898723,0.0,"{""seabed"": 1.0}"
model,ops_b_gop,50,24,surface,813,97.84209191426952,102.08809649723699,146.7689215283204,0.3948339483394834,1.0,3189.492796345044,0.0,"{""buoy"": 1.0}"
model,ops_b_gop,50,24,statopt,813,46.23576180478222,46.312881935969685,73.25908764713049,0.996309963099631,1.0,67.28290282898723,0.0,"{""seabed"": 1.0}"
model,ops_b_gop,50,24,cacgr,813,46.80475648933964,47.07162603518664,73.25908764713049,0.996309963099631,1.0,61.76725918112406,0.0,"{""seabed"": 0.9151, ""auv"": 0.0849}"
model,ops_b_gop,50,25,cloud,675,640.4470137727877,646.5666014692343,775.0358518694217,0.0,1.0,9.60000000000538,0.0,"{""cloud"": 1.0}"
model,ops_b_gop,50,25,sensor,675,44.36652115135679,44.7930126885607,71.73031416983333,0.9985185185185185,1.0,98.16402116400997,0.0,"{""seabed"": 1.0}"
model,ops_b_gop,50,25,surface,675,293.3572474417078,304.05687870468876,413.3212452567339,0.035555555555555556,1.0,4302.61329608461,0.0,"{""buoy"": 1.0}"
model,ops_b_gop,50,25,statopt,675,44.36652115135679,44.7930126885607,71.73031416983333,0.9985185185185185,1.0,98.16402116400997,0.0,"{""seabed"": 1.0}"
model,ops_b_gop,50,25,cacgr,675,44.80219374029564,45.14238693425529,71.73031416983333,0.9985185185185185,1.0,90.86726772485713,0.0,"{""seabed"": 0.9185, ""auv"": 0.0815}"
model,ops_b_gop,50,26,cloud,842,530.7590318264051,543.3799735625945,724.0073155109122,0.0,1.0,9.60000000000948,0.0,"{""cloud"": 1.0}"
model,ops_b_gop,50,26,sensor,842,45.4504692966981,45.80053306117758,72.76073729662373,1.0,1.0,113.91041737358167,0.0,"{""seabed"": 1.0}"
model,ops_b_gop,50,26,surface,842,319.589923007745,320.7524127328285,463.3879398406251,0.00831353919239905,1.0,3307.237499830302,0.0,"{""buoy"": 1.0}"
model,ops_b_gop,50,26,statopt,842,45.4504692966981,45.80053306117758,72.76073729662373,1.0,1.0,113.91041737358167,0.0,"{""seabed"": 1.0}"
model,ops_b_gop,50,26,cacgr,842,45.965052899940865,46.44953430953053,72.76073729662373,1.0,1.0,104.58158262638301,0.0,"{""seabed"": 0.9157, ""auv"": 0.0843}"
model,ops_b_gop,50,27,cloud,753,582.5402103333404,609.6520985223801,748.2226144621644,0.0,1.0,9.600000000009588,0.0,"{""cloud"": 1.0}"
model,ops_b_gop,50,27,sensor,753,43.02802003996495,42.35979252523927,70.54864605578642,0.9960159362549801,1.0,105.82754695503561,0.0,"{""seabed"": 1.0}"
model,ops_b_gop,50,27,surface,753,316.6170840416529,318.0499135021091,444.2931922815916,0.021248339973439574,1.0,3625.746173401602,0.0,"{""buoy"": 1.0}"
model,ops_b_gop,50,27,statopt,753,43.02802003996495,42.35979252523927,70.54864605578642,0.9960159362549801,1.0,105.82754695503561,0.0,"{""seabed"": 1.0}"
model,ops_b_gop,50,27,cacgr,753,43.645023171571644,42.794258175570576,70.86627676023313,0.9960159362549801,1.0,99.22446442800135,0.0,"{""seabed"": 0.9283, ""auv"": 0.0717}"
model,ops_b_gop,50,28,cloud,756,601.0053797688576,629.1884220969981,748.6158145493212,0.0,1.0,9.600000000006665,0.0,"{""cloud"": 1.0}"
model,ops_b_gop,50,28,sensor,756,46.28484841358765,45.84286777745195,77.12060362886253,0.9907407407407407,1.0,92.52343159484647,0.0,"{""seabed"": 1.0}"
model,ops_b_gop,50,28,surface,756,259.71469747188195,261.39044701839066,389.1041893210774,0.0291005291005291,1.0,3713.362854119387,0.0,"{""buoy"": 1.0}"
model,ops_b_gop,50,28,statopt,756,46.28484841358765,45.84286777745195,77.12060362886253,0.9907407407407407,1.0,92.52343159484647,0.0,"{""seabed"": 1.0}"
model,ops_b_gop,50,28,cacgr,756,46.813980475711155,46.28085677526887,77.12060362886253,0.9907407407407407,1.0,85.94975207859466,0.0,"{""seabed"": 0.9325, ""auv"": 0.0675}"
model,ops_b_gop,50,29,cloud,782,636.6549051682867,648.1523646333648,730.6103779796745,0.0,1.0,9.6000000000075,0.0,"{""cloud"": 1.0}"
model,ops_b_gop,50,29,sensor,782,42.308664546900715,41.03886092600502,71.23236039395576,1.0,1.0,117.19912312752444,0.0,"{""seabed"": 1.0}"
model,ops_b_gop,50,29,surface,782,318.98321965585416,317.6974231023299,450.6680813075789,0.010230179028132993,1.0,3524.2832356594595,0.0,"{""buoy"": 1.0}"
model,ops_b_gop,50,29,statopt,782,42.308664546900715,41.03886092600502,71.23236039395576,1.0,1.0,117.19912312752444,0.0,"{""seabed"": 1.0}"
model,ops_b_gop,50,29,cacgr,782,43.095776791743596,41.718291504278504,71.23236039395576,1.0,1.0,107.67727584948051,0.0,"{""seabed"": 0.9156, ""auv"": 0.0844}"
model,ops_b_gop,100,0,cloud,764,629.3356919833209,643.4501212429839,775.3528275438713,0.0,1.0,9.60000000000571,0.0,"{""cloud"": 1.0}"
model,ops_b_gop,100,0,sensor,764,47.383861745385815,46.981962158673454,74.52379220930061,0.9973821989528796,1.0,135.11518324607843,0.0,"{""seabed"": 1.0}"
model,ops_b_gop,100,0,surface,764,301.5051281480489,310.7450781781952,417.50816631824694,0.01832460732984293,1.0,3629.669564697053,0.0,"{""buoy"": 1.0}"
model,ops_b_gop,100,0,statopt,764,47.383861745385815,46.981962158673454,74.52379220930061,0.9973821989528796,1.0,135.11518324607843,0.0,"{""seabed"": 1.0}"
model,ops_b_gop,100,0,cacgr,764,47.84896222157804,47.84938087954712,74.52379220930061,0.9973821989528796,1.0,126.11040837696729,0.0,"{""seabed"": 0.9306, ""auv"": 0.0694}"
model,ops_b_gop,100,1,cloud,727,527.4105101520973,530.1164959986389,713.5346985108821,0.0,1.0,9.600000000007828,0.0,"{""cloud"": 1.0}"
model,ops_b_gop,100,1,sensor,727,45.59552296826955,45.360177578086706,73.70323155455094,0.9972489683631361,1.0,123.91982707800612,0.0,"{""seabed"": 1.0}"
model,ops_b_gop,100,1,surface,727,250.454425976649,255.36027112887533,374.9617248185614,0.03576341127922971,1.0,3857.4863147965875,0.0,"{""buoy"": 1.0}"
model,ops_b_gop,100,1,statopt,727,45.59552296826955,45.360177578086706,73.70323155455094,0.9972489683631361,1.0,123.91982707800612,0.0,"{""seabed"": 1.0}"
model,ops_b_gop,100,1,cacgr,727,45.96707996370922,45.63505206488456,73.70323155455094,0.9972489683631361,1.0,114.84152642954871,0.0,"{""seabed"": 0.923, ""auv"": 0.077}"
model,ops_b_gop,100,2,cloud,757,667.922835925324,660.1692646916723,807.9655756745648,0.0,1.0,9.600000000003769,0.0,"{""cloud"": 1.0}"
model,ops_b_gop,100,2,sensor,757,46.373321932907,45.88950082599622,76.70395764287899,1.0,1.0,131.49613134553823,0.0,"{""seabed"": 1.0}"
model,ops_b_gop,100,2,surface,757,320.34296808128056,324.98784523641905,436.5006953677732,0.003963011889035667,1.0,3689.6226306850044,0.0,"{""buoy"": 1.0}"
model,ops_b_gop,100,2,statopt,757,46.373321932907,45.88950082599622,76.70395764287899,1.0,1.0,131.49613134553823,0.0,"{""seabed"": 1.0}"
model,ops_b_gop,100,2,cacgr,757,46.57704353533275,46.27832665920723,76.70395764287899,1.0,1.0,123.6977422155132,0.0,"{""seabed"": 0.9379, ""auv"": 0.0621}"
model,ops_b_gop,100,3,cloud,758,562.2780360217655,599.9528018876564,693.9454154424596,0.0,1.0,9.600000000007029,0.0,"{""cloud"": 1.0}"
model,ops_b_gop,100,3,sensor,758,46.031392471799954,45.93499702949105,73.31003075331913,1.0,1.0,102.32039200901328,0.0,"{""seabed"": 1.0}"
model,ops_b_gop,100,3,surface,758,189.38266546806295,186.1461171561758,287.0831984047221,0.06728232189973615,1.0,3654.5074044477374,0.0,"{""buoy"": 1.0}"
model,ops_b_gop,100,3,statopt,758,46.031392471799954,45.93499702949105,73.31003075331913,1.0,1.0,102.32039200901328,0.0,"{""seabed"": 1.0}"
model,ops_b_gop,100,3,cacgr,758,46.422329037623015,46.40122200872884,73.31003075331913,1.0,1.0,94.4456569920531,0.0,"{""seabed"": 0.9182, ""auv"": 0.0818}"
model,ops_b_gop,100,4,cloud,790,622.2026828895139,620.2095514490611,768.2849051703613,0.0,1.0,9.600000000003964,0.0,"{""cloud"": 1.0}"
model,ops_b_gop,100,4,sensor,790,45.12257769647708,44.724092550189866,72.592740170162,0.9949367088607595,1.0,118.77215189872194,0.0,"{""seabed"": 1.0}"
model,ops_b_gop,100,4,surface,790,278.2061528850231,289.12665031275344,369.9166496253458,0.013924050632911392,1.0,3539.194473779348,0.0,"{""buoy"": 1.0}"
model,ops_b_gop,100,4,statopt,790,45.12257769647708,44.724092550189866,72.592740170162,0.9949367088607595,1.0,118.77215189872194,0.0,"{""seabed"": 1.0}"
model,ops_b_gop,100,4,cacgr,790,45.698265229780574,45.5157182788942,72.592740170162,0.9949367088607595,1.0,111.63512188063811,0.0,"{""seabed"": 0.938, ""auv"": 0.062}"
model,ops_b_gop,100,5,cloud,763,610.6694987251569,626.8617862183751,703.464951339131,0.0,1.0,9.600000000006274,0.0,"{""cloud"": 1.0}"
model,ops_b_gop,100,5,sensor,763,47.91369578042399,47.63525993114308,75.62624802204124,0.9921363040629095,1.0,137.89215502712906,0.0,"{""seabed"": 1.0}"
model,ops_b_gop,100,5,surface,763,272.87840943166873,262.77204916916696,422.6525871686498,0.019659239842726082,1.0,3705.556673282119,0.0,"{""buoy"": 1.0}"
model,ops_b_gop,100,5,statopt,763,47.91369578042399,47.63525993114308,75.62624802204124,0.9921363040629095,1.0,137.89215502712906,0.0,"{""seabed"": 1.0}"
model,ops_b_gop,100,5,cacgr,763,48.295156310582456,48.31225775375703,75.21317709343575,0.9921363040629095,1.0,127.35417637144702,0.0,"{""seabed"": 0.9187, ""auv"": 0.0813}"
model,ops_b_gop,100,6,cloud,729,586.2399115788182,598.4295083485327,745.9104120506196,0.0,1.0,9.600000000008261,0.0,"{""cloud"": 1.0}"
model,ops_b_gop,100,6,sensor,729,44.59047829325418,44.541473583960276,71.67587088760489,0.9986282578875172,1.0,116.76582402506536,0.0,"{""seabed"": 1.0}"
model,ops_b_gop,100,6,surface,729,268.6620996699197,271.85404390352073,395.5488808559981,0.02194787379972565,1.0,3780.267679404232,0.0,"{""buoy"": 1.0}"
model,ops_b_gop,100,6,statopt,729,44.59047829325418,44.541473583960276,71.67587088760489,0.9986282578875172,1.0,116.76582402506536,0.0,"{""seabed"": 1.0}"
model,ops_b_gop,100,6,cacgr,729,45.18377227142543,44.87251055906284,71.67587088760489,0.9986282578875172,1.0,106.62904801095758,0.0,"{""seabed"": 0.9122, ""auv"": 0.0878}"
model,ops_b_gop,100,7,cloud,757,621.7220418293866,650.8905001016678,729.7735355350217,0.0,1.0,9.600000000007762,0.0,"{""cloud"": 1.0}"
model,ops_b_gop,100,7,sensor,757,45.98902924496441,45.77173851237797,72.38373817359312,1.0,1.0,116.49330062274502,0.0,"{""seabed"": 1.0}"
model,ops_b_gop,100,7,surface,757,265.7332009956258,265.7006591176658,369.3043215311543,0.031704095112285335,1.0,3580.1304789582528,0.0,"{""buoy"": 1.0}"
model,ops_b_gop,100,7,statopt,757,45.98902924496441,45.77173851237797,72.38373817359312,1.0,1.0,116.49330062274502,0.0,"{""seabed"": 1.0}"
model,ops_b_gop,100,7,cacgr,757,46.540485797499564,46.74575182870031,72.38373817359312,1.0,1.0,109.56502887336052,0.0,"{""seabed"": 0.9326, ""auv"": 0.0674}"
model,ops_b_gop,100,8,cloud,772,537.6275059512866,536.5877135012184,760.942050713984,0.0,1.0,9.600000000006183,0.0,"{""cloud"": 1.0}"
model,ops_b_gop,100,8,sensor,772,42.931161020767256,42.12201196784554,72.28234129706084,0.9987046632124352,1.0,129.72020725386048,0.0,"{""seabed"": 1.0}"
model,ops_b_gop,100,8,surface,772,304.96655965357144,298.24876631306205,428.2340430346427,0.01683937823834197,1.0,3625.359928941482,0.0,"{""buoy"": 1.0}"
model,ops_b_gop,100,8,statopt,772,42.931161020767256,42.12201196784554,72.28234129706084,0.9987046632124352,1.0,129.72020725386048,0.0,"{""seabed"": 1.0}"
model,ops_b_gop,100,8,cacgr,772,43.750120627985844,43.35387926883018,72.28234129706084,0.9987046632124352,1.0,117.98646336045014,0.0,"{""seabed"": 0.908, ""auv"": 0.092}"
model,ops_b_gop,100,9,cloud,819,690.6208506919237,711.2057745893857,809.5468260985306,0.0,1.0,9.600000000006688,0.0,"{""cloud"": 1.0}"
model,ops_b_gop,100,9,sensor,819,45.105284860117564,44.62365638836939,73.70591706191269,0.9987789987789988,1.0,119.59113901969279,0.0,"{""seabed"": 1.0}"
model,ops_b_gop,100,9,surface,819,306.4285228755335,321.33514607762675,417.7737860809711,0.028083028083028084,1.0,3504.621583115251,0.0,"{""buoy"": 1.0}"
model,ops_b_gop,100,9,statopt,819,45.105284860117564,44.62365638836939,73.70591706191269,0.9987789987789988,1.0,119.59113901969279,0.0,"{""seabed"": 1.0}"
model,ops_b_gop,100,9,cacgr,819,45.66773857584221,44.866786463331906,73.70591706191269,0.9987789987789988,1.0,110.63853479851808,0.0,"{""seabed"": 0.9206, ""auv"": 0.0794}"
model,ops_b_gop,100,10,cloud,786,626.2285017793682,641.6355271622958,754.4846620250341,0.0,1.0,9.600000000004725,0.0,"{""cloud"": 1.0}"
model,ops_b_gop,100,10,sensor,786,44.98681926433269,44.59385396914734,72.08973426434777,1.0,1.0,129.15376226826362,0.0,"{""seabed"": 1.0}"
model,ops_b_gop,100,10,surface,786,298.88629091872923,315.287267283821,419.84877752201135,0.020356234096692113,1.0,3604.4651748454826,0.0,"{""buoy"": 1.0}"
model,ops_b_gop,100,10,statopt,786,44.98681926433269,44.59385396914734,72.08973426434777,1.0,1.0,129.15376226826362,0.0,"{""seabed"": 1.0}"
model,ops_b_gop,100,10,cacgr,786,45.30735577819356,44.82238661750441,71.98867076066729,1.0,1.0,118.55302071973499,0.0,"{""seabed"": 0.9173, ""auv"": 0.0827}"
model,ops_b_gop,100,11,cloud,770,641.5262688519165,644.1009843640592,725.945711490948,0.0,1.0,9.600000000005995,0.0,"{""cloud"": 1.0}"
model,ops_b_gop,100,11,sensor,770,47.29437421225675,48.12650302620429,73.71384924825324,0.9987012987012988,1.0,145.64564007420714,0.0,"{""seabed"": 1.0}"
model,ops_b_gop,100,11,surface,770,315.9926417672236,315.3069082407845,437.9938621890193,0.01948051948051948,1.0,3601.4239525046087,0.0,"{""buoy"": 1.0}"
model,ops_b_gop,100,11,statopt,770,47.29437421225675,48.12650302620429,73.71384924825324,0.9987012987012988,1.0,145.64564007420714,0.0,"{""seabed"": 1.0}"
model,ops_b_gop,100,11,cacgr,770,47.855912013720484,48.634731436815855,73.71384924825324,0.9987012987012988,1.0,137.14403265305782,0.0,"{""seabed"": 0.939, ""auv"": 0.061}"
model,ops_b_gop,100,12,cloud,792,685.0729190344472,694.7718048952808,800.0132496042556,0.0,1.0,9.600000000006,0.0,"{""cloud"": 1.0}"
model,ops_b_gop,100,12,sensor,792,44.85725556302331,44.7038402764026,73.93457555292544,0.9936868686868687,1.0,109.13383838381627,0.0,"{""seabed"": 1.0}"
model,ops_b_gop,100,12,surface,792,268.644502198336,288.13956839295236,374.0550262511802,0.06313131313131314,1.0,3533.8066378065864,0.0,"{""buoy"": 1.0}"
model,ops_b_gop,100,12,statopt,792,44.85725556302331,44.7038402764026,73.93457555292544,0.9936868686868687,1.0,109.13383838381627,0.0,"{""seabed"": 1.0}"
model,ops_b_gop,100,12,cacgr,792,45.33264493762278,45.13249405891481,73.93457555292544,0.9936868686868687,1.0,99.85847907645964,0.0,"{""seabed"": 0.9167, ""auv"": 0.0833}"
model,ops_b_gop,100,13,cloud,769,595.5076124036962,613.6445513501753,683.8945795271987,0.0,1.0,9.600000000004503,0.0,"{""cloud"": 1.0}"
model,ops_b_gop,100,13,sensor,769,45.94072937006162,45.86311220096007,73.95067445170899,0.9934980494148244,1.0,96.53836150841576,0.0,"{""seabed"": 1.0}"
model,ops_b_gop,100,13,surface,769,109.69811272905618,101.73295868872992,186.83627307461418,0.3992197659297789,1.0,3509.344407207817,0.0,"{""buoy"": 1.0}"
model,ops_b_gop,100,13,statopt,769,45.94072937006162,45.86311220096007,73.95067445170899,0.9934980494148244,1.0,96.53836150841576,0.0,"{""seabed"": 1.0}"
model,ops_b_gop,100,13,cacgr,769,46.48434401681352,46.286683887725665,73.95067445170899,0.9934980494148244,1.0,88.28597584986242,0.0,"{""seabed"": 0.9142, ""auv"": 0.0858}"
model,ops_b_gop,100,14,cloud,750,595.9298872645263,617.5902708750116,736.7891141030967,0.0,1.0,9.600000000005632,0.0,"{""cloud"": 1.0}"
model,ops_b_gop,100,14,sensor,750,46.84495007901598,46.05705289077123,75.93979336963086,0.9973333333333333,1.0,109.8095238095049,0.0,"{""seabed"": 1.0}"
model,ops_b_gop,100,14,surface,750,252.36956867834502,263.41587878017043,352.09554947783914,0.030666666666666665,1.0,3640.1756220951925,0.0,"{""buoy"": 1.0}"
model,ops_b_gop,100,14,statopt,750,46.84495007901598,46.05705289077123,75.93979336963086,0.9973333333333333,1.0,109.8095238095049,0.0,"{""seabed"": 1.0}"
model,ops_b_gop,100,14,cacgr,750,47.49405878633495,46.894420536188655,75.93979336963086,0.9973333333333333,1.0,101.30588647617347,0.0,"{""seabed"": 0.9227, ""auv"": 0.0773}"
model,ops_b_gop,100,15,cloud,770,567.9435978672295,607.2534111405225,702.1686947739157,0.0,1.0,9.600000000004483,0.0,"{""cloud"": 1.0}"
model,ops_b_gop,100,15,sensor,770,47.29399043507835,47.19959211582718,74.5636990152699,1.0,1.0,104.96846011128922,0.0,"{""seabed"": 1.0}"
model,ops_b_gop,100,15,surface,770,197.84965059384504,205.95241291135486,274.3347225590181,0.06493506493506493,1.0,3560.4909298700773,0.0,"{""buoy"": 1.0}"
model,ops_b_gop,100,15,statopt,770,47.29399043507835,47.19959211582718,74.5636990152699,1.0,1.0,104.96846011128922,0.0,"{""seabed"": 1.0}"
model,ops_b_gop,100,15,cacgr,770,47.856967141998574,47.67268097554227,74.5636990152699,1.0,1.0,96.56709758809937,0.0,"{""seabed"": 0.9195, ""auv"": 0.0805}"
model,ops_b_gop,100,16,cloud,748,596.7892599629118,607.8388373252586,745.0924620957028,0.0,1.0,9.600000000006327,0.0,"{""cloud"": 1.0}"
model,ops_b_gop,100,16,sensor,748,47.407567040246356,47.50283235948324,73.9191741891741,1.0,1.0,97.64553093960949,0.0,"{""seabed"": 1.0}"
model,ops_b_gop,100,16,surface,748,104.61235404065764,106.42364881454596,154.03413231413776,0.3342245989304813,1.0,3638.365689839508,0.0,"{""buoy"": 1.0}"
model,ops_b_gop,100,16,statopt,748,47.407567040246356,47.50283235948324,73.9191741891741,1.0,1.0,97.64553093960949,0.0,"{""seabed"": 1.0}"
model,ops_b_gop,100,16,cacgr,748,47.6648063004806,47.78612373824823,73.9191741891741,1.0,1.0,91.92048281126841,0.0,"{""seabed"": 0.9385, ""auv"": 0.0615}"
model,ops_b_gop,100,17,cloud,733,594.9453837246224,606.1385751182534,707.0621413078255,0.0,1.0,9.60000000000642,0.0,"{""cloud"": 1.0}"
model,ops_b_gop,100,17,sensor,733,46.1813742854686,46.543924974876184,75.22525817721437,0.9986357435197817,1.0,149.93412590140088,0.0,"{""seabed"": 1.0}"
model,ops_b_gop,100,17,surface,733,319.6895090894908,311.56536024251886,461.5737236777194,0.0068212824010914054,1.0,3974.1134125901185,0.0,"{""buoy"": 1.0}"
model,ops_b_gop,100,17,statopt,733,46.1813742854686,46.543924974876184,75.22525817721437,0.9986357435197817,1.0,149.93412590140088,0.0,"{""seabed"": 1.0}"
model,ops_b_gop,100,17,cacgr,733,46.430887678346295,46.74717135561708,75.22525817721437,0.9986357435197817,1.0,139.3494008965255,0.0,"{""seabed"": 0.9291, ""auv"": 0.0709}"
model,ops_b_gop,100,18,cloud,782,574.3360664465376,593.6302950446664,675.1588806497693,0.0,1.0,9.600000000006132,0.0,"{""cloud"": 1.0}"
model,ops_b_gop,100,18,sensor,782,44.91082951129009,44.820094850592916,70.65138146763353,1.0,1.0,92.23565948114128,0.0,"{""seabed"": 1.0}"
model,ops_b_gop,100,18,surface,782,79.34879686856839,74.73034739905721,134.90434305933178,0.6521739130434783,1.0,3184.3198421628886,0.0,"{""buoy"": 1.0}"
model,ops_b_gop,100,18,statopt,782,44.91082951129009,44.820094850592916,70.65138146763353,1.0,1.0,92.23565948114128,0.0,"{""seabed"": 1.0}"
model,ops_b_gop,100,18,cacgr,782,45.66897558860741,45.37981838988329,71.06055388115547,1.0,1.0,85.80535769086264,0.0,"{""seabed"": 0.9284, ""auv"": 0.0716}"
model,ops_b_gop,100,19,cloud,753,639.7196001607797,648.0089287221999,732.0382709828986,0.0,1.0,9.600000000007444,0.0,"{""cloud"": 1.0}"
model,ops_b_gop,100,19,sensor,753,48.469249227935585,47.503995367579286,77.74427074441472,0.9960159362549801,1.0,159.38000379435564,0.0,"{""seabed"": 1.0}"
model,ops_b_gop,100,19,surface,753,345.3033797510128,351.58597032487165,482.74053537306605,0.00796812749003984,1.0,3633.394531587915,0.0,"{""buoy"": 1.0}"
model,ops_b_gop,100,19,statopt,753,48.469249227935585,47.503995367579286,77.74427074441472,0.9960159362549801,1.0,159.38000379435564,0.0,"{""seabed"": 1.0}"
model,ops_b_gop,100,19,cacgr,753,48.90411705519561,48.12139458994328,77.74427074441472,0.9960159362549801,1.0,146.63619958262973,0.0,"{""seabed"": 0.9124, ""auv"": 0.0876}"
model,ops_b_gop,100,20,cloud,812,652.171083722829,648.4703712034113,760.9572147968468,0.0,1.0,9.600000000007316,0.0,"{""cloud"": 1.0}"
model,ops_b_gop,100,20,sensor,812,44.96942682061078,45.10939947438831,72.46740117786233,0.9963054187192119,1.0,144.84834623503863,0.0,"{""seabed"": 1.0}"
model,ops_b_gop,100,20,surface,812,349.9816777650595,356.02831563524654,487.38022475715303,0.009852216748768473,1.0,3425.834482758592,0.0,"{""buoy"": 1.0}"
model,ops_b_gop,100,20,statopt,812,44.96942682061078,45.10939947438831,72.46740117786233,0.9963054187192119,1.0,144.84834623503863,0.0,"{""seabed"": 1.0}"
model,ops_b_gop,100,20,cacgr,812,45.265024122890075,45.4351378023263,72.46740117786233,0.9963054187192119,1.0,136.59342434904377,0.0,"{""seabed"": 0.9409, ""auv"": 0.0591}"
model,ops_b_gop,100,21,cloud,770,628.9115168953838,637.0237058713883,753.636139365911,0.0,1.0,9.600000000005952,0.0,"{""cloud"": 1.0}"
model,ops_b_gop,100,21,sensor,770,45.29579334445844,44.61291688550658,75.86790887512183,0.9961038961038962,1.0,129.17996289424607,0.0,"{""seabed"": 1.0}"
model,ops_b_gop,100,21,surface,770,302.9819769739978,305.09061650612693,410.45946595824,0.016883116883116882,1.0,3731.265656400709,0.0,"{""buoy"": 1.0}"
model,ops_b_gop,100,21,statopt,770,45.29579334445844,44.61291688550658,75.86790887512183,0.9961038961038962,1.0,129.17996289424607,0.0,"{""seabed"": 1.0}"
model,ops_b_gop,100,21,cacgr,770,46.247344118763884,45.85542234527743,75.86790887512183,0.9961038961038962,1.0,117.43628942485778,0.0,"{""seabed"": 0.9026, ""auv"": 0.0974}"
model,ops_b_gop,100,22,cloud,813,630.6798256678379,659.0440334440183,820.7210076060402,0.0,1.0,9.60000000000813,0.0,"{""cloud"": 1.0}"
model,ops_b_gop,100,22,sensor,813,46.02123548326169,45.92449733861043,73.16161377426427,1.0,1.0,137.26620980494172,0.0,"{""seabed"": 1.0}"
model,ops_b_gop,100,22,surface,813,342.70726626929064,348.55440978874634,470.9503681308566,0.014760147601476014,1.0,3555.1181950447713,0.0,"{""buoy"": 1.0}"
model,ops_b_gop,100,22,statopt,813,46.02123548326169,45.92449733861043,73.16161377426427,1.0,1.0,137.26620980494172,0.0,"{""seabed"": 1.0}"
model,ops_b_gop,100,22,cacgr,813,46.890464286760775,46.89030172224981,73.16161377426427,1.0,1.0,124.07900193286342,0.0,"{""seabed"": 0.9077, ""auv"": 0.0923}"
model,ops_b_gop,100,23,cloud,784,675.9915234789846,678.1590676222373,822.4521108415771,0.0,1.0,9.600000000007626,0.0,"{""cloud"": 1.0}"
model,ops_b_gop,100,23,sensor,784,45.288488013259105,44.574932470137355,74.80629691974006,0.9987244897959183,1.0,123.92966472302476,0.0,"{""seabed"": 1.0}"
model,ops_b_gop,100,23,surface,784,309.40466942190034,316.6363019461924,429.9473012718329,0.012755102040816327,1.0,3569.9013177842194,0.0,"{""buoy"": 1.0}"
model,ops_b_gop,100,23,statopt,784,45.288488013259105,44.574932470137355,74.80629691974006,0.9987244897959183,1.0,123.92966472302476,0.0,"{""seabed"": 1.0}"
model,ops_b_gop,100,23,cacgr,784,45.95703724076745,45.28729906724972,74.80629691974006,0.9987244897959183,1.0,112.78795335276389,0.0,"{""seabed"": 0.9031, ""auv"": 0.0969}"
model,ops_b_gop,100,24,cloud,813,607.5849423835823,617.9937819744184,723.7815288873913,0.0,1.0,9.600000000007594,0.0,"{""cloud"": 1.0}"
model,ops_b_gop,100,24,sensor,813,47.20406366351982,47.54181177991122,75.21685354311781,0.993849938499385,1.0,92.28290282898723,0.0,"{""seabed"": 1.0}"
model,ops_b_gop,100,24,surface,813,97.991068266657,102.30518787511804,146.7689215283204,0.3936039360393604,1.0,3189.492796345044,0.0,"{""buoy"": 1.0}"
model,ops_b_gop,100,24,statopt,813,47.20406366351982,47.54181177991122,75.21685354311781,0.993849938499385,1.0,92.28290282898723,0.0,"{""seabed"": 1.0}"
model,ops_b_gop,100,24,cacgr,813,47.72131784658422,48.54544132865291,75.21685354311781,0.993849938499385,1.0,84.54053066241039,0.0,"{""seabed"": 0.9139, ""auv"": 0.0861}"
model,ops_b_gop,100,25,cloud,675,640.4471804394543,646.5667681359007,775.036018536088,0.0,1.0,9.60000000000538,0.0,"{""cloud"": 1.0}"
model,ops_b_gop,100,25,sensor,675,45.22087051969931,45.324353526028425,72.55396071405704,0.9985185185185185,1.0,123.16402116401011,0.0,"{""seabed"": 1.0}"
model,ops_b_gop,100,25,surface,675,293.5971722961503,304.05687870468876,413.3212452567339,0.035555555555555556,1.0,4302.61329608461,0.0,"{""buoy"": 1.0}"
model,ops_b_gop,100,25,statopt,675,45.22087051969931,45.324353526028425,72.55396071405704,0.9985185185185185,1.0,123.16402116401011,0.0,"{""seabed"": 1.0}"
model,ops_b_gop,100,25,cacgr,675,45.523529283988196,45.76481280355244,72.55396071405704,0.9985185185185185,1.0,113.83023068782025,0.0,"{""seabed"": 0.9185, ""auv"": 0.0815}"
model,ops_b_gop,100,26,cloud,842,530.7591984930717,543.3801402292612,724.0074821775785,0.0,1.0,9.60000000000948,0.0,"{""cloud"": 1.0}"
model,ops_b_gop,100,26,sensor,842,46.15209654820201,46.527066264059734,73.45994540185217,1.0,1.0,138.91041737358157,0.0,"{""seabed"": 1.0}"
model,ops_b_gop,100,26,surface,842,323.0433110859471,323.3137808991318,463.3879398406251,0.0035629453681710215,1.0,3307.237499830302,0.0,"{""buoy"": 1.0}"
model,ops_b_gop,100,26,statopt,842,46.15209654820201,46.527066264059734,73.45994540185217,1.0,1.0,138.91041737358157,0.0,"{""seabed"": 1.0}"
model,ops_b_gop,100,26,cacgr,842,46.61126476063993,47.123750139143034,73.45994540185217,1.0,1.0,127.47350661688168,0.0,"{""seabed"": 0.9157, ""auv"": 0.0843}"
model,ops_b_gop,100,27,cloud,753,582.5403770000069,609.652265189047,748.2227811288308,0.0,1.0,9.600000000009588,0.0,"{""cloud"": 1.0}"
model,ops_b_gop,100,27,sensor,753,43.94480143797273,43.155639279979134,71.12045157695187,0.9960159362549801,1.0,130.82754695503561,0.0,"{""seabed"": 1.0}"
model,ops_b_gop,100,27,surface,753,318.98163462590196,321.7493167697521,444.2931922815916,0.0199203187250996,1.0,3625.746173401602,0.0,"{""buoy"": 1.0}"
model,ops_b_gop,100,27,statopt,753,43.94480143797273,43.155639279979134,71.12045157695187,0.9960159362549801,1.0,130.82754695503561,0.0,"{""seabed"": 1.0}"
model,ops_b_gop,100,27,cacgr,753,44.48323928248678,43.7465890602912,71.43088769174025,0.9960159362549801,1.0,122.43163574274239,0.0,"{""seabed"": 0.9283, ""auv"": 0.0717}"
model,ops_b_gop,100,28,cloud,756,601.0055464355241,629.1885887636647,748.615981215988,0.0,1.0,9.600000000006665,0.0,"{""cloud"": 1.0}"
model,ops_b_gop,100,28,sensor,756,47.14623481827379,46.599037110830494,77.77375809448829,0.9894179894179894,1.0,117.52343159484647,0.0,"{""seabed"": 1.0}"
model,ops_b_gop,100,28,surface,756,260.0253395910721,261.4744219010609,390.0124156481339,0.026455026455026454,1.0,3713.362854119387,0.0,"{""buoy"": 1.0}"
model,ops_b_gop,100,28,statopt,756,47.14623481827379,46.599037110830494,77.77375809448829,0.9894179894179894,1.0,117.52343159484647,0.0,"{""seabed"": 1.0}"
model,ops_b_gop,100,28,cacgr,756,47.675366890979305,47.056786798286154,77.77375809448829,0.9894179894179894,1.0,109.15037339378735,0.0,"{""seabed"": 0.9312, ""auv"": 0.0688}"
model,ops_b_gop,100,29,cloud,782,636.6550718349534,648.1525313000313,730.6105446463413,0.0,1.0,9.6000000000075,0.0,"{""cloud"": 1.0}"
model,ops_b_gop,100,29,sensor,782,42.820990216933474,41.53864224111069,71.59268319049616,1.0,1.0,142.19912312752444,0.0,"{""seabed"": 1.0}"
model,ops_b_gop,100,29,surface,782,319.3293472986234,317.6974297689964,450.6680813075789,0.010230179028132993,1.0,3524.2832356594595,0.0,"{""buoy"": 1.0}"
model,ops_b_gop,100,29,statopt,782,42.820990216933474,41.53864224111069,71.59268319049616,1.0,1.0,142.19912312752444,0.0,"{""seabed"": 1.0}"
model,ops_b_gop,100,29,cacgr,782,43.494264784554595,42.277874172413675,71.59268319049616,1.0,1.0,130.41251297041583,0.0,"{""seabed"": 0.9143, ""auv"": 0.0857}"
model,ops_b_gop,200,0,cloud,764,629.3360253166544,643.4504545763173,775.3531608772048,0.0,1.0,9.60000000000571,0.0,"{""cloud"": 1.0}"
model,ops_b_gop,200,0,sensor,764,49.29266424422974,49.30019414994931,75.86634504104819,0.9947643979057592,1.0,185.1151832460781,0.0,"{""seabed"": 1.0}"
model,ops_b_gop,200,0,surface,764,304.15898858966614,313.75997941823863,418.99267746791696,0.01832460732984293,1.0,3629.669564697053,0.0,"{""buoy"": 1.0}"
model,ops_b_gop,200,0,statopt,764,49.763718210769134,50.17308920410585,76.74081793831479,0.9947643979057592,1.0,1246.6148092744927,0.0,"{""seabed"": 0.6099, ""cloud"": 0.3901}"
model,ops_b_gop,200,0,cacgr,764,49.68550203983962,50.23159286506962,75.86634504104819,0.9947643979057592,1.0,172.64182198953245,0.0,"{""seabed"": 0.9306, ""auv"": 0.0694}"
model,ops_b_gop,200,1,cloud,727,527.4108434854307,530.1168293319723,713.5350318442156,0.0,1.0,9.600000000007828,0.0,"{""cloud"": 1.0}"
model,ops_b_gop,200,1,sensor,727,46.80563646445192,46.31508658270856,74.1463868203556,0.9972489683631361,1.0,173.9198270780056,0.0,"{""seabed"": 1.0}"
model,ops_b_gop,200,1,surface,727,252.48243279103764,257.1551228358221,377.1548016876631,0.03576341127922971,1.0,3857.4863147965875,0.0,"{""buoy"": 1.0}"
model,ops_b_gop,200,1,statopt,727,47.63249413636259,47.21665947750686,74.43583990885854,0.9972489683631361,1.0,1536.5057968166484,0.0,"{""cloud"": 0.5007, ""seabed"": 0.4993}"
model,ops_b_gop,200,1,cacgr,727,47.04021639803691,46.59626079572529,74.1463868203556,0.9972489683631361,1.0,160.99008213793888,0.0,"{""seabed"": 0.923, ""auv"": 0.077}"
model,ops_b_gop,200,2,cloud,757,667.9231692586574,660.1695980250059,807.9659090078982,0.0,1.0,9.600000000003769,0.0,"{""cloud"": 1.0}"
model,ops_b_gop,200,2,sensor,757,47.995526795691795,47.85088032591351,76.88333010349581,0.9986789960369881,1.0,181.4961313455382,0.0,"{""seabed"": 1.0}"
model,ops_b_gop,200,2,surface,757,327.12407286065525,335.29827906399464,436.5006953677732,0.003963011889035667,1.0,3689.6226306850044,0.0,"{""buoy"": 1.0}"
model,ops_b_gop,200,2,statopt,757,48.67872995319038,48.44842001829035,78.59746701314927,0.9986789960369881,1.0,1565.5780335912361,0.0,"{""cloud"": 0.5086, ""seabed"": 0.4914}"
model,ops_b_gop,200,2,cacgr,757,48.033669278675326,47.89699122289652,76.86852689634036,1.0,1.0,170.59338290243528,0.0,"{""seabed"": 0.9379, ""auv"": 0.0621}"
model,ops_b_gop,200,3,cloud,758,562.278369355099,599.9531352209898,693.9457487757929,0.0,1.0,9.600000000007029,0.0,"{""cloud"": 1.0}"
model,ops_b_gop,200,3,sensor,758,47.82817575926991,48.43467541611869,74.8228113018622,0.9986807387862797,1.0,152.32039200901298,0.0,"{""seabed"": 1.0}"
model,ops_b_gop,200,3,surface,758,189.58321809720147,186.35592895758737,287.0831984047221,0.06464379947229551,1.0,3654.5074044477374,0.0,"{""buoy"": 1.0}"
model,ops_b_gop,200,3,statopt,758,49.417756135764776,49.8688300149716,76.25604750506794,0.996042216358839,1.0,1760.7636637768123,0.0,"{""cloud"": 0.591, ""seabed"": 0.409}"
model,ops_b_gop,200,3,cacgr,758,48.219112325092986,48.93742868846417,74.8228113018622,0.9986807387862797,1.0,140.35594722951984,0.0,"{""seabed"": 0.9182, ""auv"": 0.0818}"
model,ops_b_gop,200,4,cloud,790,622.2030162228474,620.2098847823947,768.2852385036947,0.0,1.0,9.600000000003964,0.0,"{""cloud"": 1.0}"
model,ops_b_gop,200,4,sensor,790,46.51208071440413,45.79918783642606,74.22277033482244,0.9949367088607595,1.0,168.7721518987218,0.0,"{""seabed"": 1.0}"
model,ops_b_gop,200,4,surface,790,279.7122944441833,290.71832305260057,369.9166496253458,0.013924050632911392,1.0,3539.194473779348,0.0,"{""buoy"": 1.0}"
model,ops_b_gop,200,4,statopt,790,47.09815371394638,46.409687864222605,74.81507600201874,0.9924050632911392,1.0,1150.5533453887697,0.0,"{""seabed"": 0.6392, ""cloud"": 0.3608}"
model,ops_b_gop,200,4,cacgr,790,46.85575575637525,46.36834553062105,74.0507714668624,0.9949367088607595,1.0,165.42354864374826,0.0,"{""seabed"": 0.9354, ""auv"": 0.062, ""sat"": 0.0025}"
model,ops_b_gop,200,5,cloud,763,610.6698320584903,626.8621195517082,703.4652846724646,0.0,1.0,9.600000000006274,0.0,"{""cloud"": 1.0}"
model,ops_b_gop,200,5,sensor,763,49.4233090091277,49.49203157465624,76.45202228049537,0.9908256880733946,1.0,187.8921550271291,0.0,"{""seabed"": 1.0}"
model,ops_b_gop,200,5,surface,763,273.8850175084073,263.8789567060451,422.6525871686498,0.019659239842726082,1.0,3705.556673282119,0.0,"{""buoy"": 1.0}"
model,ops_b_gop,200,5,statopt,763,50.08923750267778,50.09042366329729,76.68829992297789,0.9908256880733946,1.0,1525.4225800411625,0.0,"{""seabed"": 0.5085, ""cloud"": 0.4915}"
model,ops_b_gop,200,5,cacgr,763,49.6425527467888,49.692389311107824,76.40297298024214,0.9908256880733946,1.0,173.11390076762754,0.0,"{""seabed"": 0.9174, ""auv"": 0.0826}"
model,ops_b_gop,200,6,cloud,729,586.2402449121516,598.4298416818664,745.910745383953,0.0,1.0,9.600000000008261,0.0,"{""cloud"": 1.0}"
model,ops_b_gop,200,6,sensor,729,46.63981962554355,45.73290896102359,75.20837827841729,0.9945130315500685,1.0,166.7658240250654,0.0,"{""seabed"": 1.0}"
model,ops_b_gop,200,6,surface,729,269.58177021682206,273.97822748556905,395.5488808559981,0.02194787379972565,1.0,3780.267679404232,0.0,"{""buoy"": 1.0}"
model,ops_b_gop,200,6,statopt,729,47.10856730774767,46.33110375160395,75.20850467841728,0.9945130315500685,1.0,1226.965706447163,0.0,"{""seabed"": 0.6104, ""cloud"": 0.3896}"
model,ops_b_gop,200,6,cacgr,729,46.921906704954026,46.12736461733851,74.95677393176263,0.9945130315500685,1.0,154.79942621985458,0.0,"{""seabed"": 0.904, ""auv"": 0.0947, ""sat"": 0.0014}"
model,ops_b_gop,200,7,cloud,757,621.7223751627201,650.8908334350015,729.7738688683553,0.0,1.0,9.600000000007762,0.0,"{""cloud"": 1.0}"
model,ops_b_gop,200,7,sensor,757,47.69319915669597,47.37391221335286,74.65734274572581,1.0,1.0,166.49330062274504,0.0,"{""seabed"": 1.0}"
model,ops_b_gop,200,7,surface,757,266.3178280382446,265.700664450999,370.6062586858421,0.031704095112285335,1.0,3580.1304789582528,0.0,"{""buoy"": 1.0}"
model,ops_b_gop,200,7,statopt,757,48.379635599653916,48.38476859319993,75.99778519198125,1.0,1.0,1457.1047367427586,0.0,"{""seabed"": 0.5258, ""cloud"": 0.4742}"
model,ops_b_gop,200,7,cacgr,757,48.07887524794264,47.849479667087024,74.55071667376326,1.0,1.0,159.7914866955911,0.0,"{""seabed"": 0.9313, ""auv"": 0.0674, ""sat"": 0.0013}"
model,ops_b_gop,200,8,cloud,772,537.6278392846201,536.5880468345517,760.9423840473175,0.0,1.0,9.600000000006183,0.0,"{""cloud"": 1.0}"
model,ops_b_gop,200,8,sensor,772,44.60376649755421,43.56429290548804,74.27723029553819,0.9987046632124352,1.0,179.72020725386048,0.0,"{""seabed"": 1.0}"
model,ops_b_gop,200,8,surface,772,305.96624983412676,298.24876631306205,434.81588404762516,0.01683937823834197,1.0,3625.359928941482,0.0,"{""buoy"": 1.0}"
model,ops_b_gop,200,8,statopt,772,47.0009099948843,45.508516293964476,77.16624721704478,0.9935233160621761,1.0,1815.3974833456332,0.0,"{""cloud"": 0.601, ""seabed"": 0.399}"
model,ops_b_gop,200,8,cacgr,772,45.24924800808149,44.23821545288447,73.92091076914325,0.9987046632124352,1.0,162.99115914135348,0.0,"{""seabed"": 0.9054, ""auv"": 0.0946}"
model,ops_b_gop,200,9,cloud,819,690.6211840252571,711.2061079227193,809.5471594318641,0.0,1.0,9.600000000006688,0.0,"{""cloud"": 1.0}"
model,ops_b_gop,200,9,sensor,819,46.599975879125246,45.98864421591061,75.15510872167451,0.9987789987789988,1.0,169.59113901969278,0.0,"{""seabed"": 1.0}"
model,ops_b_gop,200,9,surface,819,308.501507713378,321.5042438892844,423.2275273133131,0.028083028083028084,1.0,3504.621583115251,0.0,"{""buoy"": 1.0}"
model,ops_b_gop,200,9,statopt,819,48.34433829682925,47.37786365770638,76.99044494617374,0.9987789987789988,1.0,1824.379208093465,0.0,"{""cloud"": 0.6081, ""seabed"": 0.3919}"
model,ops_b_gop,200,9,cacgr,819,46.93402758111834,46.126719926410445,75.00161444798573,0.9987789987789988,1.0,156.17456549797762,0.0,"{""seabed"": 0.917, ""auv"": 0.083}"
model,ops_b_gop,200,10,cloud,786,626.2288351127019,641.635860495629,754.4849953583677,0.0,1.0,9.600000000004725,0.0,"{""cloud"": 1.0}"
model,ops_b_gop,200,10,sensor,786,47.17980995934148,46.53475511855334,73.99667689427085,0.9987277353689568,1.0,179.15376226826362,0.0,"{""seabed"": 1.0}"
model,ops_b_gop,200,10,surface,786,300.74955071962523,315.287267283821,420.32664237880067,0.020356234096692113,1.0,3604.4651748454826,0.0,"{""buoy"": 1.0}"
model,ops_b_gop,200,10,statopt,786,48.550261727539116,47.78043814259084,75.17744830070893,0.9987277353689568,1.0,1848.0196292257222,0.0,"{""cloud"": 0.6132, ""seabed"": 0.3868}"
model,ops_b_gop,200,10,cacgr,786,47.384449499034446,46.65417145969817,73.718305805893,0.9987277353689568,1.0,164.24598473282128,0.0,"{""seabed"": 0.916, ""auv"": 0.084}"
model,ops_b_gop,200,11,cloud,770,641.52660218525,644.1013176973926,725.9460448242813,0.0,1.0,9.600000000005995,0.0,"{""cloud"": 1.0}"
model,ops_b_gop,200,11,sensor,770,49.10449865927076,49.685794277591185,76.19075704127972,0.9948051948051948,1.0,195.64564007420702,0.0,"{""seabed"": 1.0}"
model,ops_b_gop,200,11,surface,770,316.10023952126556,315.3069082407845,437.9938621890193,0.01948051948051948,1.0,3601.4239525046087,0.0,"{""buoy"": 1.0}"
model,ops_b_gop,200,11,statopt,770,49.58508000614974,50.034172723555095,76.46379036944207,0.9948051948051948,1.0,1195.8589981447017,0.0,"{""seabed"": 0.6325, ""cloud"": 0.3675}"
model,ops_b_gop,200,11,cacgr,770,49.47587037220706,50.033646056888394,76.19075704127972,0.9948051948051948,1.0,184.0920846011097,0.0,"{""seabed"": 0.939, ""auv"": 0.061}"
model,ops_b_gop,200,12,cloud,792,685.0732523677806,694.7721382286142,800.0135829375888,0.0,1.0,9.600000000006,0.0,"{""cloud"": 1.0}"
model,ops_b_gop,200,12,sensor,792,47.277409177035075,46.67444340690272,77.20553610996909,0.9873737373737373,1.0,159.13383838381625,0.0,"{""seabed"": 1.0}"
model,ops_b_gop,200,12,surface,792,268.7920172463209,288.13956839295236,375.5977350696029,0.06313131313131314,1.0,3533.8066378065864,0.0,"{""buoy"": 1.0}"
model,ops_b_gop,200,12,statopt,792,49.20797314439899,48.14485900541355,81.42791739215478,0.9772727272727273,1.0,1901.260461760428,0.0,"{""cloud"": 0.6402, ""seabed"": 0.3598}"
model,ops_b_gop,200,12,cacgr,792,47.61794631281092,46.94639003030655,76.60128845640202,0.9886363636363636,1.0,145.30497546895592,0.0,"{""seabed"": 0.9141, ""auv"": 0.0859}"
model,ops_b_gop,200,13,cloud,769,595.5079457370298,613.644884683509,683.894912860532,0.0,1.0,9.600000000004503,0.0,"{""cloud"": 1.0}"
model,ops_b_gop,200,13,sensor,769,47.49266587239395,47.35613176949846,75.05822057356069,0.9934980494148244,1.0,146.53836150841582,0.0,"{""seabed"": 1.0}"
model,ops_b_gop,200,13,surface,769,109.94577790686863,101.8912870185859,186.93546589503134,0.3953185955786736,1.0,3509.344407207817,0.0,"{""buoy"": 1.0}"
model,ops_b_gop,200,13,statopt,769,49.87159080212751,49.296959454620236,76.37167263900882,0.9908972691807543,1.0,2191.8574564368805,0.0,"{""cloud"": 0.7529, ""seabed"": 0.2471}"
model,ops_b_gop,200,13,cacgr,769,47.9299286631461,47.7607798646243,75.05822057356069,0.9934980494148244,1.0,133.9946884636466,0.0,"{""seabed"": 0.9142, ""auv"": 0.0858}"
model,ops_b_gop,200,14,cloud,750,595.9302205978597,617.5906042083453,736.7894474364299,0.0,1.0,9.600000000005632,0.0,"{""cloud"": 1.0}"
model,ops_b_gop,200,14,sensor,750,49.27086568448601,48.277758059787026,79.28205037814254,0.9946666666666667,1.0,159.80952380950453,0.0,"{""seabed"": 1.0}"
model,ops_b_gop,200,14,surface,750,252.6248799528131,263.41587878017043,352.09554947783914,0.030666666666666665,1.0,3640.1756220951925,0.0,"{""buoy"": 1.0}"
model,ops_b_gop,200,14,statopt,750,50.684711535991205,49.69993116003431,80.99910413170606,0.992,1.0,1843.4666666666355,0.0,"{""cloud"": 0.6187, ""seabed"": 0.3813}"
model,ops_b_gop,200,14,cacgr,750,49.84174809205505,48.492931849181694,79.28205037814254,0.9946666666666667,1.0,146.6698392380778,0.0,"{""seabed"": 0.9173, ""auv"": 0.0827}"
model,ops_b_gop,200,15,cloud,770,567.9439312005629,607.2537444738559,702.1690281072492,0.0,1.0,9.600000000004483,0.0,"{""cloud"": 1.0}"
model,ops_b_gop,200,15,sensor,770,48.41059332988197,47.89544808300149,75.80045802957913,0.9987012987012988,1.0,154.96846011128926,0.0,"{""seabed"": 1.0}"
model,ops_b_gop,200,15,surface,770,198.43290211669648,206.12692578501986,275.68729683804224,0.06493506493506493,1.0,3560.4909298700773,0.0,"{""buoy"": 1.0}"
model,ops_b_gop,200,15,statopt,770,50.05653068189413,48.99223395857902,77.7992546016988,0.9974025974025974,1.0,1561.628942486048,0.0,"{""cloud"": 0.5169, ""seabed"": 0.4831}"
model,ops_b_gop,200,15,cacgr,770,48.88160090817159,48.440301410683574,75.80045802957913,0.9987012987012988,1.0,142.5411235621254,0.0,"{""seabed"": 0.9195, ""auv"": 0.0805}"
model,ops_b_gop,200,16,cloud,748,596.7895932962452,607.8391706585923,745.0927954290362,0.0,1.0,9.600000000006327,0.0,"{""cloud"": 1.0}"
model,ops_b_gop,200,16,sensor,748,48.66214810565773,48.73989797948386,74.77075883202887,1.0,1.0,147.64553093960924,0.0,"{""seabed"": 1.0}"
model,ops_b_gop,200,16,surface,748,104.72666765743415,106.42364881454596,154.86133664054623,0.3342245989304813,1.0,3638.365689839508,0.0,"{""buoy"": 1.0}"
model,ops_b_gop,200,16,statopt,748,50.0127946420201,50.42221995948116,76.30678001191701,0.9986631016042781,1.0,2112.3132161955164,0.0,"{""cloud"": 0.7219, ""seabed"": 0.2781}"
model,ops_b_gop,200,16,cacgr,748,48.89895291738794,48.94383795442574,74.77075883202887,1.0,1.0,138.61694728796786,0.0,"{""seabed"": 0.9372, ""auv"": 0.0628}"
model,ops_b_gop,200,17,cloud,733,594.9457170579557,606.1389084515865,707.0624746411587,0.0,1.0,9.60000000000642,0.0,"{""cloud"": 1.0}"
model,ops_b_gop,200,17,sensor,733,47.791888203889265,47.962757152233095,76.48155542144576,0.9972714870395635,1.0,199.93412590140088,0.0,"{""seabed"": 1.0}"
model,ops_b_gop,200,17,surface,733,323.4190410134787,322.914039859173,461.5737236777194,0.0068212824010914054,1.0,3974.1134125901185,0.0,"{""buoy"": 1.0}"
model,ops_b_gop,200,17,statopt,733,48.68428045080688,48.614421852251084,77.39965178178768,0.9918144611186903,1.0,905.3521730656915,0.0,"{""seabed"": 0.7408, ""cloud"": 0.2592}"
model,ops_b_gop,200,17,cacgr,733,47.920651146875024,48.30750426882114,76.13147110822851,0.9972714870395635,1.0,189.51506061198052,0.0,"{""seabed"": 0.9277, ""auv"": 0.0709, ""sat"": 0.0014}"
model,ops_b_gop,200,18,cloud,782,574.336399779871,593.6306283779995,675.1592139831027,0.0,1.0,9.600000000006132,0.0,"{""cloud"": 1.0}"
model,ops_b_gop,200,18,sensor,782,46.42468897971346,46.37661408785898,71.52225328321903,1.0,1.0,142.23565948114134,0.0,"{""seabed"": 1.0}"
model,ops_b_gop,200,18,surface,782,79.4639083435808,74.78927214425639,134.90434305933178,0.6508951406649617,1.0,3184.3198421628886,0.0,"{""buoy"": 1.0}"
model,ops_b_gop,200,18,statopt,782,51.76304691786704,50.96218992350175,80.0663662667039,0.989769820971867,1.0,2519.1355498720636,0.0,"{""cloud"": 0.8734, ""seabed"": 0.1266}"
model,ops_b_gop,200,18,cacgr,782,47.032354188835036,46.88771306778288,71.62818895948945,1.0,1.0,132.2247950310161,0.0,"{""seabed"": 0.9284, ""auv"": 0.0716}"
model,ops_b_gop,200,19,cloud,753,639.7199334941132,648.0092620555336,732.0386043162318,0.0,1.0,9.600000000007444,0.0,"{""cloud"": 1.0}"
model,ops_b_gop,200,19,sensor,753,51.07804502835495,50.23042720074591,80.34532125999093,0.9933598937583001,1.0,209.38000379435564,0.0,"{""seabed"": 1.0}"
model,ops_b_gop,200,19,surface,753,348.6336771988201,351.8395866781718,488.6563328044091,0.006640106241699867,1.0,3633.394531587915,0.0,"{""buoy"": 1.0}"
model,ops_b_gop,200,19,statopt,753,52.205392600691695,51.402029619143164,80.58771463583,0.9920318725099602,1.0,1250.2451147789818,0.0,"{""seabed"": 0.6175, ""cloud"": 0.3825}"
model,ops_b_gop,200,19,cacgr,753,51.34691577980622,50.53186369621593,80.34532125999093,0.9933598937583001,1.0,192.25372946310782,0.0,"{""seabed"": 0.9124, ""auv"": 0.0876}"
model,ops_b_gop,200,20,cloud,812,652.1714170561625,648.4707045367448,760.9575481301804,0.0,1.0,9.600000000007316,0.0,"{""cloud"": 1.0}"
model,ops_b_gop,200,20,sensor,812,46.68304300117836,46.72686524209566,74.0852710546022,0.9913793103448276,1.0,194.84834623503838,0.0,"{""seabed"": 1.0}"
model,ops_b_gop,200,20,surface,812,352.27500407099984,356.02831563524654,495.34464428989264,0.009852216748768473,1.0,3425.834482758592,0.0,"{""buoy"": 1.0}"
model,ops_b_gop,200,20,statopt,812,47.0453937482247,47.427175509711496,74.08538692126889,0.9913793103448276,1.0,1243.8719211822518,0.0,"{""seabed"": 0.6145, ""cloud"": 0.3855}"
model,ops_b_gop,200,20,cacgr,812,46.84252309513826,47.11502014260125,73.96951048947516,0.9913793103448276,1.0,182.6632258972489,0.0,"{""seabed"": 0.936, ""auv"": 0.064}"
model,ops_b_gop,200,21,cloud,770,628.9118502287172,637.0240392047215,753.6364726992445,0.0,1.0,9.600000000005952,0.0,"{""cloud"": 1.0}"
model,ops_b_gop,200,21,sensor,770,47.5093300259601,47.17325755308363,77.65604627833419,0.9948051948051948,1.0,179.17996289424607,0.0,"{""seabed"": 1.0}"
model,ops_b_gop,200,21,surface,770,305.96942098797535,310.9144008935496,410.45946595824,0.016883116883116882,1.0,3731.265656400709,0.0,"{""buoy"": 1.0}"
model,ops_b_gop,200,21,statopt,770,48.71557030391976,48.369900281938435,77.80416033903494,0.9922077922077922,1.0,1204.1335807049998,0.0,"{""seabed"": 0.6234, ""cloud"": 0.3766}"
model,ops_b_gop,200,21,cacgr,770,48.13525320723174,47.880719077217144,77.54129124886921,0.9948051948051948,1.0,162.5661595547279,0.0,"{""seabed"": 0.9026, ""auv"": 0.0974}"
model,ops_b_gop,200,22,cloud,813,630.6801590011713,659.0443667773519,820.7213409393736,0.0,1.0,9.60000000000813,0.0,"{""cloud"": 1.0}"
model,ops_b_gop,200,22,sensor,813,48.53824179729041,48.40981202573409,75.99445372035416,1.0,1.0,187.26620980494175,0.0,"{""seabed"": 1.0}"
model,ops_b_gop,200,22,surface,813,344.2009284234674,349.950679169797,470.9503681308566,0.014760147601476014,1.0,3555.1181950447713,0.0,"{""buoy"": 1.0}"
model,ops_b_gop,200,22,statopt,813,49.52842190668953,49.559980821663096,77.5026327008689,1.0,1.0,1589.822878228759,0.0,"{""cloud"": 0.5154, ""seabed"": 0.4846}"
model,ops_b_gop,200,22,cacgr,813,49.22850363528571,49.33375184473262,75.99445372035416,1.0,1.0,172.30521454927506,0.0,"{""seabed"": 0.9041, ""auv"": 0.0947, ""sat"": 0.0012}"
model,ops_b_gop,200,23,cloud,784,675.991856812318,678.159400955571,822.4524441749107,0.0,1.0,9.600000000007626,0.0,"{""cloud"": 1.0}"
model,ops_b_gop,200,23,sensor,784,46.91086221196513,46.08818182848602,77.92123836742755,0.9961734693877551,1.0,173.92966472302433,0.0,"{""seabed"": 1.0}"
model,ops_b_gop,200,23,surface,784,310.49793985958723,317.40689662629217,432.1769471195496,0.012755102040816327,1.0,3569.9013177842194,0.0,"{""buoy"": 1.0}"
model,ops_b_gop,200,23,statopt,784,49.341189054643436,48.07977287055825,81.08716036521328,0.9897959183673469,1.0,1531.172740524764,0.0,"{""seabed"": 0.5013, ""cloud"": 0.4987}"
model,ops_b_gop,200,23,cacgr,784,47.42073583629778,46.88432570876527,77.92123836742755,0.9961734693877551,1.0,157.94101457725324,0.0,"{""seabed"": 0.9031, ""auv"": 0.0969}"
model,ops_b_gop,200,24,cloud,813,607.5852757169158,617.994115307752,723.7818622207245,0.0,1.0,9.600000000007594,0.0,"{""cloud"": 1.0}"
model,ops_b_gop,200,24,sensor,813,48.86453766647651,49.56429771018884,77.87274342294856,0.993849938499385,1.0,142.28290282898712,0.0,"{""seabed"": 1.0}"
model,ops_b_gop,200,24,surface,813,98.37641799219976,102.34204900059564,147.08933068023873,0.39114391143911437,1.0,3189.492796345044,0.0,"{""buoy"": 1.0}"
model,ops_b_gop,200,24,statopt,813,53.35165613217272,54.06364212627013,84.04422533669694,0.982779827798278,1.0,2515.582850114158,0.0,"{""cloud"": 0.8721, ""seabed"": 0.1279}"
model,ops_b_gop,200,24,cacgr,813,49.13592858147745,49.86404333705293,77.87274342294856,0.993849938499385,1.0,129.9025717799645,0.0,"{""seabed"": 0.9114, ""auv"": 0.0886}"
model,ops_b_gop,200,25,cloud,675,640.4475137727877,646.5671014692343,775.0363518694217,0.0,1.0,9.60000000000538,0.0,"{""cloud"": 1.0}"
model,ops_b_gop,200,25,sensor,675,47.586298779295056,48.05036715386065,74.395911434232,0.9985185185185185,1.0,173.1640211640101,0.0,"{""seabed"": 1.0}"
model,ops_b_gop,200,25,surface,675,293.93582790944856,304.05687870468876,413.3212452567339,0.034074074074074076,1.0,4302.61329608461,0.0,"{""buoy"": 1.0}"
model,ops_b_gop,200,25,statopt,675,48.16284844511828,48.36882094454613,74.74435559829453,0.9985185185185185,1.0,886.783068783053,0.0,"{""seabed"": 0.7378, ""cloud"": 0.2622}"
model,ops_b_gop,200,25,cacgr,675,47.71317204334148,48.111543684741385,74.395911434232,0.9985185185185185,1.0,158.9430484655977,0.0,"{""seabed"": 0.9141, ""auv"": 0.0859}"
model,ops_b_gop,200,26,cloud,842,530.7595318264051,543.3804735625945,724.0078155109121,0.0,1.0,9.60000000000948,0.0,"{""cloud"": 1.0}"
model,ops_b_gop,200,26,sensor,842,47.53627092948763,47.91082062295986,74.59191306611937,0.998812351543943,1.0,188.9104173735816,0.0,"{""seabed"": 1.0}"
model,ops_b_gop,200,26,surface,842,331.72312585854627,333.09352838487285,463.3879398406251,0.0011876484560570072,1.0,3307.237499830302,0.0,"{""buoy"": 1.0}"
model,ops_b_gop,200,26,statopt,842,48.56227733600056,48.93669793500315,74.96987623985096,0.995249406175772,1.0,1122.9874448591538,0.0,"{""seabed"": 0.6568, ""cloud"": 0.3432}"
model,ops_b_gop,200,26,cacgr,842,47.84166055446786,48.53355874241606,74.58555423215181,0.998812351543943,1.0,176.28631421783192,0.0,"{""seabed"": 0.9133, ""auv"": 0.0855, ""sat"": 0.0012}"
model,ops_b_gop,200,27,cloud,753,582.5407103333403,609.6525985223801,748.2231144621644,0.0,1.0,9.600000000009588,0.0,"{""cloud"": 1.0}"
model,ops_b_gop,200,27,sensor,753,46.041753119345536,45.68422893923562,73.91915418058811,0.9920318725099602,1.0,180.8275469550359,0.0,"{""seabed"": 1.0}"
model,ops_b_gop,200,27,surface,753,320.20186490000395,321.7493167697521,446.8279533139331,0.0199203187250996,1.0,3625.746173401602,0.0,"{""buoy"": 1.0}"
model,ops_b_gop,200,27,statopt,753,46.50552430555452,46.26197344145427,76.39610829488498,0.9920318725099602,1.0,925.3352305065396,0.0,"{""seabed"": 0.7264, ""cloud"": 0.2736}"
model,ops_b_gop,200,27,cacgr,753,46.546504611029704,46.29742259096699,73.91915418058811,0.9920318725099602,1.0,168.52396888635855,0.0,"{""seabed"": 0.927, ""auv"": 0.073}"
model,ops_b_gop,200,28,cloud,756,601.0058797688575,629.1889220969981,748.6163145493211,0.0,1.0,9.600000000006665,0.0,"{""cloud"": 1.0}"
model,ops_b_gop,200,28,sensor,756,48.89486933195672,47.95904380883327,81.07245787747198,0.9841269841269841,1.0,167.52343159484647,0.0,"{""seabed"": 1.0}"
model,ops_b_gop,200,28,surface,756,262.0751744323442,262.7189473367362,390.0124156481339,0.026455026455026454,1.0,3713.362854119387,0.0,"{""buoy"": 1.0}"
model,ops_b_gop,200,28,statopt,756,50.17978905492277,49.50007141675851,84.17902978734067,0.9748677248677249,1.0,1906.2139077853108,0.0,"{""cloud"": 0.6389, ""seabed"": 0.3611}"
model,ops_b_gop,200,28,cacgr,756,49.222366757806604,48.52068033345689,80.83361448182292,0.9841269841269841,1.0,155.36274829930517,0.0,"{""seabed"": 0.9286, ""auv"": 0.0714}"
model,ops_b_gop,200,29,cloud,782,636.6554051682867,648.1528646333647,730.6108779796745,0.0,1.0,9.6000000000075,0.0,"{""cloud"": 1.0}"
model,ops_b_gop,200,29,sensor,782,45.039238102044536,43.33357900788154,74.3105697998183,0.9974424552429667,1.0,192.19912312752402,0.0,"{""seabed"": 1.0}"
model,ops_b_gop,200,29,surface,782,321.02621505520364,318.9378765796541,450.6680813075789,0.010230179028132993,1.0,3524.2832356594595,0.0,"{""buoy"": 1.0}"
model,ops_b_gop,200,29,statopt,782,45.206252788093565,43.63683543978411,74.44370860063296,0.9974424552429667,1.0,808.1746437705598,0.0,"{""seabed"": 0.7737, ""cloud"": 0.2263}"
model,ops_b_gop,200,29,cacgr,782,45.55071311882391,44.22636013412715,74.11093729066538,0.9974424552429667,1.0,179.43565655828533,0.0,"{""seabed"": 0.9118, ""auv"": 0.087, ""sat"": 0.0013}"
model,ops_b_gop,400,0,cloud,764,629.336691983321,643.4511212429838,775.3538275438713,0.0,1.0,9.60000000000571,0.0,"{""cloud"": 1.0}"
model,ops_b_gop,400,0,sensor,764,53.63382930175517,53.72025850305696,79.77030372892709,0.9869109947643979,1.0,285.11518324607835,0.0,"{""seabed"": 1.0}"
model,ops_b_gop,400,0,surface,764,307.08009191484,314.00889750225457,422.8795871241856,0.01832460732984293,1.0,3629.669564697053,0.0,"{""buoy"": 1.0}"
model,ops_b_gop,400,0,statopt,764,58.25570630889461,58.370806876287475,91.43948658839882,0.943717277486911,1.0,2675.448017950626,0.0,"{""cloud"": 0.6414, ""seabed"": 0.3586}"
model,ops_b_gop,400,0,cacgr,764,52.892316689366616,53.56344677763785,78.81289326805603,0.9908376963350786,1.0,304.54461331339166,0.0,"{""seabed"": 0.9084, ""auv"": 0.0772, ""sat"": 0.0144}"
model,ops_b_gop,400,1,cloud,727,527.4115101520973,530.117495998639,713.5356985108822,0.0,1.0,9.600000000007828,0.0,"{""cloud"": 1.0}"
model,ops_b_gop,400,1,sensor,727,50.16068107115189,49.176568081276976,78.97720976126041,0.9931224209078404,1.0,273.91982707800565,0.0,"{""seabed"": 1.0}"
model,ops_b_gop,400,1,surface,727,254.80936735177207,258.5882292604302,377.95698375531424,0.03576341127922971,1.0,3857.4863147965875,0.0,"{""buoy"": 1.0}"
model,ops_b_gop,400,1,statopt,727,59.09676317528139,57.960736518458965,91.51567216509511,0.9422283356258597,1.0,2896.243011986616,0.0,"{""cloud"": 0.7428, ""seabed"": 0.2572}"
model,ops_b_gop,400,1,cacgr,727,49.836538164939114,48.970674795625385,77.160516354314,0.9944979367262724,1.0,278.80301198663204,0.0,"{""seabed"": 0.9147, ""auv"": 0.077, ""sat"": 0.0083}"
model,ops_b_gop,400,2,cloud,757,667.9238359253239,660.1702646916723,807.9665756745648,0.0,1.0,9.600000000003769,0.0,"{""cloud"": 1.0}"
model,ops_b_gop,400,2,sensor,757,52.04819041156683,51.82185200432317,80.92351211419047,0.9907529722589168,1.0,281.4961313455384,0.0,"{""seabed"": 1.0}"
model,ops_b_gop,400,2,surface,757,331.8205237352244,338.9837840109175,441.15628997571974,0.003963011889035667,1.0,3689.6226306850044,0.0,"{""buoy"": 1.0}"
model,ops_b_gop,400,2,statopt,757,53.03401425898621,52.77832014336563,82.00036519672014,0.9841479524438573,1.0,2290.5827514625294,0.0,"{""cloud"": 0.6328, ""seabed"": 0.3672}"
model,ops_b_gop,400,2,cacgr,757,51.50618958071001,51.688283912325524,79.7049806044443,0.9933949801849405,1.0,287.40939799962325,0.0,"{""seabed"": 0.9247, ""auv"": 0.0661, ""sat"": 0.0079, ""uav"": 0.0013}"
model,ops_b_gop,400,3,cloud,758,562.2790360217656,599.9538018876563,693.9464154424596,0.0,1.0,9.600000000007029,0.0,"{""cloud"": 1.0}"
model,ops_b_gop,400,3,sensor,758,52.386689531261645,52.58714533517876,79.5697592666785,0.9894459102902374,1.0,252.320392009013,0.0,"{""seabed"": 1.0}"
model,ops_b_gop,400,3,surface,758,190.0584604916073,186.35592895758737,288.05535497874394,0.06464379947229551,1.0,3654.5074044477374,0.0,"{""buoy"": 1.0}"
model,ops_b_gop,400,3,statopt,758,189.2382483312349,186.14881982284177,287.0869860047221,0.06728232189973615,1.0,3654.5074044477374,0.0,"{""cloud"": 1.0}"
model,ops_b_gop,400,3,cacgr,758,51.756770151998694,52.35946736748195,78.64073283726057,0.9934036939313984,1.0,269.8607885412421,0.0,"{""seabed"": 0.9024, ""auv"": 0.0831, ""sat"": 0.0145}"
model,ops_b_gop,400,4,cloud,790,622.203682889514,620.2105514490611,768.2859051703614,0.0,1.0,9.600000000003964,0.0,"{""cloud"": 1.0}"
model,ops_b_gop,400,4,sensor,790,50.2464863144051,49.52221985419455,79.50667766401736,0.9860759493670886,1.0,268.77215189872175,0.0,"{""seabed"": 1.0}"
model,ops_b_gop,400,4,surface,790,280.9075177822951,291.3618850966442,370.03668903073105,0.013924050632911392,1.0,3539.194473779348,0.0,"{""buoy"": 1.0}"
model,ops_b_gop,400,4,statopt,790,196.07216619351973,200.26027732293974,267.9431294798226,0.04556962025316456,1.0,3491.445555732332,0.0,"{""cloud"": 0.8848, ""seabed"": 0.1152}"
model,ops_b_gop,400,4,cacgr,790,49.92109533858918,49.42058274639024,77.72868823596488,0.9873417721518988,1.0,299.20293989148803,0.0,"{""seabed"": 0.9228, ""auv"": 0.062, ""sat"": 0.0152}"
model,ops_b_gop,400,5,cloud,763,610.6704987251568,626.862786218375,703.4659513391309,0.0,1.0,9.600000000006274,0.0,"{""cloud"": 1.0}"
model,ops_b_gop,400,5,sensor,763,52.923441598285756,52.43244369196643,80.14742503072179,0.9803407601572739,1.0,287.89215502712926,0.0,"{""seabed"": 1.0}"
model,ops_b_gop,400,5,surface,763,276.7019721856612,268.036991053751,423.6304952458878,0.019659239842726082,1.0,3705.556673282119,0.0,"{""buoy"": 1.0}"
model,ops_b_gop,400,5,statopt,763,99.16169776741744,100.28747613412415,143.18279945531296,0.3722149410222805,1.0,3500.897351057813,0.0,"{""cloud"": 0.8506, ""seabed"": 0.1494}"
model,ops_b_gop,400,5,cacgr,763,52.72588232976696,52.43244369196643,78.83728355045999,0.981651376146789,1.0,277.60844785618764,0.0,"{""seabed"": 0.9096, ""auv"": 0.0852, ""sat"": 0.0052}"
model,ops_b_gop,400,6,cloud,729,586.2409115788183,598.4305083485327,745.9114120506196,0.0,1.0,9.600000000008261,0.0,"{""cloud"": 1.0}"
model,ops_b_gop,400,6,sensor,729,50.44120802065902,49.68787147846936,79.13360659515132,0.99039780521262,1.0,266.7658240250655,0.0,"{""seabed"": 1.0}"
model,ops_b_gop,400,6,surface,729,270.797666753329,274.4962676318634,395.5488808559981,0.02194787379972565,1.0,3780.267679404232,0.0,"{""buoy"": 1.0}"
model,ops_b_gop,400,6,statopt,729,164.6252053173202,156.284577731753,259.45850510438856,0.08093278463648834,1.0,3783.2462322554925,0.0,"{""cloud"": 0.8985, ""seabed"": 0.1015}"
model,ops_b_gop,400,6,cacgr,729,50.18310466864669,49.53704399537116,78.1321085542875,0.99039780521262,1.0,266.67532039974856,0.0,"{""seabed"": 0.8957, ""auv"": 0.096, ""sat"": 0.0069, ""uav"": 0.0014}"
model,ops_b_gop,400,7,cloud,757,621.7230418293867,650.8915001016678,729.7745355350216,0.0,1.0,9.600000000007762,0.0,"{""cloud"": 1.0}"
model,ops_b_gop,400,7,sensor,757,52.15632249115866,51.86782800198077,80.52702908055696,0.9907529722589168,1.0,266.49330062274504,0.0,"{""seabed"": 1.0}"
model,ops_b_gop,400,7,surface,757,267.81367280991407,268.1372787776726,374.4733152902117,0.031704095112285335,1.0,3580.1304789582528,0.0,"{""buoy"": 1.0}"
model,ops_b_gop,400,7,statopt,757,178.9074811985631,186.50939219772263,231.55280708663733,0.03830911492734478,1.0,3532.182149990523,0.0,"{""cloud"": 0.86, ""seabed"": 0.14}"
model,ops_b_gop,400,7,cacgr,757,52.063705536340905,51.8569634924456,80.40473071993924,0.9920739762219286,1.0,263.3110186827584,0.0,"{""seabed"": 0.9273, ""auv"": 0.0674, ""sat"": 0.0053}"
model,ops_b_gop,400,8,cloud,772,537.6285059512867,536.5887135012184,760.943050713984,0.0,1.0,9.600000000006183,0.0,"{""cloud"": 1.0}"
model,ops_b_gop,400,8,sensor,772,49.873757327398984,48.51391018355001,81.97312761838215,0.9831606217616581,1.0,279.7202072538606,0.0,"{""seabed"": 1.0}"
model,ops_b_gop,400,8,surface,772,309.86018170020213,301.6500741672371,436.4059672297121,0.015544041450777202,1.0,3625.359928941482,0.0,"{""buoy"": 1.0}"
model,ops_b_gop,400,8,statopt,772,72.67240878152573,71.46560178690387,116.73903190269746,0.7512953367875648,1.0,3306.960284233854,0.0,"{""cloud"": 0.8705, ""seabed"": 0.1295}"
model,ops_b_gop,400,8,cacgr,772,48.951580761879335,47.91834398565752,78.69199565279759,0.9870466321243523,1.0,307.5142324204058,0.0,"{""seabed"": 0.8834, ""auv"": 0.0959, ""sat"": 0.0207}"
model,ops_b_gop,400,9,cloud,819,690.6218506919237,711.2067745893856,809.5478260985305,0.0,1.0,9.600000000006688,0.0,"{""cloud"": 1.0}"
model,ops_b_gop,400,9,sensor,819,51.183681865249746,50.52515312772072,79.78611056469816,0.9938949938949939,1.0,269.5911390196926,0.0,"{""seabed"": 1.0}"
model,ops_b_gop,400,9,surface,819,311.02110057698263,322.4339110142925,430.40697247554914,0.028083028083028084,1.0,3504.621583115251,0.0,"{""buoy"": 1.0}"
model,ops_b_gop,400,9,statopt,819,55.95846755872854,55.85454746983523,84.79599206739236,0.9682539682539683,1.0,2634.4786324785982,0.0,"{""cloud"": 0.7497, ""seabed"": 0.2503}"
model,ops_b_gop,400,9,cacgr,819,50.43095669435402,49.791143320471264,78.20586184164706,0.9963369963369964,1.0,284.4518095237927,0.0,"{""seabed"": 0.8962, ""auv"": 0.0891, ""sat"": 0.0147}"
model,ops_b_gop,400,10,cloud,786,626.2295017793682,641.6365271622958,754.4856620250342,0.0,1.0,9.600000000004725,0.0,"{""cloud"": 1.0}"
model,ops_b_gop,400,10,sensor,786,50.51947972139986,49.534332010399524,77.17745925305917,0.9949109414758269,1.0,279.1537622682638,0.0,"{""seabed"": 1.0}"
model,ops_b_gop,400,10,surface,786,304.3572264101746,320.19236661970905,420.4500702797654,0.020356234096692113,1.0,3604.4651748454826,0.0,"{""buoy"": 1.0}"
model,ops_b_gop,400,10,statopt,786,50.47298065127073,49.5215640411494,77.17745858639252,0.9961832061068703,1.0,1886.6964740094372,0.0,"{""cloud"": 0.6132, ""seabed"": 0.3868}"
model,ops_b_gop,400,10,cacgr,786,50.025101326429194,49.21835650324436,75.5476677794731,0.9961832061068703,1.0,288.7648302435444,0.0,"{""seabed"": 0.902, ""auv"": 0.0852, ""sat"": 0.0115, ""uav"": 0.0013}"
model,ops_b_gop,400,11,cloud,770,641.5272688519166,644.1019843640593,725.9467114909481,0.0,1.0,9.600000000005995,0.0,"{""cloud"": 1.0}"
model,ops_b_gop,400,11,sensor,770,53.334039357658085,53.539879681957956,80.93240644937448,0.987012987012987,1.0,295.6456400742069,0.0,"{""seabed"": 1.0}"
model,ops_b_gop,400,11,surface,770,325.95764210457526,326.96447569855843,439.0539045281654,0.01948051948051948,1.0,3601.4239525046087,0.0,"{""buoy"": 1.0}"
model,ops_b_gop,400,11,statopt,770,101.11997303344785,99.5723146244986,170.45889046169833,0.42337662337662335,1.0,3308.456413209621,0.0,"{""cloud"": 0.7442, ""seabed"": 0.2558}"
model,ops_b_gop,400,11,cacgr,770,52.712526886905245,53.22298150938077,79.06928338285681,0.990909090909091,1.0,318.4710619666007,0.0,"{""seabed"": 0.9234, ""auv"": 0.0623, ""sat"": 0.0143}"
model,ops_b_gop,400,12,cloud,792,685.0739190344472,694.7728048952807,800.0142496042556,0.0,1.0,9.600000000006,0.0,"{""cloud"": 1.0}"
model,ops_b_gop,400,12,sensor,792,51.40780845580876,50.249017595510786,82.46912516377546,0.9772727272727273,1.0,259.1338383838163,0.0,"{""seabed"": 1.0}"
model,ops_b_gop,400,12,surface,792,270.355262050449,288.53894257444693,375.5977350696029,0.06060606060606061,1.0,3533.8066378065864,0.0,"{""buoy"": 1.0}"
model,ops_b_gop,400,12,statopt,792,94.88279895471534,89.55849440015056,160.5037704418461,0.5050505050505051,1.0,3224.945177489133,0.0,"{""cloud"": 0.8801, ""seabed"": 0.1199}"
model,ops_b_gop,400,12,cacgr,792,50.79164334846958,49.781510561801525,81.08461666376459,0.9810606060606061,1.0,272.10116305914306,0.0,"{""seabed"": 0.8965, ""auv"": 0.0896, ""sat"": 0.0126, ""uav"": 0.0013}"
model,ops_b_gop,400,13,cloud,769,595.5086124036962,613.6455513501753,683.8955795271987,0.0,1.0,9.600000000004503,0.0,"{""cloud"": 1.0}"
model,ops_b_gop,400,13,sensor,769,51.60384703221499,50.56431368494256,79.96405712320008,0.9843953185955787,1.0,246.53836150841536,0.0,"{""seabed"": 1.0}"
model,ops_b_gop,400,13,surface,769,110.26217601513854,102.27719498498242,187.25181599132935,0.3940182054616385,1.0,3509.344407207817,0.0,"{""buoy"": 1.0}"
model,ops_b_gop,400,13,statopt,769,109.51327209600979,101.41114542210295,186.83828054128068,0.40052015604681407,1.0,3509.344407207817,0.0,"{""cloud"": 1.0}"
model,ops_b_gop,400,13,cacgr,769,51.13071428496628,50.3026730037207,77.58844700278148,0.988296488946684,1.0,259.14845431911704,0.0,"{""seabed"": 0.8999, ""auv"": 0.0871, ""sat"": 0.013}"
model,ops_b_gop,400,14,cloud,750,595.9308872645263,617.5912708750116,736.7901141030967,0.0,1.0,9.600000000005632,0.0,"{""cloud"": 1.0}"
model,ops_b_gop,400,14,sensor,750,52.96512689527155,51.75200861320603,83.18845825525203,0.9853333333333333,1.0,259.8095238095044,0.0,"{""seabed"": 1.0}"
model,ops_b_gop,400,14,surface,750,253.32801355522258,263.9876129802934,352.3686805021533,0.030666666666666665,1.0,3640.1756220951925,0.0,"{""buoy"": 1.0}"
model,ops_b_gop,400,14,statopt,750,76.31305542412548,72.75569723883152,119.54349818945573,0.704,1.0,3311.2571428571023,0.0,"{""cloud"": 0.8813, ""seabed"": 0.1187}"
model,ops_b_gop,400,14,cacgr,750,52.65354782691309,51.79031970588906,82.12645173954249,0.988,1.0,269.3565775237917,0.0,"{""seabed"": 0.904, ""auv"": 0.0853, ""sat"": 0.0107}"
model,ops_b_gop,400,15,cloud,770,567.9445978672295,607.2544111405225,702.1696947739157,0.0,1.0,9.600000000004483,0.0,"{""cloud"": 1.0}"
model,ops_b_gop,400,15,sensor,770,52.35004132006013,51.35610989457667,80.9462203557601,0.9922077922077922,1.0,254.96846011128886,0.0,"{""seabed"": 1.0}"
model,ops_b_gop,400,15,surface,770,199.0149475121976,207.06515763446575,276.8266123017941,0.06493506493506493,1.0,3560.4909298700773,0.0,"{""buoy"": 1.0}"
model,ops_b_gop,400,15,statopt,770,196.5912348498052,205.58137590111576,274.3366141590179,0.06493506493506493,1.0,3560.4909298700773,0.0,"{""cloud"": 1.0}"
model,ops_b_gop,400,15,cacgr,770,51.5861148897159,51.148555797861114,78.82812898536592,0.9961038961038962,1.0,281.0954953617537,0.0,"{""seabed"": 0.8974, ""auv"": 0.0844, ""sat"": 0.0182}"
model,ops_b_gop,400,16,cloud,748,596.7902599629119,607.8398373252586,745.0934620957029,0.0,1.0,9.600000000006327,0.0,"{""cloud"": 1.0}"
model,ops_b_gop,400,16,sensor,748,51.91596160718687,52.16315822115224,78.2664645420846,0.9959893048128342,1.0,247.64553093960936,0.0,"{""seabed"": 1.0}"
model,ops_b_gop,400,16,surface,748,104.91508485688396,106.57278956716806,154.86133664054623,0.3315508021390374,1.0,3638.365689839508,0.0,"{""buoy"": 1.0}"
model,ops_b_gop,400,16,statopt,748,104.40447625398454,106.12064050688451,153.74058366546475,0.3355614973262032,1.0,3638.365689839508,0.0,"{""cloud"": 1.0}"
model,ops_b_gop,400,16,cacgr,748,51.47407599735037,52.08095356286594,76.66075252233026,0.9973262032085561,1.0,266.70238961035125,0.0,"{""seabed"": 0.9211, ""auv"": 0.0655, ""sat"": 0.0134}"
model,ops_b_gop,400,17,cloud,733,594.9463837246224,606.1395751182533,707.0631413078255,0.0,1.0,9.60000000000642,0.0,"{""cloud"": 1.0}"
model,ops_b_gop,400,17,sensor,733,52.35524527054384,51.87778232498531,81.48815137075871,0.9863574351978172,1.0,299.93412590140053,0.0,"{""seabed"": 1.0}"
model,ops_b_gop,400,17,surface,733,328.1333700550944,323.3320249492589,461.5737236777194,0.0068212824010914054,1.0,3974.1134125901185,0.0,"{""buoy"": 1.0}"
model,ops_b_gop,400,17,statopt,733,54.972121837191416,54.34992424003455,84.76362576863572,0.9727148703956344,1.0,2286.311050477494,0.0,"{""seabed"": 0.5007, ""cloud"": 0.4993}"
model,ops_b_gop,400,17,cacgr,733,51.7217960779629,51.09631730671884,80.45373423378123,0.9877216916780355,1.0,303.3725324498283,0.0,"{""seabed"": 0.9181, ""auv"": 0.0723, ""sat"": 0.0095}"
model,ops_b_gop,400,18,cloud,782,574.3370664465377,593.6312950446663,675.1598806497694,0.0,1.0,9.600000000006132,0.0,"{""cloud"": 1.0}"
model,ops_b_gop,400,18,sensor,782,50.64684738462339,50.34495632022793,75.27806144689369,0.9961636828644501,1.0,242.23565948114083,0.0,"{""seabed"": 1.0}"
model,ops_b_gop,400,18,surface,782,79.89647094888257,75.35464394783824,135.31697795991866,0.6470588235294118,1.0,3184.3198421628886,0.0,"{""buoy"": 1.0}"
model,ops_b_gop,400,18,statopt,782,79.02537834441245,74.44017252259188,134.70354493507946,0.6560102301790282,1.0,3184.3198421628886,0.0,"{""cloud"": 1.0}"
model,ops_b_gop,400,18,cacgr,782,50.11090876272534,50.18522540142421,73.58769534645904,0.9987212276214834,1.0,258.28484033609396,0.0,"{""seabed"": 0.9143, ""auv"": 0.0729, ""sat"": 0.0128}"
model,ops_b_gop,400,19,cloud,753,639.7206001607798,648.0099287221999,732.0392709828985,0.0,1.0,9.600000000007444,0.0,"{""cloud"": 1.0}"
model,ops_b_gop,400,19,sensor,753,55.539797725731816,54.745358432519424,83.28081860602717,0.9853917662682603,1.0,309.3800037943556,0.0,"{""seabed"": 1.0}"
model,ops_b_gop,400,19,surface,753,357.529779611453,358.7971831604756,495.3104347222527,0.006640106241699867,1.0,3633.394531587915,0.0,"{""buoy"": 1.0}"
model,ops_b_gop,400,19,statopt,753,56.41296118461908,55.884045992641404,84.66700350660102,0.9747675962815405,1.0,2034.8210965661146,0.0,"{""cloud"": 0.5153, ""seabed"": 0.4847}"
model,ops_b_gop,400,19,cacgr,753,54.90339479055808,54.50816274579605,82.84254837624707,0.9880478087649402,1.0,317.4871531018856,0.0,"{""seabed"": 0.8964, ""auv"": 0.0903, ""sat"": 0.0133}"
model,ops_b_gop,400,20,cloud,812,652.1720837228291,648.4713712034114,760.9582147968467,0.0,1.0,9.600000000007316,0.0,"{""cloud"": 1.0}"
model,ops_b_gop,400,20,sensor,812,50.92402910966457,50.69760268738755,81.30876522913759,0.9815270935960592,1.0,294.8483462350384,0.0,"{""seabed"": 1.0}"
model,ops_b_gop,400,20,surface,812,360.78558344310375,365.0849944187352,499.200090956351,0.009852216748768473,1.0,3425.834482758592,0.0,"{""buoy"": 1.0}"
model,ops_b_gop,400,20,statopt,812,108.12585902093555,110.29714054183545,152.2564781738689,0.2660098522167488,1.0,3261.2193505981436,0.0,"{""cloud"": 0.7463, ""seabed"": 0.2537}"
model,ops_b_gop,400,20,cacgr,812,50.36870172278722,50.002856634356974,78.67895023769407,0.9864532019704434,1.0,304.93674595354713,0.0,"{""seabed"": 0.9236, ""auv"": 0.0653, ""sat"": 0.0111}"
model,ops_b_gop,400,21,cloud,770,628.9125168953838,637.0247058713883,753.6371393659109,0.0,1.0,9.600000000005952,0.0,"{""cloud"": 1.0}"
model,ops_b_gop,400,21,sensor,770,51.38364027239665,51.26582176924627,80.50522418944182,0.9844155844155844,1.0,279.1799628942457,0.0,"{""seabed"": 1.0}"
model,ops_b_gop,400,21,surface,770,309.4687255805918,314.24053771154587,411.5865963127987,0.016883116883116882,1.0,3731.265656400709,0.0,"{""buoy"": 1.0}"
model,ops_b_gop,400,21,statopt,770,77.25908270200213,73.2866595692154,128.75391747790155,0.6844155844155844,1.0,3196.0259802597157,0.0,"{""cloud"": 0.7312, ""seabed"": 0.2688}"
model,ops_b_gop,400,21,cacgr,770,51.085830353356734,51.24836159953884,79.86205777027325,0.987012987012987,1.0,276.6570686456365,0.0,"{""seabed"": 0.8935, ""auv"": 0.0974, ""sat"": 0.0091}"
model,ops_b_gop,400,22,cloud,813,630.6808256678379,659.0450334440181,820.7220076060402,0.0,1.0,9.60000000000813,0.0,"{""cloud"": 1.0}"
model,ops_b_gop,400,22,sensor,813,53.05244395312419,53.48964990884197,80.30144733735514,0.993849938499385,1.0,287.26620980494175,0.0,"{""seabed"": 1.0}"
model,ops_b_gop,400,22,surface,813,346.49560687665326,352.9762799009923,476.00164287982614,0.014760147601476014,1.0,3555.1181950447713,0.0,"{""buoy"": 1.0}"
model,ops_b_gop,400,22,statopt,813,75.37401233399933,70.74203677423648,130.39761647891243,0.7257072570725708,1.0,2983.2696144789697,0.0,"{""cloud"": 0.7651, ""seabed"": 0.2349}"
model,ops_b_gop,400,22,cacgr,813,52.661111261629124,53.433449409602325,79.26724409241959,0.996309963099631,1.0,297.8460137058379,0.0,"{""seabed"": 0.8893, ""auv"": 0.0959, ""sat"": 0.0148}"
model,ops_b_gop,400,23,cloud,784,675.9925234789845,678.1600676222373,822.4531108415771,0.0,1.0,9.600000000007626,0.0,"{""cloud"": 1.0}"
model,ops_b_gop,400,23,sensor,784,52.41718512998357,51.59576277622455,83.67700762054504,0.9783163265306123,1.0,273.92966472302436,0.0,"{""seabed"": 1.0}"
model,ops_b_gop,400,23,surface,784,313.28260915361534,318.90430856531054,434.68232008328886,0.012755102040816327,1.0,3569.9013177842194,0.0,"{""buoy"": 1.0}"
model,ops_b_gop,400,23,statopt,784,64.97045496066845,63.10188631030657,114.21142216223483,0.8252551020408163,1.0,2914.2448979591563,0.0,"{""cloud"": 0.7436, ""seabed"": 0.2564}"
model,ops_b_gop,400,23,cacgr,784,51.809188290308136,51.51176078000656,82.96969323263531,0.9821428571428571,1.0,279.7729096209847,0.0,"{""seabed"": 0.8839, ""auv"": 0.1033, ""sat"": 0.0128}"
model,ops_b_gop,400,24,cloud,813,607.5859423835824,617.9947819744183,723.7825288873913,0.0,1.0,9.600000000007594,0.0,"{""cloud"": 1.0}"
model,ops_b_gop,400,24,sensor,813,52.680623741398975,53.362156286449924,81.68553740047099,0.991389913899139,1.0,242.28290282898672,0.0,"{""seabed"": 1.0}"
model,ops_b_gop,400,24,surface,813,98.78019015756686,103.26556486329355,147.28046285386554,0.3849938499384994,1.0,3189.492796345044,0.0,"{""buoy"": 1.0}"
model,ops_b_gop,400,24,statopt,813,97.84466877691803,102.09132583057047,146.7718137949872,0.3948339483394834,1.0,3189.492796345044,0.0,"{""cloud"": 1.0}"
model,ops_b_gop,400,24,cacgr,813,51.83711882625845,53.073300448700806,79.92778571565943,0.993849938499385,1.0,262.09516780878135,0.0,"{""seabed"": 0.8918, ""auv"": 0.0923, ""sat"": 0.016}"
model,ops_b_gop,400,25,cloud,675,640.4481804394543,646.5677681359007,775.037018536088,0.0,1.0,9.60000000000538,0.0,"{""cloud"": 1.0}"
model,ops_b_gop,400,25,sensor,675,52.36014735519552,52.12385851511353,79.10050668905254,0.9955555555555555,1.0,273.16402116401025,0.0,"{""seabed"": 1.0}"
model,ops_b_gop,400,25,surface,675,294.7702861363408,305.53001623824406,413.3212452567339,0.034074074074074076,1.0,4302.61329608461,0.0,"{""buoy"": 1.0}"
model,ops_b_gop,400,25,statopt,675,185.87336168404786,199.14176406201514,280.22421039465405,0.07555555555555556,1.0,4094.7956412274666,0.0,"{""cloud"": 0.8726, ""seabed"": 0.1274}"
model,ops_b_gop,400,25,cacgr,675,51.941044665303046,51.92254025482107,77.91673769358246,0.997037037037037,1.0,268.35216253967155,0.0,"{""seabed"": 0.9022, ""auv"": 0.0904, ""sat"": 0.0074}"
model,ops_b_gop,400,26,cloud,842,530.7601984930717,543.3811402292612,724.0084821775785,0.0,1.0,9.60000000000948,0.0,"{""cloud"": 1.0}"
model,ops_b_gop,400,26,sensor,842,52.14725080979138,52.31273383879034,78.88544806974728,0.9916864608076009,1.0,288.91041737358177,0.0,"{""seabed"": 1.0}"
model,ops_b_gop,400,26,surface,842,338.7174416657728,341.07021481851615,470.48983157980496,0.0011876484560570072,1.0,3307.237499830302,0.0,"{""buoy"": 1.0}"
model,ops_b_gop,400,26,statopt,842,238.0465279669343,253.6793295764354,339.44443184132405,0.048693586698337295,1.0,3328.9259860196394,0.0,"{""cloud"": 0.8705, ""seabed"": 0.1295}"
model,ops_b_gop,400,26,cacgr,842,51.77975171829757,52.195349041803034,77.6701439754906,0.994061757719715,1.0,291.5998642687311,0.0,"{""seabed"": 0.9002, ""auv"": 0.0891, ""sat"": 0.0107}"
model,ops_b_gop,400,27,cloud,753,582.541377000007,609.6532651890469,748.2237811288308,0.0,1.0,9.600000000009588,0.0,"{""cloud"": 1.0}"
model,ops_b_gop,400,27,sensor,753,50.62400139094973,49.18074466802791,82.0767720153577,0.9867197875166003,1.0,280.82754695503576,0.0,"{""seabed"": 1.0}"
model,ops_b_gop,400,27,surface,753,322.6687870764544,322.6685459154777,451.95366882378164,0.0199203187250996,1.0,3625.746173401602,0.0,"{""buoy"": 1.0}"
model,ops_b_gop,400,27,statopt,753,152.0296104855166,157.78366395369375,209.1284525608331,0.08100929614873838,1.0,3604.620680705723,0.0,"{""cloud"": 0.7596, ""seabed"": 0.2404}"
model,ops_b_gop,400,27,cacgr,753,50.73822221354298,49.706524384031944,81.3635981709987,0.9867197875166003,1.0,271.66379055207636,0.0,"{""seabed"": 0.923, ""auv"": 0.073, ""sat"": 0.004}"
model,ops_b_gop,400,28,cloud,756,601.0065464355241,629.1895887636646,748.616981215988,0.0,1.0,9.600000000006665,0.0,"{""cloud"": 1.0}"
model,ops_b_gop,400,28,sensor,756,53.09161642320658,51.96197048274301,86.16654166618888,0.9708994708994709,1.0,267.5234315948462,0.0,"{""seabed"": 1.0}"
model,ops_b_gop,400,28,surface,756,265.0668308434445,265.37699885351816,391.7964176998873,0.026455026455026454,1.0,3713.362854119387,0.0,"{""buoy"": 1.0}"
model,ops_b_gop,400,28,statopt,756,55.65595889819566,53.870448218409095,90.03760694483114,0.9497354497354498,1.0,2619.08238851093,0.0,"{""cloud"": 0.7632, ""seabed"": 0.2368}"
model,ops_b_gop,400,28,cacgr,756,52.44516113901696,51.6006498081927,84.761013947767,0.9748677248677249,1.0,279.1065457293881,0.0,"{""seabed"": 0.9153, ""auv"": 0.0728, ""sat"": 0.0119}"
model,ops_b_gop,400,29,cloud,782,636.6560718349533,648.1535313000313,730.6115446463413,0.0,1.0,9.6000000000075,0.0,"{""cloud"": 1.0}"
model,ops_b_gop,400,29,sensor,782,49.286405185514305,47.68452843165566,78.35024798924941,0.9910485933503836,1.0,292.19912312752354,0.0,"{""seabed"": 1.0}"
model,ops_b_gop,400,29,surface,782,326.07220960931346,323.17302330035807,452.91834029610015,0.010230179028132993,1.0,3524.2832356594595,0.0,"{""buoy"": 1.0}"
model,ops_b_gop,400,29,statopt,782,68.07058838795392,66.93329183080532,110.53069298711594,0.8081841432225064,1.0,3050.154914139564,0.0,"{""cloud"": 0.624, ""seabed"": 0.376}"
model,ops_b_gop,400,29,cacgr,782,49.270605304648484,47.95520682016925,78.17491754522206,0.9910485933503836,1.0,282.49803142127325,0.0,"{""seabed"": 0.9015, ""auv"": 0.0934, ""sat"": 0.0051}"
model,ops_b_gop,800,0,cloud,764,629.3380253166544,643.4524545763173,775.3551608772048,0.0,1.0,9.60000000000571,0.0,"{""cloud"": 1.0}"
model,ops_b_gop,800,0,sensor,764,63.719492540517976,63.03698210654317,98.16139629084219,0.9044502617801047,1.0,485.11518324607823,0.0,"{""seabed"": 1.0}"
model,ops_b_gop,800,0,surface,764,316.90210535657417,325.2699994728554,427.45869353817596,0.01832460732984293,1.0,3629.669564697053,0.0,"{""buoy"": 1.0}"
model,ops_b_gop,800,0,statopt,764,299.0569096223664,308.69923497027713,417.511285918247,0.01832460732984293,1.0,3629.669564697053,0.0,"{""cloud"": 1.0}"
model,ops_b_gop,800,0,cacgr,764,59.40909949127854,59.89058816679117,88.13584413039452,0.9528795811518325,1.0,645.6205654450285,0.0,"{""seabed"": 0.8482, ""auv"": 0.089, ""sat"": 0.0563, ""buoy"": 0.0052, ""uav"": 0.0013}"
model,ops_b_gop,800,1,cloud,727,527.4128434854307,530.1188293319724,713.5370318442157,0.0,1.0,9.600000000007828,0.0,"{""cloud"": 1.0}"
model,ops_b_gop,800,1,sensor,727,60.477621473946996,59.12596468168752,91.29288287325902,0.9394773039889959,1.0,473.91982707800565,0.0,"{""seabed"": 1.0}"
model,ops_b_gop,800,1,surface,727,260.86569800196133,266.5844590174772,382.0216346647551,0.03163686382393398,1.0,3857.4863147965875,0.0,"{""buoy"": 1.0}"
model,ops_b_gop,800,1,statopt,727,245.57108129803893,247.11584147770506,374.9649181518945,0.03851444291609354,1.0,3857.4863147965875,0.0,"{""cloud"": 1.0}"
model,ops_b_gop,800,1,cacgr,727,57.11694670795132,56.33550845237041,86.28188019062914,0.9683631361760661,1.0,578.9633829828979,0.0,"{""seabed"": 0.8597, ""auv"": 0.0853, ""sat"": 0.0454, ""buoy"": 0.0096}"
model,ops_b_gop,800,2,cloud,757,667.9251692586574,660.1715980250059,807.9679090078981,0.0,1.0,9.600000000003769,0.0,"{""cloud"": 1.0}"
model,ops_b_gop,800,2,sensor,757,63.42632353411314,63.633270813142005,94.37432566630407,0.9273447820343461,1.0,481.4961313455384,0.0,"{""seabed"": 1.0}"
model,ops_b_gop,800,2,surface,757,341.07357588399753,346.52495152757257,446.476161283518,0.003963011889035667,1.0,3689.6226306850044,0.0,"{""buoy"": 1.0}"
model,ops_b_gop,800,2,statopt,757,319.1710804881849,324.99156523641915,436.50496310110634,0.005284015852047556,1.0,3689.6226306850044,0.0,"{""cloud"": 1.0}"
model,ops_b_gop,800,2,cacgr,757,58.83596234057781,59.2344178295185,85.78173637502452,0.9669749009247027,1.0,661.3782132477817,0.0,"{""seabed"": 0.8494, ""auv"": 0.0713, ""sat"": 0.0674, ""buoy"": 0.0106, ""uav"": 0.0013}"
model,ops_b_gop,800,3,cloud,758,562.280369355099,599.9551352209899,693.9477487757929,0.0,1.0,9.600000000007029,0.0,"{""cloud"": 1.0}"
model,ops_b_gop,800,3,sensor,758,63.07495675861093,62.4276705805895,93.92413265103318,0.9274406332453826,1.0,452.32039200901227,0.0,"{""seabed"": 1.0}"
model,ops_b_gop,800,3,surface,758,192.44068799546503,189.27433561052032,288.5269855386129,0.06464379947229551,1.0,3654.5074044477374,0.0,"{""buoy"": 1.0}"
model,ops_b_gop,800,3,statopt,758,189.23958166456833,186.15015315617515,287.0883193380557,0.06728232189973615,1.0,3654.5074044477374,0.0,"{""cloud"": 1.0}"
model,ops_b_gop,800,3,cacgr,758,59.01592749982389,59.20754831562123,87.15144792308664,0.9643799472295514,1.0,644.175927629065,0.0,"{""seabed"": 0.8298, ""auv"": 0.091, ""sat"": 0.0699, ""buoy"": 0.0079, ""uav"": 0.0013}"
model,ops_b_gop,800,4,cloud,790,622.2050162228475,620.2118847823947,768.2872385036948,0.0,1.0,9.600000000003964,0.0,"{""cloud"": 1.0}"
model,ops_b_gop,800,4,sensor,790,60.96020330657023,59.54601614244263,93.68290861837276,0.9278481012658227,1.0,468.77215189872163,0.0,"{""seabed"": 1.0}"
model,ops_b_gop,800,4,surface,790,288.4052142775711,297.41147053071495,372.61990343568874,0.013924050632911392,1.0,3539.194473779348,0.0,"{""buoy"": 1.0}"
model,ops_b_gop,800,4,statopt,790,277.7806422608937,288.641625955854,369.78763656706036,0.013924050632911392,1.0,3539.194473779348,0.0,"{""cloud"": 1.0}"
model,ops_b_gop,800,4,cacgr,790,57.69449709927149,56.75394161762276,87.13398913710597,0.9582278481012658,1.0,655.7619822061334,0.0,"{""seabed"": 0.8633, ""auv"": 0.0722, ""sat"": 0.0557, ""buoy"": 0.0076, ""uav"": 0.0013}"
model,ops_b_gop,800,5,cloud,763,610.6718320584903,626.8641195517084,703.4672846724645,0.0,1.0,9.600000000006274,0.0,"{""cloud"": 1.0}"
model,ops_b_gop,800,5,sensor,763,64.38161487792202,63.18268321214734,100.03317893255554,0.8885976408912188,1.0,487.89215502713006,0.0,"{""seabed"": 1.0}"
model,ops_b_gop,800,5,surface,763,288.300309253568,283.9250085155373,423.87027296508427,0.019659239842726082,1.0,3705.556673282119,0.0,"{""buoy"": 1.0}"
model,ops_b_gop,800,5,statopt,763,103.71077153239848,104.41056991067289,148.2141929038761,0.30799475753604194,1.0,3534.524012731658,0.0,"{""cloud"": 0.8506, ""seabed"": 0.1494}"
model,ops_b_gop,800,5,cacgr,763,59.80286736102289,59.475007428337264,92.70968687249224,0.9331585845347313,1.0,651.343481744971,0.0,"{""seabed"": 0.8375, ""auv"": 0.0944, ""sat"": 0.0524, ""buoy"": 0.0105, ""uav"": 0.0052}"
model,ops_b_gop,800,6,cloud,729,586.2422449121518,598.4318416818663,745.912745383953,0.0,1.0,9.600000000008261,0.0,"{""cloud"": 1.0}"
model,ops_b_gop,800,6,sensor,729,60.84085147309702,59.650026180053345,92.88408028027446,0.9327846364883402,1.0,466.76582402506534,0.0,"{""seabed"": 1.0}"
model,ops_b_gop,800,6,surface,729,274.7027088961487,281.8197464534174,395.5488808559981,0.02194787379972565,1.0,3780.267679404232,0.0,"{""buoy"": 1.0}"
model,ops_b_gop,800,6,statopt,729,267.8357683610613,271.3619014518612,395.5520531226648,0.02194787379972565,1.0,3780.267679404232,0.0,"{""cloud"": 1.0}"
model,ops_b_gop,800,6,cacgr,729,56.94963587123853,57.07115906052204,85.80156388965482,0.9698216735253772,1.0,622.996712522028,0.0,"{""seabed"": 0.8368, ""auv"": 0.1001, ""sat"": 0.0521, ""buoy"": 0.0082, ""uav"": 0.0027}"
model,ops_b_gop,800,7,cloud,757,621.72437516272,650.8928334350014,729.7758688683552,0.0,1.0,9.600000000007762,0.0,"{""cloud"": 1.0}"
model,ops_b_gop,800,7,sensor,757,62.589905514122286,62.19793843638505,93.56494117309882,0.9286657859973579,1.0,466.49330062274527,0.0,"{""seabed"": 1.0}"
model,ops_b_gop,800,7,surface,757,272.6047515498903,273.93835409610585,375.75197486186704,0.031704095112285335,1.0,3580.1304789582528,0.0,"{""buoy"": 1.0}"
model,ops_b_gop,800,7,statopt,757,264.7028698746676,264.8044821950331,369.04990086574577,0.031704095112285335,1.0,3580.1304789582528,0.0,"{""cloud"": 1.0}"
model,ops_b_gop,800,7,cacgr,757,58.46911147054995,58.03419151548781,88.34773346699352,0.9603698811096433,1.0,669.9269960369746,0.0,"{""seabed"": 0.8573, ""auv"": 0.0713, ""sat"": 0.0621, ""buoy"": 0.0092}"
model,ops_b_gop,800,8,cloud,772,537.6298392846201,536.5900468345518,760.9443840473175,0.0,1.0,9.600000000006183,0.0,"{""cloud"": 1.0}"
model,ops_b_gop,800,8,sensor,772,60.759569533480615,60.254974153538086,91.7741979543502,0.9417098445595855,1.0,479.7202072538602,0.0,"{""seabed"": 1.0}"
model,ops_b_gop,800,8,surface,772,318.8713331760245,314.3206472386037,436.4059752297119,0.015544041450777202,1.0,3625.359928941482,0.0,"{""buoy"": 1.0}"
model,ops_b_gop,800,8,statopt,772,74.72916870871717,74.41709236352263,117.13064643299181,0.7266839378238342,1.0,3329.1665551442907,0.0,"{""cloud"": 0.8705, ""seabed"": 0.1295}"
model,ops_b_gop,800,8,cacgr,772,56.339926838528775,56.433765082290606,85.37430614251862,0.9740932642487047,1.0,620.2130096224776,0.0,"{""seabed"": 0.8251, ""auv"": 0.1075, ""sat"": 0.057, ""buoy"": 0.0104}"
model,ops_b_gop,800,9,cloud,819,690.6231840252572,711.2081079227193,809.5491594318642,0.0,1.0,9.600000000006688,0.0,"{""cloud"": 1.0}"
model,ops_b_gop,800,9,sensor,819,62.329176411484795,61.98430897095071,92.5295081194984,0.9340659340659341,1.0,469.59113901969295,0.0,"{""seabed"": 1.0}"
model,ops_b_gop,800,9,surface,819,317.2769084932431,330.68357143088457,432.29811142337525,0.028083028083028084,1.0,3504.621583115251,0.0,"{""buoy"": 1.0}"
model,ops_b_gop,800,9,statopt,819,300.5313437136236,318.05976922788346,417.7776956809712,0.028083028083028084,1.0,3504.621583115251,0.0,"{""cloud"": 1.0}"
model,ops_b_gop,800,9,cacgr,819,57.795422907512695,58.5700018416217,85.56711424556062,0.9658119658119658,1.0,599.8314543868655,0.0,"{""seabed"": 0.8339, ""auv"": 0.0989, ""sat"": 0.0562, ""buoy"": 0.0085, ""uav"": 0.0024}"
model,ops_b_gop,800,10,cloud,786,626.2308351127017,641.6378604956292,754.4869953583677,0.0,1.0,9.600000000004725,0.0,"{""cloud"": 1.0}"
model,ops_b_gop,800,10,sensor,786,61.13543832071052,60.18071073666715,91.48621102895704,0.9402035623409669,1.0,479.1537622682633,0.0,"{""seabed"": 1.0}"
model,ops_b_gop,800,10,surface,786,313.60947892853403,327.4480935172865,424.58442389108365,0.019083969465648856,1.0,3604.4651748454826,0.0,"{""buoy"": 1.0}"
model,ops_b_gop,800,10,statopt,786,298.6902315858086,315.29088195048774,419.85307685534485,0.020356234096692113,1.0,3604.4651748454826,0.0,"{""cloud"": 1.0}"
model,ops_b_gop,800,10,cacgr,786,57.08214723981893,56.63926174562864,87.18993221405056,0.9643765903307888,1.0,596.6658669574651,0.0,"{""seabed"": 0.8372, ""auv"": 0.0954, ""sat"": 0.056, ""buoy"": 0.0115}"
model,ops_b_gop,800,11,cloud,770,641.52860218525,644.1033176973926,725.9480448242815,0.0,1.0,9.600000000005995,0.0,"{""cloud"": 1.0}"
model,ops_b_gop,800,11,sensor,770,63.88149229082168,63.56123024873065,94.77152271209212,0.9181818181818182,1.0,495.645640074207,0.0,"{""seabed"": 1.0}"
model,ops_b_gop,800,11,surface,770,338.77644800506914,340.2975169969673,445.98477862228134,0.01948051948051948,1.0,3601.4239525046087,0.0,"{""buoy"": 1.0}"
model,ops_b_gop,800,11,statopt,770,268.68699607627167,280.45479976045175,374.499241145969,0.024675324675324677,1.0,3631.3137632652765,0.0,"{""cloud"": 0.8805, ""seabed"": 0.1195}"
model,ops_b_gop,800,11,cacgr,770,60.61729415186298,60.905951531756436,90.35305901326092,0.9454545454545454,1.0,641.9078322819985,0.0,"{""seabed"": 0.8623, ""auv"": 0.074, ""sat"": 0.0532, ""buoy"": 0.0104}"
model,ops_b_gop,800,12,cloud,792,685.0752523677805,694.7741382286142,800.015582937589,0.0,1.0,9.600000000006,0.0,"{""cloud"": 1.0}"
model,ops_b_gop,800,12,sensor,792,61.921711356173695,61.56739605393632,94.5315431916117,0.9255050505050505,1.0,459.1338383838159,0.0,"{""seabed"": 1.0}"
model,ops_b_gop,800,12,surface,792,273.4693343825832,290.7442202222546,377.0126360825646,0.06060606060606061,1.0,3533.8066378065864,0.0,"{""buoy"": 1.0}"
model,ops_b_gop,800,12,statopt,792,268.538781536921,288.1432883929525,374.0596731845137,0.06313131313131314,1.0,3533.8066378065864,0.0,"{""cloud"": 1.0}"
model,ops_b_gop,800,12,cacgr,792,57.40278945517316,57.361153533444664,86.99752050982595,0.9608585858585859,1.0,637.2650909090697,0.0,"{""seabed"": 0.8194, ""auv"": 0.0985, ""sat"": 0.0606, ""buoy"": 0.0164, ""uav"": 0.0051}"
model,ops_b_gop,800,13,cloud,769,595.5099457370295,613.6468846835089,683.896912860532,0.0,1.0,9.600000000004503,0.0,"{""cloud"": 1.0}"
model,ops_b_gop,800,13,sensor,769,61.480742386907885,61.09195790737019,92.20702011355571,0.9401820546163849,1.0,446.5383615084152,0.0,"{""seabed"": 1.0}"
model,ops_b_gop,800,13,surface,769,110.92540834639902,102.85870430997869,188.22588065931177,0.3862158647594278,1.0,3509.344407207817,0.0,"{""buoy"": 1.0}"
model,ops_b_gop,800,13,statopt,769,109.51460542934323,101.41247875543631,186.8396138746143,0.40052015604681407,1.0,3509.344407207817,0.0,"{""cloud"": 1.0}"
model,ops_b_gop,800,13,cacgr,769,56.56073154082065,56.38203846776202,85.19143151268698,0.9739921976592978,1.0,635.6324669514775,0.0,"{""seabed"": 0.8231, ""auv"": 0.0936, ""sat"": 0.0715, ""buoy"": 0.0104, ""uav"": 0.0013}"
model,ops_b_gop,800,14,cloud,750,595.9322205978599,617.5926042083452,736.7914474364301,0.0,1.0,9.600000000005632,0.0,"{""cloud"": 1.0}"
model,ops_b_gop,800,14,sensor,750,64.57879052337586,63.75023262581757,95.84550830541194,0.8973333333333333,1.0,459.8095238095039,0.0,"{""seabed"": 1.0}"
model,ops_b_gop,800,14,surface,750,256.40502427427185,266.5185642091356,353.2466658573901,0.029333333333333333,1.0,3640.1756220951925,0.0,"{""buoy"": 1.0}"
model,ops_b_gop,800,14,statopt,750,251.56541559808494,262.152793884126,352.0993748111726,0.030666666666666665,1.0,3640.1756220951925,0.0,"{""cloud"": 1.0}"
model,ops_b_gop,800,14,cacgr,750,59.88749010066567,59.66155599618517,90.09676430722207,0.9453333333333334,1.0,654.8438278095038,0.0,"{""seabed"": 0.8333, ""auv"": 0.0893, ""sat"": 0.068, ""buoy"": 0.0093}"
model,ops_b_gop,800,15,cloud,770,567.945931200563,607.255744473856,702.1710281072493,0.0,1.0,9.600000000004483,0.0,"{""cloud"": 1.0}"
model,ops_b_gop,800,15,sensor,770,63.634643099535396,61.84686489377727,95.80990945298556,0.912987012987013,1.0,454.968460111289,0.0,"{""seabed"": 1.0}"
model,ops_b_gop,800,15,surface,770,201.07554639438143,209.93334051026602,277.63402592611277,0.06493506493506493,1.0,3560.4909298700773,0.0,"{""buoy"": 1.0}"
model,ops_b_gop,800,15,statopt,770,196.59256818313864,205.58270923444925,274.33794749235153,0.06493506493506493,1.0,3560.4909298700773,0.0,"{""cloud"": 1.0}"
model,ops_b_gop,800,15,cacgr,770,58.820424184567095,57.900140049790934,89.33957851570167,0.9571428571428572,1.0,643.7500526901383,0.0,"{""seabed"": 0.8338, ""auv"": 0.0883, ""sat"": 0.0636, ""buoy"": 0.0143}"
model,ops_b_gop,800,16,cloud,748,596.7915932962454,607.8411706585922,745.0947954290363,0.0,1.0,9.600000000006327,0.0,"{""cloud"": 1.0}"
model,ops_b_gop,800,16,sensor,748,62.661351700349044,61.69622143180386,91.437365002873,0.9371657754010695,1.0,447.64553093960956,0.0,"{""seabed"": 1.0}"
model,ops_b_gop,800,16,surface,748,105.6642636133765,108.09819863418961,155.50422248668485,0.3235294117647059,1.0,3638.365689839508,0.0,"{""buoy"": 1.0}"
model,ops_b_gop,800,16,statopt,748,104.40580958731798,106.12197384021798,153.74191699879822,0.3355614973262032,1.0,3638.365689839508,0.0,"{""cloud"": 1.0}"
model,ops_b_gop,800,16,cacgr,748,57.79850589853244,57.63917307856444,85.72967280553908,0.9745989304812834,1.0,683.1578426279199,0.0,"{""seabed"": 0.8329, ""sat"": 0.0802, ""auv"": 0.0709, ""buoy"": 0.016}"
model,ops_b_gop,800,17,cloud,733,594.9477170579559,606.1409084515867,707.0644746411588,0.0,1.0,9.60000000000642,0.0,"{""cloud"": 1.0}"
model,ops_b_gop,800,17,sensor,733,62.23039446606647,61.30476651351958,93.17431754514337,0.9345156889495225,1.0,499.9341259014001,0.0,"{""seabed"": 1.0}"
model,ops_b_gop,800,17,surface,733,341.404650778116,338.80857437695255,471.23012670147386,0.0068212824010914054,1.0,3974.1134125901185,0.0,"{""buoy"": 1.0}"
model,ops_b_gop,800,17,statopt,733,317.32136577438746,311.5785602425196,461.5774436777195,0.0068212824010914054,1.0,3974.1134125901185,0.0,"{""cloud"": 1.0}"
model,ops_b_gop,800,17,cacgr,733,58.90376949069226,58.52520537906239,89.54968387059125,0.9522510231923602,1.0,647.6160405379193,0.0,"{""seabed"": 0.8595, ""auv"": 0.0791, ""sat"": 0.0559, ""buoy"": 0.0055}"
model,ops_b_gop,800,18,cloud,782,574.3383997798711,593.6326283779997,675.1612139831028,0.0,1.0,9.600000000006132,0.0,"{""cloud"": 1.0}"
model,ops_b_gop,800,18,sensor,782,64.718550105763,64.62054523146062,98.87071278302969,0.8951406649616368,1.0,442.23565948114026,0.0,"{""seabed"": 1.0}"
model,ops_b_gop,800,18,surface,782,80.47866051164776,76.06639491541851,135.75271996084876,0.6406649616368286,1.0,3184.3198421628886,0.0,"{""buoy"": 1.0}"
model,ops_b_gop,800,18,statopt,782,79.02671167774585,74.44150585592524,134.7048782684128,0.6560102301790282,1.0,3184.3198421628886,0.0,"{""cloud"": 1.0}"
model,ops_b_gop,800,18,cacgr,782,57.690476998141754,57.998210370219475,85.72973823210154,0.969309462915601,1.0,707.9061191084709,0.0,"{""seabed"": 0.798, ""sat"": 0.087, ""auv"": 0.0857, ""buoy"": 0.0256, ""uav"": 0.0038}"
model,ops_b_gop,800,19,cloud,753,639.7219334941133,648.0112620555335,732.0406043162319,0.0,1.0,9.600000000007444,0.0,"{""cloud"": 1.0}"
model,ops_b_gop,800,19,sensor,753,65.70039305841253,65.43685399626557,94.97702266055853,0.9123505976095617,1.0,509.3800037943555,0.0,"{""seabed"": 1.0}"
model,ops_b_gop,800,19,surface,753,373.9139900791069,387.57307656688846,499.94340658606853,0.006640106241699867,1.0,3633.394531587915,0.0,"{""buoy"": 1.0}"
model,ops_b_gop,800,19,statopt,753,296.0626127433746,293.82604670842255,453.27073070084117,0.033200531208499334,1.0,3688.184382470101,0.0,"{""cloud"": 0.8951, ""seabed"": 0.1049}"
model,ops_b_gop,800,19,cacgr,753,62.32056606160818,62.18683603054912,91.92422923553774,0.9375830013280213,1.0,621.057918421558,0.0,"{""seabed"": 0.8459, ""auv"": 0.1009, ""sat"": 0.0465, ""buoy"": 0.0066}"
model,ops_b_gop,800,20,cloud,812,652.1734170561626,648.4727045367448,760.9595481301803,0.0,1.0,9.600000000007316,0.0,"{""cloud"": 1.0}"
model,ops_b_gop,800,20,sensor,812,61.97603437229343,60.78168454968418,94.39491508849015,0.9113300492610837,1.0,494.84834623503787,0.0,"{""seabed"": 1.0}"
model,ops_b_gop,800,20,surface,812,381.9218028212191,393.04238463078764,501.3144027908603,0.009852216748768473,1.0,3425.834482758592,0.0,"{""buoy"": 1.0}"
model,ops_b_gop,800,20,statopt,812,275.79850500518216,284.9179991793877,370.20788540454936,0.013546798029556651,1.0,3443.2453520055988,0.0,"{""cloud"": 0.8805, ""seabed"": 0.1195}"
model,ops_b_gop,800,20,cacgr,812,58.54868814534841,56.76849795225365,91.08064494618165,0.9396551724137931,1.0,605.9276425052705,0.0,"{""seabed"": 0.8695, ""auv"": 0.08, ""sat"": 0.0419, ""buoy"": 0.0086}"
model,ops_b_gop,800,21,cloud,770,628.9138502287173,637.0260392047217,753.6384726992444,0.0,1.0,9.600000000005952,0.0,"{""cloud"": 1.0}"
model,ops_b_gop,800,21,sensor,770,62.686427483169126,61.76134487000333,96.80724303821607,0.9181818181818182,1.0,479.17996289424536,0.0,"{""seabed"": 1.0}"
model,ops_b_gop,800,21,surface,770,318.9773301977171,327.6612860673005,413.90961548582266,0.015584415584415584,1.0,3731.265656400709,0.0,"{""buoy"": 1.0}"
model,ops_b_gop,800,21,statopt,770,302.88951127434757,305.0970751727939,410.4632070249068,0.01818181818181818,1.0,3731.265656400709,0.0,"{""cloud"": 1.0}"
model,ops_b_gop,800,21,cacgr,770,58.934233266131315,58.63746636924868,90.4965129051057,0.9467532467532468,1.0,598.2082285714231,0.0,"{""seabed"": 0.8403, ""auv"": 0.1026, ""sat"": 0.0468, ""buoy"": 0.0104}"
model,ops_b_gop,800,22,cloud,813,630.6821590011714,659.0463667773517,820.7233409393737,0.0,1.0,9.60000000000813,0.0,"{""cloud"": 1.0}"
model,ops_b_gop,800,22,sensor,813,63.76589966940574,63.24540063430177,94.70905053019904,0.923739237392374,1.0,487.26620980494124,0.0,"{""seabed"": 1.0}"
model,ops_b_gop,800,22,surface,813,355.9295059272969,363.3324218363829,486.1413598286075,0.014760147601476014,1.0,3555.1181950447713,0.0,"{""buoy"": 1.0}"
model,ops_b_gop,800,22,statopt,813,283.5104836875453,301.8639612664743,421.2565063445483,0.055350553505535055,1.0,3585.331552275485,0.0,"{""cloud"": 0.8918, ""seabed"": 0.1082}"
model,ops_b_gop,800,22,cacgr,813,59.12731277195906,59.63268854461445,87.80899541746888,0.968019680196802,1.0,657.0934008082786,0.0,"{""seabed"": 0.8155, ""auv"": 0.1082, ""sat"": 0.064, ""buoy"": 0.0123}"
model,ops_b_gop,800,23,cloud,784,675.993856812318,678.1614009555709,822.4544441749107,0.0,1.0,9.600000000007626,0.0,"{""cloud"": 1.0}"
model,ops_b_gop,800,23,sensor,784,63.75030995936677,63.70967840992004,97.35572447562241,0.8979591836734694,1.0,473.929664723024,0.0,"{""seabed"": 1.0}"
model,ops_b_gop,800,23,surface,784,321.85342806821245,327.7766356794677,434.957319177816,0.012755102040816327,1.0,3569.9013177842194,0.0,"{""buoy"": 1.0}"
model,ops_b_gop,800,23,statopt,784,307.2727465728383,314.8701064125869,427.9053090848647,0.012755102040816327,1.0,3569.9013177842194,0.0,"{""cloud"": 1.0}"
model,ops_b_gop,800,23,cacgr,784,59.57194413526159,59.720093833510326,90.62387485548969,0.9426020408163265,1.0,605.4769825072808,0.0,"{""seabed"": 0.8253, ""auv"": 0.1097, ""sat"": 0.051, ""buoy"": 0.0115, ""uav"": 0.0026}"
model,ops_b_gop,800,24,cloud,813,607.5872757169158,617.9961153077519,723.7838622207247,0.0,1.0,9.600000000007594,0.0,"{""cloud"": 1.0}"
model,ops_b_gop,800,24,sensor,813,64.50572654332612,62.805247058643,99.4692607153258,0.9028290282902829,1.0,442.2829028289862,0.0,"{""seabed"": 1.0}"
model,ops_b_gop,800,24,surface,813,99.46566186439752,104.06695739710821,148.79929725176723,0.3800738007380074,1.0,3189.492796345044,0.0,"{""buoy"": 1.0}"
model,ops_b_gop,800,24,statopt,813,97.84600211025146,102.09265916390383,146.77314712832055,0.3948339483394834,1.0,3189.492796345044,0.0,"{""cloud"": 1.0}"
model,ops_b_gop,800,24,cacgr,813,57.7966203894024,58.73392246785661,86.32405917187647,0.977859778597786,1.0,677.0412342294435,0.0,"{""seabed"": 0.7983, ""auv"": 0.0959, ""sat"": 0.0836, ""buoy"": 0.0172, ""uav"": 0.0049}"
model,ops_b_gop,800,25,cloud,675,640.4495137727877,646.5691014692343,775.0383518694216,0.0,1.0,9.60000000000538,0.0,"{""cloud"": 1.0}"
model,ops_b_gop,800,25,sensor,675,63.10246222775611,61.689909371995114,94.40356824117038,0.92,1.0,473.1640211640097,0.0,"{""seabed"": 1.0}"
model,ops_b_gop,800,25,surface,675,298.906461985213,311.5308945240065,413.3212452567339,0.034074074074074076,1.0,4302.61329608461,0.0,"{""buoy"": 1.0}"
model,ops_b_gop,800,25,statopt,675,292.6795709858005,302.75401144331653,413.3259343234007,0.035555555555555556,1.0,4302.61329608461,0.0,"{""cloud"": 1.0}"
model,ops_b_gop,800,25,cacgr,675,59.74154473278227,59.27554212402416,92.26408331845995,0.9407407407407408,1.0,631.1063297354365,0.0,"{""seabed"": 0.8474, ""auv"": 0.0978, ""sat"": 0.0459, ""buoy"": 0.0059, ""uav"": 0.003}"
model,ops_b_gop,800,26,cloud,842,530.7615318264051,543.3824735625946,724.0098155109121,0.0,1.0,9.60000000000948,0.0,"{""cloud"": 1.0}"
model,ops_b_gop,800,26,sensor,842,63.516662955375175,62.7645937068999,95.73379240751008,0.9156769596199525,1.0,488.9104173735818,0.0,"{""seabed"": 1.0}"
model,ops_b_gop,800,26,surface,842,357.67056554395305,357.2645270310378,480.07865610209296,0.0011876484560570072,1.0,3307.237499830302,0.0,"{""buoy"": 1.0}"
model,ops_b_gop,800,26,statopt,842,240.06812332571897,253.92280000462523,340.7316698506016,0.040380047505938245,1.0,3348.0306158126496,0.0,"{""cloud"": 0.8705, ""seabed"": 0.1295}"
model,ops_b_gop,800,26,cacgr,842,59.50497126559491,58.996003943310036,89.18110003494179,0.9536817102137767,1.0,659.3847628096188,0.0,"{""seabed"": 0.8349, ""auv"": 0.0998, ""sat"": 0.057, ""buoy"": 0.0071, ""uav"": 0.0012}"
model,ops_b_gop,800,27,cloud,753,582.5427103333403,609.6545985223803,748.2251144621644,0.0,1.0,9.600000000009588,0.0,"{""cloud"": 1.0}"
model,ops_b_gop,800,27,sensor,753,61.9652029739092,60.29795951090976,94.36702812474046,0.9229747675962815,1.0,480.82754695503604,0.0,"{""seabed"": 1.0}"
model,ops_b_gop,800,27,surface,753,333.36251815738655,344.38185851082625,453.2790571473332,0.01859229747675963,1.0,3625.746173401602,0.0,"{""buoy"": 1.0}"
model,ops_b_gop,800,27,statopt,753,315.14221815954664,317.59891415565056,444.29746001492515,0.021248339973439574,1.0,3625.746173401602,0.0,"{""cloud"": 1.0}"
model,ops_b_gop,800,27,cacgr,753,58.11785677211645,56.94492174345384,89.21126829509002,0.9548472775564409,1.0,649.1084409030524,0.0,"{""seabed"": 0.8632, ""auv"": 0.0784, ""sat"": 0.0478, ""buoy"": 0.0106}"
model,ops_b_gop,800,28,cloud,756,601.0078797688577,629.1909220969981,748.6183145493213,0.0,1.0,9.600000000006665,0.0,"{""cloud"": 1.0}"
model,ops_b_gop,800,28,sensor,756,63.5568650084122,62.04707163220392,95.13450412504977,0.9007936507936508,1.0,467.523431594846,0.0,"{""seabed"": 1.0}"
model,ops_b_gop,800,28,surface,756,271.558871849826,271.5247123779037,394.18248852053745,0.026455026455026454,1.0,3713.362854119387,0.0,"{""buoy"": 1.0}"
model,ops_b_gop,800,28,statopt,756,259.5252492547533,261.3944830183903,388.6604299800859,0.0291005291005291,1.0,3713.362854119387,0.0,"{""cloud"": 1.0}"
model,ops_b_gop,800,28,cacgr,756,58.94538871138391,58.212648876574164,91.06628086512352,0.9404761904761905,1.0,633.559198790611,0.0,"{""seabed"": 0.8413, ""auv"": 0.0794, ""sat"": 0.0608, ""buoy"": 0.0185}"
model,ops_b_gop,800,29,cloud,782,636.6574051682869,648.1548646333648,730.6128779796746,0.0,1.0,9.6000000000075,0.0,"{""cloud"": 1.0}"
model,ops_b_gop,800,29,sensor,782,61.25681822181813,59.78190436996544,94.17531239343803,0.921994884910486,1.0,492.1991231275235,0.0,"{""seabed"": 1.0}"
model,ops_b_gop,800,29,surface,782,340.3392519017881,336.26705207656426,461.69741365500533,0.010230179028132993,1.0,3524.2832356594595,0.0,"{""buoy"": 1.0}"
model,ops_b_gop,800,29,statopt,782,317.1244252472125,313.0438102181967,450.6714010409123,0.010230179028132993,1.0,3524.2832356594595,0.0,"{""cloud"": 1.0}"
model,ops_b_gop,800,29,cacgr,782,58.2771626571068,57.03634324741502,91.01558365244526,0.9437340153452686,1.0,600.8893708439974,0.0,"{""seabed"": 0.8529, ""auv"": 0.1049, ""sat"": 0.0345, ""buoy"": 0.0064, ""uav"": 0.0013}"
model,ops_b_gop,1600,0,cloud,764,629.3406919833211,643.455121242984,775.3578275438715,0.0,1.0,9.60000000000571,0.0,"{""cloud"": 1.0}"
model,ops_b_gop,1600,0,sensor,764,145.65583304349155,118.25109092626535,342.8012356560829,0.281413612565445,1.0,885.1151832460766,0.0,"{""seabed"": 1.0}"
model,ops_b_gop,1600,0,surface,764,347.6636747162157,369.97378091268456,437.91852546926265,0.017015706806282723,1.0,3629.669564697053,0.0,"{""buoy"": 1.0}"
model,ops_b_gop,1600,0,statopt,764,299.0595762890331,308.7019016369438,417.5139525849137,0.01832460732984293,1.0,3629.669564697053,0.0,"{""cloud"": 1.0}"
model,ops_b_gop,1600,0,cacgr,764,74.68437162253647,71.84508733706043,116.43183771525447,0.7395287958115183,1.0,1614.1246133133848,0.0,"{""seabed"": 0.6558, ""sat"": 0.1191, ""auv"": 0.1178, ""buoy"": 0.1021, ""uav"": 0.0052}"
model,ops_b_gop,1600,1,cloud,727,527.4155101520975,530.1214959986389,713.5396985108822,0.0,1.0,9.600000000007828,0.0,"{""cloud"": 1.0}"
model,ops_b_gop,1600,1,sensor,727,133.37436685181797,111.38126816647467,291.3003629176172,0.3576341127922971,1.0,873.9198270780049,0.0,"{""seabed"": 1.0}"
model,ops_b_gop,1600,1,surface,727,281.4690868666228,290.146886285093,393.21244587236373,0.030261348005502064,1.0,3857.4863147965875,0.0,"{""buoy"": 1.0}"
model,ops_b_gop,1600,1,statopt,727,245.5737479647057,247.1185081443718,374.9675848185611,0.03851444291609354,1.0,3857.4863147965875,0.0,"{""cloud"": 1.0}"
model,ops_b_gop,1600,1,cacgr,727,72.45972839692709,69.81886933029236,116.65079431180311,0.7854195323246217,1.0,1773.124313931998,0.0,"{""seabed"": 0.63, ""sat"": 0.1389, ""buoy"": 0.1279, ""auv"": 0.1032}"
model,ops_b_gop,1600,2,cloud,757,667.9278359253242,660.1742646916725,807.9705756745648,0.0,1.0,9.600000000003769,0.0,"{""cloud"": 1.0}"
model,ops_b_gop,1600,2,sensor,757,131.8738223636988,120.87143444411608,238.84568338527066,0.25891677675033026,1.0,881.4961313455365,0.0,"{""seabed"": 1.0}"
model,ops_b_gop,1600,2,surface,757,371.74684343653655,384.86965811725275,461.86558487648495,0.003963011889035667,1.0,3689.6226306850044,0.0,"{""buoy"": 1.0}"
model,ops_b_gop,1600,2,statopt,757,319.1737471548515,324.9942319030859,436.50762976777304,0.005284015852047556,1.0,3689.6226306850044,0.0,"{""cloud"": 1.0}"
model,ops_b_gop,1600,2,cacgr,757,74.90049744667697,73.54322854338122,119.7927651582047,0.7727873183619551,1.0,1643.2927299490404,0.0,"{""seabed"": 0.6367, ""sat"": 0.1413, ""buoy"": 0.1136, ""auv"": 0.103, ""uav"": 0.0053}"
model,ops_b_gop,1600,3,cloud,758,562.2830360217657,599.9578018876566,693.9504154424596,0.0,1.0,9.600000000007029,0.0,"{""cloud"": 1.0}"
model,ops_b_gop,1600,3,sensor,758,137.92028091196025,107.02144577995763,311.083729787362,0.34564643799472294,1.0,852.3203920090092,0.0,"{""seabed"": 1.0}"
model,ops_b_gop,1600,3,surface,758,196.61278400939992,191.10603517643565,289.42117976960617,0.06068601583113457,1.0,3654.5074044477374,0.0,"{""buoy"": 1.0}"
model,ops_b_gop,1600,3,statopt,758,189.242248331235,186.15281982284174,287.0909860047224,0.06728232189973615,1.0,3654.5074044477374,0.0,"{""cloud"": 1.0}"
model,ops_b_gop,1600,3,cacgr,758,74.9507306350199,71.62199836073269,115.40452038611373,0.7638522427440633,1.0,1655.5752762909513,0.0,"{""seabed"": 0.6055, ""sat"": 0.1491, ""buoy"": 0.1346, ""auv"": 0.1082, ""uav"": 0.0026}"
model,ops_b_gop,1600,4,cloud,790,622.2076828895141,620.2145514490614,768.2899051703613,0.0,1.0,9.600000000003964,0.0,"{""cloud"": 1.0}"
model,ops_b_gop,1600,4,sensor,790,161.5624769234913,144.08979684012897,342.7841972008703,0.2189873417721519,1.0,868.7721518987145,0.0,"{""seabed"": 1.0}"
model,ops_b_gop,1600,4,surface,790,311.73053561338537,328.187676691509,380.50039993927584,0.010126582278481013,1.0,3539.194473779348,0.0,"{""buoy"": 1.0}"
model,ops_b_gop,1600,4,statopt,790,277.78330892756037,288.64429262252077,369.7903032337271,0.013924050632911392,1.0,3539.194473779348,0.0,"{""cloud"": 1.0}"
model,ops_b_gop,1600,4,cacgr,790,75.6572638470649,73.58374738708262,119.72674072528099,0.7443037974683544,1.0,1713.2400581554953,0.0,"{""seabed"": 0.6443, ""sat"": 0.1316, ""buoy"": 0.1253, ""auv"": 0.0975, ""uav"": 0.0013}"
model,ops_b_gop,1600,5,cloud,763,610.6744987251569,626.8667862183752,703.4699513391313,0.0,1.0,9.600000000006274,0.0,"{""cloud"": 1.0}"
model,ops_b_gop,1600,5,sensor,763,140.07614775665112,119.04089521001103,300.7833726147242,0.272608125819135,1.0,887.8921550271286,0.0,"{""seabed"": 1.0}"
model,ops_b_gop,1600,5,surface,763,322.42401405741185,327.53334502330983,440.89456881221815,0.019659239842726082,1.0,3705.556673282119,0.0,"{""buoy"": 1.0}"
model,ops_b_gop,1600,5,statopt,763,271.64079065300564,260.86543006435727,422.6581311686499,0.019659239842726082,1.0,3705.556673282119,0.0,"{""cloud"": 1.0}"
model,ops_b_gop,1600,5,cacgr,763,78.71260106718026,72.80583923087566,135.3163409293062,0.7352555701179554,1.0,1586.5599940085863,0.0,"{""seabed"": 0.5911, ""auv"": 0.1389, ""sat"": 0.135, ""buoy"": 0.1284, ""uav"": 0.0066}"
model,ops_b_gop,1600,6,cloud,729,586.2449115788185,598.4345083485331,745.9154120506197,0.0,1.0,9.600000000008261,0.0,"{""cloud"": 1.0}"
model,ops_b_gop,1600,6,sensor,729,125.40792901341425,116.74298044449921,223.19961018374443,0.3196159122085048,1.0,866.7658240250605,0.0,"{""seabed"": 1.0}"
model,ops_b_gop,1600,6,surface,729,289.6519295212492,305.0450767166554,402.76195283082177,0.02194787379972565,1.0,3780.267679404232,0.0,"{""buoy"": 1.0}"
model,ops_b_gop,1600,6,statopt,729,267.838435027728,271.3645681185279,395.5547197893315,0.02194787379972565,1.0,3780.267679404232,0.0,"{""cloud"": 1.0}"
model,ops_b_gop,1600,6,cacgr,729,71.96229313500749,69.765816091733,112.52993745710383,0.7997256515775034,1.0,1671.8206168919996,0.0,"{""seabed"": 0.6187, ""buoy"": 0.1331, ""auv"": 0.1248, ""sat"": 0.1221, ""uav"": 0.0014}"
model,ops_b_gop,1600,7,cloud,757,621.7270418293867,650.8955001016681,729.778535535022,0.0,1.0,9.600000000007762,0.0,"{""cloud"": 1.0}"
model,ops_b_gop,1600,7,sensor,757,137.901626470281,116.03254384346073,292.2537796646884,0.309114927344782,1.0,866.4933006227436,0.0,"{""seabed"": 1.0}"
model,ops_b_gop,1600,7,surface,757,293.2732055545881,309.1083674366108,384.10863150626324,0.031704095112285335,1.0,3580.1304789582528,0.0,"{""buoy"": 1.0}"
model,ops_b_gop,1600,7,statopt,757,264.70553654133425,264.8071488616998,369.05256753241247,0.031704095112285335,1.0,3580.1304789582528,0.0,"{""cloud"": 1.0}"
model,ops_b_gop,1600,7,cacgr,757,72.87252068226421,69.45318461290807,114.71546146450181,0.7952443857331571,1.0,1771.5223524438363,0.0,"{""seabed"": 0.6209, ""buoy"": 0.1466, ""sat"": 0.1308, ""auv"": 0.0978, ""uav"": 0.004}"
model,ops_b_gop,1600,8,cloud,772,537.6325059512868,536.5927135012186,760.9470507139843,0.0,1.0,9.600000000006183,0.0,"{""cloud"": 1.0}"
model,ops_b_gop,1600,8,sensor,772,139.09837259803538,120.9831912217515,279.9300660826491,0.2927461139896373,1.0,879.7202072538568,0.0,"{""seabed"": 1.0}"
model,ops_b_gop,1600,8,surface,772,350.2138271328686,360.8945874537972,445.11687577244203,0.014248704663212436,1.0,3625.359928941482,0.0,"{""buoy"": 1.0}"
model,ops_b_gop,1600,8,statopt,772,302.8475006734319,296.4822028540678,428.2397029013095,0.018134715025906734,1.0,3625.359928941482,0.0,"{""cloud"": 1.0}"
model,ops_b_gop,1600,8,cacgr,772,69.61271892252753,66.8253401744245,108.85366819230353,0.8290155440414507,1.0,1589.3432222057434,0.0,"{""seabed"": 0.5959, ""buoy"": 0.1438, ""sat"": 0.1386, ""auv"": 0.1218}"
model,ops_b_gop,1600,9,cloud,819,690.6258506919238,711.210774589386,809.5518260985308,0.0,1.0,9.600000000006688,0.0,"{""cloud"": 1.0}"
model,ops_b_gop,1600,9,sensor,819,163.60724119906362,145.65905638407762,317.11289988950955,0.2148962148962149,1.0,869.5911390196918,0.0,"{""seabed"": 1.0}"
model,ops_b_gop,1600,9,surface,819,347.01896379794374,374.0090885081447,443.4604610545369,0.028083028083028084,1.0,3504.621583115251,0.0,"{""buoy"": 1.0}"
model,ops_b_gop,1600,9,statopt,819,300.5340103802903,318.0624358945502,417.7803623476379,0.028083028083028084,1.0,3504.621583115251,0.0,"{""cloud"": 1.0}"
model,ops_b_gop,1600,9,cacgr,819,76.62698718706409,73.69070500894232,126.06810060085051,0.7472527472527473,1.0,1599.033020059283,0.0,"{""seabed"": 0.6105, ""sat"": 0.1392, ""auv"": 0.1319, ""buoy"": 0.1148, ""uav"": 0.0037}"
model,ops_b_gop,1600,10,cloud,786,626.2335017793685,641.6405271622958,754.4896620250344,0.0,1.0,9.600000000004725,0.0,"{""cloud"": 1.0}"
model,ops_b_gop,1600,10,sensor,786,147.33340532584924,124.28429275059898,330.0441447785526,0.24045801526717558,1.0,879.1537622682631,0.0,"{""seabed"": 1.0}"
model,ops_b_gop,1600,10,surface,786,341.7454488992645,359.476374598479,431.3591777504785,0.019083969465648856,1.0,3604.4651748454826,0.0,"{""buoy"": 1.0}"
model,ops_b_gop,1600,10,statopt,786,298.6928982524753,315.2935486171545,419.8557435220116,0.020356234096692113,1.0,3604.4651748454826,0.0,"{""cloud"": 1.0}"
model,ops_b_gop,1600,10,cacgr,786,72.63134346169535,71.21018717051228,113.12530345239226,0.7824427480916031,1.0,1613.0106463104205,0.0,"{""seabed"": 0.6221, ""sat"": 0.1361, ""auv"": 0.1323, ""buoy"": 0.1081, ""uav"": 0.0013}"
model,ops_b_gop,1600,11,cloud,770,641.5312688519167,644.1059843640593,725.9507114909482,0.0,1.0,9.600000000005995,0.0,"{""cloud"": 1.0}"
model,ops_b_gop,1600,11,sensor,770,133.73029887194303,117.98775677393847,267.29906521066886,0.2714285714285714,1.0,895.6456400742029,0.0,"{""seabed"": 1.0}"
model,ops_b_gop,1600,11,surface,770,377.5981120038268,389.5550567761311,464.98799195312984,0.01948051948051948,1.0,3601.4239525046087,0.0,"{""buoy"": 1.0}"
model,ops_b_gop,1600,11,statopt,770,316.0018056771803,315.3188775741166,437.99963792235246,0.01948051948051948,1.0,3601.4239525046087,0.0,"{""cloud"": 1.0}"
model,ops_b_gop,1600,11,cacgr,770,78.87626282750189,74.93340729241511,127.69514380853357,0.7103896103896103,1.0,1631.0981877550905,0.0,"{""seabed"": 0.6442, ""sat"": 0.1429, ""auv"": 0.1156, ""buoy"": 0.0974}"
model,ops_b_gop,1600,12,cloud,792,685.0779190344473,694.7768048952809,800.0182496042557,0.0,1.0,9.600000000006,0.0,"{""cloud"": 1.0}"
model,ops_b_gop,1600,12,sensor,792,140.8647221257639,129.63572905656548,255.6307154424958,0.24873737373737373,1.0,859.1338383838134,0.0,"{""seabed"": 1.0}"
model,ops_b_gop,1600,12,surface,792,288.09434264949465,310.2897189587238,385.8438694281607,0.05808080808080808,1.0,3533.8066378065864,0.0,"{""buoy"": 1.0}"
model,ops_b_gop,1600,12,statopt,792,268.54144820358766,288.1459550596192,374.06233985118047,0.06313131313131314,1.0,3533.8066378065864,0.0,"{""cloud"": 1.0}"
model,ops_b_gop,1600,12,cacgr,792,71.74716196022224,69.6482417090181,111.29421536028545,0.7891414141414141,1.0,1616.3683347763074,0.0,"{""seabed"": 0.5846, ""buoy"": 0.1452, ""sat"": 0.1439, ""auv"": 0.1212, ""uav"": 0.0051}"
model,ops_b_gop,1600,13,cloud,769,595.5126124036964,613.6495513501757,683.8995795271987,0.0,1.0,9.600000000004503,0.0,"{""cloud"": 1.0}"
model,ops_b_gop,1600,13,sensor,769,140.439237469533,123.66044757923325,296.06549864475915,0.24967490247074123,1.0,846.5383615084116,0.0,"{""seabed"": 1.0}"
model,ops_b_gop,1600,13,surface,769,112.3074454171634,103.97105791781966,188.23697565449274,0.37451235370611186,1.0,3509.344407207817,0.0,"{""buoy"": 1.0}"
model,ops_b_gop,1600,13,statopt,769,109.51727209600992,101.41514542210304,186.842280541281,0.40052015604681407,1.0,3509.344407207817,0.0,"{""cloud"": 1.0}"
model,ops_b_gop,1600,13,cacgr,769,67.96615759901351,67.11929651173172,103.80863123007097,0.8621586475942783,1.0,1638.9725315994374,0.0,"{""seabed"": 0.5475, ""buoy"": 0.1769, ""sat"": 0.1625, ""auv"": 0.1079, ""uav"": 0.0052}"
model,ops_b_gop,1600,14,cloud,750,595.9348872645264,617.5952708750119,736.7941141030968,0.0,1.0,9.600000000005632,0.0,"{""cloud"": 1.0}"
model,ops_b_gop,1600,14,sensor,750,156.58158831204491,122.44273213979844,404.7271331045684,0.27466666666666667,1.0,859.8095238094986,0.0,"{""seabed"": 1.0}"
model,ops_b_gop,1600,14,surface,750,270.3813332905766,286.97496487700187,355.26960431027015,0.029333333333333333,1.0,3640.1756220951925,0.0,"{""buoy"": 1.0}"
model,ops_b_gop,1600,14,statopt,750,251.56808226475167,262.1554605507927,352.10204147783935,0.030666666666666665,1.0,3640.1756220951925,0.0,"{""cloud"": 1.0}"
model,ops_b_gop,1600,14,cacgr,750,72.85974655728188,70.28920397850791,113.57835531488234,0.7906666666666666,1.0,1719.7462339047352,0.0,"{""seabed"": 0.5827, ""sat"": 0.1733, ""buoy"": 0.136, ""auv"": 0.108}"
model,ops_b_gop,1600,15,cloud,770,567.9485978672296,607.2584111405228,702.1736947739158,0.0,1.0,9.600000000004483,0.0,"{""cloud"": 1.0}"
model,ops_b_gop,1600,15,sensor,770,140.64484175081085,125.04578212795361,299.5906286838469,0.23896103896103896,1.0,854.9684601112858,0.0,"{""seabed"": 1.0}"
model,ops_b_gop,1600,15,surface,770,212.60412143484254,225.5022708010625,284.02530689704383,0.06103896103896104,1.0,3560.4909298700773,0.0,"{""buoy"": 1.0}"
model,ops_b_gop,1600,15,statopt,770,196.59523484980534,205.58537590111592,274.3406141590183,0.06493506493506493,1.0,3560.4909298700773,0.0,"{""cloud"": 1.0}"
model,ops_b_gop,1600,15,cacgr,770,71.28823255905483,69.96156242900088,106.92908037011762,0.8025974025974026,1.0,1732.1786389610047,0.0,"{""seabed"": 0.5831, ""buoy"": 0.1623, ""sat"": 0.1481, ""auv"": 0.1026, ""uav"": 0.0039}"
model,ops_b_gop,1600,16,cloud,748,596.7942599629121,607.843837325259,745.0974620957028,0.0,1.0,9.600000000006327,0.0,"{""cloud"": 1.0}"
model,ops_b_gop,1600,16,sensor,748,135.90598900662673,110.31645991708143,310.1854849970823,0.3235294117647059,1.0,847.6455309396052,0.0,"{""seabed"": 1.0}"
model,ops_b_gop,1600,16,surface,748,107.41555037870694,110.053663309159,157.04965274538154,0.30614973262032086,1.0,3638.365689839508,0.0,"{""buoy"": 1.0}"
model,ops_b_gop,1600,16,statopt,748,104.40847625398466,106.12464050688466,153.74458366546483,0.3355614973262032,1.0,3638.365689839508,0.0,"{""cloud"": 1.0}"
model,ops_b_gop,1600,16,cacgr,748,68.47075207780934,67.91830920474082,101.52653674426097,0.8810160427807486,1.0,1738.5518472115662,0.0,"{""seabed"": 0.5535, ""buoy"": 0.1872, ""sat"": 0.1671, ""auv"": 0.0922}"
model,ops_b_gop,1600,17,cloud,733,594.9503837246225,606.1435751182534,707.0671413078255,0.0,1.0,9.60000000000642,0.0,"{""cloud"": 1.0}"
model,ops_b_gop,1600,17,sensor,733,120.33769645808539,106.437556208894,228.53265005756145,0.33560709413369716,1.0,899.9341259014003,0.0,"{""seabed"": 1.0}"
model,ops_b_gop,1600,17,surface,733,377.1609992512365,387.39583845616653,484.75801173225085,0.005457025920873124,1.0,3974.1134125901185,0.0,"{""buoy"": 1.0}"
model,ops_b_gop,1600,17,statopt,733,317.3240324410542,311.58122690918634,461.58011034438624,0.0068212824010914054,1.0,3974.1134125901185,0.0,"{""cloud"": 1.0}"
model,ops_b_gop,1600,17,cacgr,733,78.37571152032855,74.99591289180123,131.67103506599503,0.732605729877217,1.0,1785.5878448645549,0.0,"{""seabed"": 0.6698, ""sat"": 0.1228, ""auv"": 0.1214, ""buoy"": 0.0859}"
model,ops_b_gop,1600,18,cloud,782,574.3410664465378,593.6352950446665,675.1638806497693,0.0,1.0,9.600000000006132,0.0,"{""cloud"": 1.0}"
model,ops_b_gop,1600,18,sensor,782,159.6455801847825,140.94325964335366,319.9211453317226,0.22122762148337596,1.0,842.2356594811379,0.0,"{""seabed"": 1.0}"
model,ops_b_gop,1600,18,surface,782,81.99546089749009,77.25991655701388,136.38354485386884,0.6278772378516624,1.0,3184.3198421628886,0.0,"{""buoy"": 1.0}"
model,ops_b_gop,1600,18,statopt,782,79.02937834441255,74.44417252259191,134.70754493507954,0.6560102301790282,1.0,3184.3198421628886,0.0,"{""cloud"": 1.0}"
model,ops_b_gop,1600,18,cacgr,782,66.87103380763435,66.58355106689208,101.68330866172468,0.8823529411764706,1.0,1606.4900463280499,0.0,"{""seabed"": 0.5179, ""buoy"": 0.2072, ""sat"": 0.1624, ""auv"": 0.1087, ""uav"": 0.0038}"
model,ops_b_gop,1600,19,cloud,753,639.72460016078,648.0139287222003,732.0432709828987,0.0,1.0,9.600000000007444,0.0,"{""cloud"": 1.0}"
model,ops_b_gop,1600,19,sensor,753,147.79230782436545,122.40634749468057,298.1043748698843,0.2788844621513944,1.0,909.3800037943549,0.0,"{""seabed"": 1.0}"
model,ops_b_gop,1600,19,surface,753,414.1883611727836,427.08931646887197,514.9555706453108,0.005312084993359893,1.0,3633.394531587915,0.0,"{""buoy"": 1.0}"
model,ops_b_gop,1600,19,statopt,753,340.09117949813026,345.0773319128576,482.74780683973296,0.00796812749003984,1.0,3633.394531587915,0.0,"{""cloud"": 1.0}"
model,ops_b_gop,1600,19,cacgr,753,82.21291721238175,79.31995658067123,135.73908349825123,0.6414342629482072,1.0,1695.1450669702153,0.0,"{""seabed"": 0.6428, ""auv"": 0.1315, ""sat"": 0.1142, ""buoy"": 0.1102, ""uav"": 0.0013}"
model,ops_b_gop,1600,20,cloud,812,652.1760837228293,648.4753712034114,760.9622147968471,0.0,1.0,9.600000000007316,0.0,"{""cloud"": 1.0}"
model,ops_b_gop,1600,20,sensor,812,171.77585878685335,146.86483016738268,366.6143441802998,0.16009852216748768,1.0,894.848346235036,0.0,"{""seabed"": 1.0}"
model,ops_b_gop,1600,20,surface,812,433.5414426693913,443.29440902076715,534.0312841054007,0.008620689655172414,1.0,3425.834482758592,0.0,"{""buoy"": 1.0}"
model,ops_b_gop,1600,20,statopt,812,344.59886063853236,346.84537064467975,487.38770689048664,0.009852216748768473,1.0,3425.834482758592,0.0,"{""cloud"": 1.0}"
model,ops_b_gop,1600,20,cacgr,812,80.1032741568659,76.13593083888578,127.93845542222178,0.6773399014778325,1.0,1664.5570330752876,0.0,"{""seabed"": 0.6367, ""buoy"": 0.1268, ""auv"": 0.1256, ""sat"": 0.1108}"
model,ops_b_gop,1600,21,cloud,770,628.9165168953839,637.0287058713883,753.6411393659112,0.0,1.0,9.600000000005952,0.0,"{""cloud"": 1.0}"
model,ops_b_gop,1600,21,sensor,770,137.84166521155174,116.14003194093384,297.2540248148289,0.32727272727272727,1.0,879.1799628942417,0.0,"{""seabed"": 1.0}"
model,ops_b_gop,1600,21,surface,770,349.3207889331233,362.7192022113495,427.58215972623174,0.015584415584415584,1.0,3731.265656400709,0.0,"{""buoy"": 1.0}"
model,ops_b_gop,1600,21,statopt,770,302.89217794101415,305.09974183946065,410.4658736915735,0.01818181818181818,1.0,3731.265656400709,0.0,"{""cloud"": 1.0}"
model,ops_b_gop,1600,21,cacgr,770,78.16756927343157,73.77360905519139,132.30707299403193,0.7259740259740259,1.0,1645.6170092764255,0.0,"{""seabed"": 0.6403, ""auv"": 0.1429, ""sat"": 0.1195, ""buoy"": 0.0974}"
model,ops_b_gop,1600,22,cloud,813,630.6848256678381,659.0490334440185,820.7260076060404,0.0,1.0,9.60000000000813,0.0,"{""cloud"": 1.0}"
model,ops_b_gop,1600,22,sensor,813,151.8421666351248,137.80236064026832,280.3274566627962,0.22140221402214022,1.0,887.2662098049377,0.0,"{""seabed"": 1.0}"
model,ops_b_gop,1600,22,surface,813,390.1987778579339,404.1920608714281,506.3165038218701,0.014760147601476014,1.0,3555.1181950447713,0.0,"{""buoy"": 1.0}"
model,ops_b_gop,1600,22,statopt,813,339.4811937197018,345.6333165929764,470.96151586419035,0.014760147601476014,1.0,3555.1181950447713,0.0,"{""cloud"": 1.0}"
model,ops_b_gop,1600,22,cacgr,813,76.87362271018168,72.68402703557877,125.89381305434043,0.7330873308733087,1.0,1543.646102266716,0.0,"{""seabed"": 0.6064, ""auv"": 0.1402, ""sat"": 0.1316, ""buoy"": 0.1218}"
model,ops_b_gop,1600,23,cloud,784,675.9965234789848,678.1640676222377,822.4571108415773,0.0,1.0,9.600000000007626,0.0,"{""cloud"": 1.0}"
model,ops_b_gop,1600,23,sensor,784,148.64488685254437,129.7967698804711,303.1955003961929,0.22576530612244897,1.0,873.9296647230199,0.0,"{""seabed"": 1.0}"
model,ops_b_gop,1600,23,surface,784,350.41380004096715,369.830851430671,450.37862236618423,0.011479591836734694,1.0,3569.9013177842194,0.0,"{""buoy"": 1.0}"
model,ops_b_gop,1600,23,statopt,784,307.2754132395049,314.8727730792536,427.9079757515314,0.012755102040816327,1.0,3569.9013177842194,0.0,"{""cloud"": 1.0}"
model,ops_b_gop,1600,23,cacgr,784,76.3157779019165,73.36229500002686,119.04353806591143,0.7244897959183674,1.0,1548.5275131195199,0.0,"{""seabed"": 0.6416, ""auv"": 0.139, ""sat"": 0.1224, ""buoy"": 0.0944, ""uav"": 0.0026}"
model,ops_b_gop,1600,24,cloud,813,607.5899423835824,617.9987819744186,723.7865288873913,0.0,1.0,9.600000000007594,0.0,"{""cloud"": 1.0}"
model,ops_b_gop,1600,24,sensor,813,181.77806356315628,160.2905580561346,357.96142493519324,0.1881918819188192,1.0,842.2829028289833,0.0,"{""seabed"": 1.0}"
model,ops_b_gop,1600,24,surface,813,101.00782911421638,105.49168052471602,151.1914981484877,0.36900369003690037,1.0,3189.492796345044,0.0,"{""buoy"": 1.0}"
model,ops_b_gop,1600,24,statopt,813,97.84866877691816,102.09532583057056,146.77581379498727,0.3948339483394834,1.0,3189.492796345044,0.0,"{""cloud"": 1.0}"
model,ops_b_gop,1600,24,cacgr,813,71.20839353229621,68.37831123234682,110.75523016143876,0.8253382533825339,1.0,1495.6321858372414,0.0,"{""seabed"": 0.5474, ""buoy"": 0.171, ""sat"": 0.1562, ""auv"": 0.1193, ""uav"": 0.0062}"
model,ops_b_gop,1600,25,cloud,675,640.4521804394545,646.5717681359009,775.0410185360884,0.0,1.0,9.60000000000538,0.0,"{""cloud"": 1.0}"
model,ops_b_gop,1600,25,sensor,675,109.6177908521178,98.23514502221732,221.59945992775698,0.4177777777777778,1.0,873.1640211640081,0.0,"{""seabed"": 1.0}"
model,ops_b_gop,1600,25,surface,675,312.950107990897,331.0028478860535,415.1602835236444,0.03259259259259259,1.0,4302.61329608461,0.0,"{""buoy"": 1.0}"
model,ops_b_gop,1600,25,statopt,675,292.68223765246717,302.7566781099832,413.32860099006746,0.035555555555555556,1.0,4302.61329608461,0.0,"{""cloud"": 1.0}"
model,ops_b_gop,1600,25,cacgr,675,74.89624466035549,71.23606925643071,114.70023189813678,0.7733333333333333,1.0,1715.6751407407207,0.0,"{""seabed"": 0.6578, ""sat"": 0.1274, ""auv"": 0.1185, ""buoy"": 0.0919, ""uav"": 0.0044}"
model,ops_b_gop,1600,26,cloud,842,530.7641984930718,543.3851402292613,724.0124821775788,0.0,1.0,9.60000000000948,0.0,"{""cloud"": 1.0}"
model,ops_b_gop,1600,26,sensor,842,189.72910150930815,140.11511301600865,449.6044488301877,0.20308788598574823,1.0,888.910417373575,0.0,"{""seabed"": 1.0}"
model,ops_b_gop,1600,26,surface,842,406.14661760831405,408.7870877603891,502.2860438844612,0.0011876484560570072,1.0,3307.237499830302,0.0,"{""buoy"": 1.0}"
model,ops_b_gop,1600,26,statopt,842,318.887325555492,319.4450856107675,463.3952007739575,0.00831353919239905,1.0,3307.237499830302,0.0,"{""cloud"": 1.0}"
model,ops_b_gop,1600,26,cacgr,842,79.67892711391376,76.58650995093473,126.30060431322097,0.7161520190023754,1.0,1595.8232209025894,0.0,"{""seabed"": 0.6164, ""auv"": 0.152, ""sat"": 0.1223, ""buoy"": 0.1069, ""uav"": 0.0024}"
model,ops_b_gop,1600,27,cloud,753,582.5453770000071,609.657265189047,748.2277811288311,0.0,1.0,9.600000000009588,0.0,"{""cloud"": 1.0}"
model,ops_b_gop,1600,27,sensor,753,155.4101431395189,121.25956449414177,370.209407949133,0.2549800796812749,1.0,880.8275469550327,0.0,"{""seabed"": 1.0}"
model,ops_b_gop,1600,27,surface,753,364.7834211854567,383.79927558000634,478.154990857492,0.01859229747675963,1.0,3625.746173401602,0.0,"{""buoy"": 1.0}"
model,ops_b_gop,1600,27,statopt,753,315.14488482621334,317.6015808223172,444.30012668159185,0.021248339973439574,1.0,3625.746173401602,0.0,"{""cloud"": 1.0}"
model,ops_b_gop,1600,27,cacgr,753,77.06391246321009,73.8514100801852,122.48091418399781,0.7304116865869854,1.0,1795.3009356858204,0.0,"{""seabed"": 0.6507, ""sat"": 0.1355, ""auv"": 0.1182, ""buoy"": 0.0943, ""uav"": 0.0013}"
model,ops_b_gop,1600,28,cloud,756,601.0105464355242,629.1935887636648,748.6209812159881,0.0,1.0,9.600000000006665,0.0,"{""cloud"": 1.0}"
model,ops_b_gop,1600,28,sensor,756,150.8971293912904,127.19482868939316,339.95768846580927,0.26322751322751325,1.0,867.5234315948436,0.0,"{""seabed"": 1.0}"
model,ops_b_gop,1600,28,surface,756,294.61177066554615,305.8411287885739,413.88717697593927,0.02513227513227513,1.0,3713.362854119387,0.0,"{""buoy"": 1.0}"
model,ops_b_gop,1600,28,statopt,756,259.52791592141995,261.397149685057,388.66309664675265,0.0291005291005291,1.0,3713.362854119387,0.0,"{""cloud"": 1.0}"
model,ops_b_gop,1600,28,cacgr,756,73.680273200925,71.40676061005648,117.96446199510258,0.7764550264550265,1.0,1706.9815479969536,0.0,"{""seabed"": 0.6124, ""sat"": 0.1534, ""buoy"": 0.1296, ""auv"": 0.1045}"
model,ops_b_gop,1600,29,cloud,782,636.6600718349534,648.1575313000316,730.6155446463414,0.0,1.0,9.6000000000075,0.0,"{""cloud"": 1.0}"
model,ops_b_gop,1600,29,sensor,782,153.27825032220662,138.21078452850062,297.3630799801651,0.25831202046035806,1.0,892.1991231275202,0.0,"{""seabed"": 1.0}"
model,ops_b_gop,1600,29,surface,782,382.05534285538147,391.2341615819303,481.3472141747873,0.010230179028132993,1.0,3524.2832356594595,0.0,"{""buoy"": 1.0}"
model,ops_b_gop,1600,29,statopt,782,317.12709191387916,313.0464768848634,450.674067707579,0.010230179028132993,1.0,3524.2832356594595,0.0,"{""cloud"": 1.0}"
model,ops_b_gop,1600,29,cacgr,782,81.35261725372362,75.78249336536707,137.36735722652855,0.6751918158567775,1.0,1645.9188542199497,0.0,"{""seabed"": 0.665, ""auv"": 0.1483, ""sat"": 0.0997, ""buoy"": 0.0818, ""uav"": 0.0051}"
model,ops_b_gop,3200,0,cloud,764,629.3460253166544,643.4604545763174,775.3631608772049,0.0,1.0,9.60000000000571,0.0,"{""cloud"": 1.0}"
model,ops_b_gop,3200,0,sensor,764,1260.9035898436673,1264.222440900777,2357.967025026281,0.009162303664921465,1.0,1685.1151832460387,0.0,"{""seabed"": 1.0}"
model,ops_b_gop,3200,0,surface,764,816.062963837537,831.4869415521666,1346.242926317565,0.017015706806282723,1.0,3629.669564697053,0.0,"{""buoy"": 1.0}"
model,ops_b_gop,3200,0,statopt,764,299.06490962236643,308.70723497027706,417.51928591824714,0.01832460732984293,1.0,3629.669564697053,0.0,"{""cloud"": 1.0}"
model,ops_b_gop,3200,0,cacgr,764,101.79161536598059,102.07040346896902,149.05123617262308,0.35732984293193715,1.0,3367.2256275242944,0.0,"{""seabed"": 0.3665, ""buoy"": 0.2827, ""sat"": 0.1911, ""auv"": 0.1571, ""uav"": 0.0026}"
model,ops_b_gop,3200,1,cloud,727,527.4208434854307,530.1268293319723,713.5450318442156,0.0,1.0,9.600000000007828,0.0,"{""cloud"": 1.0}"
model,ops_b_gop,3200,1,sensor,727,1138.7275317722647,1064.582553430727,2381.4770318266487,0.008253094910591471,1.0,1673.919827077969,0.0,"{""seabed"": 1.0}"
model,ops_b_gop,3200,1,surface,727,624.1513822945686,623.1245544713522,1030.3092525717943,0.026134800550206328,1.0,3857.4863147965875,0.0,"{""buoy"": 1.0}"
model,ops_b_gop,3200,1,statopt,727,245.57908129803897,247.12384147770499,374.9729181518944,0.03851444291609354,1.0,3857.4863147965875,0.0,"{""cloud"": 1.0}"
model,ops_b_gop,3200,1,cacgr,727,93.83433140772954,90.71846039177714,154.8378525313988,0.4951856946354883,1.0,3383.480706150499,0.0,"{""seabed"": 0.3054, ""buoy"": 0.2875, ""sat"": 0.2517, ""auv"": 0.1554}"
model,ops_b_gop,3200,2,cloud,757,667.9331692586576,660.179598025006,807.975909007898,0.0,1.0,9.600000000003769,0.0,"{""cloud"": 1.0}"
model,ops_b_gop,3200,2,sensor,757,1261.3577058131991,1260.7850027391075,2302.0289092455732,0.001321003963011889,1.0,1681.4961313455042,0.0,"{""seabed"": 1.0}"
model,ops_b_gop,3200,2,surface,757,849.2348920834127,897.7775413399029,1370.134674046759,0.003963011889035667,1.0,3689.6226306850044,0.0,"{""buoy"": 1.0}"
model,ops_b_gop,3200,2,statopt,757,319.17908048818487,324.9995652364191,436.51296310110627,0.005284015852047556,1.0,3689.6226306850044,0.0,"{""cloud"": 1.0}"
model,ops_b_gop,3200,2,cacgr,757,104.0220366542871,99.93464023139386,165.3227277162189,0.380449141347424,1.0,3376.365989356467,0.0,"{""seabed"": 0.3686, ""buoy"": 0.2589, ""sat"": 0.2444, ""auv"": 0.1281}"
model,ops_b_gop,3200,3,cloud,758,562.2883693550991,599.9631352209898,693.9557487757928,0.0,1.0,9.600000000007029,0.0,"{""cloud"": 1.0}"
model,ops_b_gop,3200,3,sensor,758,1178.5214875781835,1069.716946666686,2493.3029449542214,0.006596306068601583,1.0,1652.3203920089747,0.0,"{""seabed"": 1.0}"
model,ops_b_gop,3200,3,surface,758,606.4261777560963,551.5041887971421,1138.411907967113,0.0158311345646438,1.0,3654.5074044477374,0.0,"{""buoy"": 1.0}"
model,ops_b_gop,3200,3,statopt,758,189.24758166456837,186.15815315617508,287.0963193380559,0.06728232189973615,1.0,3654.5074044477374,0.0,"{""cloud"": 1.0}"
model,ops_b_gop,3200,3,cacgr,758,82.38147818194334,79.11198366793057,135.7174213110199,0.6345646437994723,1.0,2994.430558612842,0.0,"{""buoy"": 0.3865, ""sat"": 0.2586, ""seabed"": 0.2348, ""auv"": 0.1161, ""uav"": 0.004}"
model,ops_b_gop,3200,4,cloud,790,622.2130162228474,620.2198847823948,768.2952385036947,0.0,1.0,9.600000000003964,0.0,"{""cloud"": 1.0}"
model,ops_b_gop,3200,4,sensor,790,1344.0430572367954,1298.7488997204816,2630.75650649726,0.0037974683544303796,1.0,1668.77215189867,0.0,"{""seabed"": 1.0}"
model,ops_b_gop,3200,4,surface,790,787.5752902350337,765.010468213629,1384.135114589428,0.006329113924050633,1.0,3539.194473779348,0.0,"{""buoy"": 1.0}"
model,ops_b_gop,3200,4,statopt,790,277.7886422608937,288.6496259558541,369.79563656706046,0.013924050632911392,1.0,3539.194473779348,0.0,"{""cloud"": 1.0}"
model,ops_b_gop,3200,4,cacgr,790,98.19949317821171,97.61316580965844,146.91891889115095,0.3860759493670886,1.0,3228.2323445930992,0.0,"{""seabed"": 0.3506, ""buoy"": 0.3076, ""sat"": 0.2177, ""auv"": 0.1228, ""uav"": 0.0013}"
model,ops_b_gop,3200,5,cloud,763,610.6798320584904,626.8721195517084,703.4752846724647,0.0,1.0,9.600000000006274,0.0,"{""cloud"": 1.0}"
model,ops_b_gop,3200,5,sensor,763,1226.8496857610537,1189.7695114268479,2446.4416687220337,0.002621231979030144,1.0,1687.8921550271104,0.0,"{""seabed"": 1.0}"
model,ops_b_gop,3200,5,surface,763,748.1253488971346,775.5334633828267,1274.7332848196713,0.014416775884665793,1.0,3705.556673282119,0.0,"{""buoy"": 1.0}"
model,ops_b_gop,3200,5,statopt,763,271.6461239863389,260.8707633976907,422.6634645019831,0.019659239842726082,1.0,3705.556673282119,0.0,"{""cloud"": 1.0}"
model,ops_b_gop,3200,5,cacgr,763,98.89653514699577,92.9097839689314,177.06962247357174,0.47182175622542594,1.0,3208.4854881108076,0.0,"{""buoy"": 0.3001, ""seabed"": 0.2752, ""sat"": 0.232, ""auv"": 0.1874, ""uav"": 0.0052}"
model,ops_b_gop,3200,6,cloud,729,586.2502449121519,598.4398416818665,745.9207453839531,0.0,1.0,9.600000000008261,0.0,"{""cloud"": 1.0}"
model,ops_b_gop,3200,6,sensor,729,1134.4077581622555,1029.2225053058114,2378.297168703593,0.00823045267489712,1.0,1666.765824025028,0.0,"{""seabed"": 1.0}"
model,ops_b_gop,3200,6,surface,729,563.8803981792042,527.7754359150531,1051.2000199890786,0.01783264746227709,1.0,3780.267679404232,0.0,"{""buoy"": 1.0}"
model,ops_b_gop,3200,6,statopt,729,267.8437683610613,271.3699014518614,395.56005312266495,0.02194787379972565,1.0,3780.267679404232,0.0,"{""cloud"": 1.0}"
model,ops_b_gop,3200,6,cacgr,729,88.85920982237216,88.86349407286453,137.49902757511137,0.5185185185185185,1.0,3179.2712145796254,0.0,"{""buoy"": 0.321, ""seabed"": 0.2949, ""sat"": 0.2222, ""auv"": 0.1605, ""uav"": 0.0014}"
model,ops_b_gop,3200,7,cloud,757,621.7323751627202,650.9008334350016,729.7838688683554,0.0,1.0,9.600000000007762,0.0,"{""cloud"": 1.0}"
model,ops_b_gop,3200,7,sensor,757,1258.650421924455,1231.7286185835173,2362.050593644499,0.007926023778071334,1.0,1666.4933006226956,0.0,"{""seabed"": 1.0}"
model,ops_b_gop,3200,7,surface,757,702.1842843318324,717.8923729343994,1235.8854810558946,0.02906208718626156,1.0,3580.1304789582528,0.0,"{""buoy"": 1.0}"
model,ops_b_gop,3200,7,statopt,757,264.7108698746676,264.8124821950332,369.0579008657457,0.031704095112285335,1.0,3580.1304789582528,0.0,"{""cloud"": 1.0}"
model,ops_b_gop,3200,7,cacgr,757,92.27800273299454,91.02346540418488,140.84098879144824,0.4808454425363276,1.0,3213.3904576712303,0.0,"{""buoy"": 0.3197, ""seabed"": 0.3052, ""sat"": 0.2206, ""auv"": 0.1506, ""uav"": 0.004}"
model,ops_b_gop,3200,8,cloud,772,537.6378392846201,536.5980468345517,760.9523840473175,0.0,1.0,9.600000000006183,0.0,"{""cloud"": 1.0}"
model,ops_b_gop,3200,8,sensor,772,1279.3413331891827,1269.8142359133744,2458.3977199112283,0.006476683937823834,1.0,1679.7202072538407,0.0,"{""seabed"": 1.0}"
model,ops_b_gop,3200,8,surface,772,860.5346718034933,899.3451713147073,1397.4143055369448,0.010362694300518135,1.0,3625.359928941482,0.0,"{""buoy"": 1.0}"
model,ops_b_gop,3200,8,statopt,772,302.8528340067653,296.48753618740113,428.2450362346427,0.018134715025906734,1.0,3625.359928941482,0.0,"{""cloud"": 1.0}"
model,ops_b_gop,3200,8,cacgr,772,89.97755227221994,85.76743930249201,163.04473117070904,0.5569948186528497,1.0,3078.9400716505925,0.0,"{""buoy"": 0.3109, ""seabed"": 0.2889, ""sat"": 0.2422, ""auv"": 0.158}"
model,ops_b_gop,3200,9,cloud,819,690.6311840252572,711.2161079227194,809.5571594318642,0.0,1.0,9.600000000006688,0.0,"{""cloud"": 1.0}"
model,ops_b_gop,3200,9,sensor,819,1368.8500102585033,1338.428799789478,2865.383856887149,0.009768009768009768,1.0,1669.5911390196566,0.0,"{""seabed"": 1.0}"
model,ops_b_gop,3200,9,surface,819,829.1314750144278,833.8737920645215,1553.1133868633297,0.02564102564102564,1.0,3504.621583115251,0.0,"{""buoy"": 1.0}"
model,ops_b_gop,3200,9,statopt,819,300.5393437136236,318.0677692278834,417.78569568097134,0.028083028083028084,1.0,3504.621583115251,0.0,"{""cloud"": 1.0}"
model,ops_b_gop,3200,9,cacgr,819,95.6236769242359,93.12782695527713,147.83280235042378,0.4603174603174603,1.0,3055.31167960925,0.0,"{""seabed"": 0.3089, ""buoy"": 0.2845, ""sat"": 0.2295, ""auv"": 0.1734, ""uav"": 0.0037}"
model,ops_b_gop,3200,10,cloud,786,626.2388351127017,641.6458604956291,754.4949953583678,0.0,1.0,9.600000000004725,0.0,"{""cloud"": 1.0}"
model,ops_b_gop,3200,10,sensor,786,1307.4096596047607,1249.5278745942774,2659.3690782158606,0.01272264631043257,1.0,1679.1537622682251,0.0,"{""seabed"": 1.0}"
model,ops_b_gop,3200,10,surface,786,798.971095005835,796.9993247122899,1451.2086427317422,0.017811704834605598,1.0,3604.4651748454826,0.0,"{""buoy"": 1.0}"
model,ops_b_gop,3200,10,statopt,786,298.69823158580857,315.29888195048784,419.8610768553448,0.020356234096692113,1.0,3604.4651748454826,0.0,"{""cloud"": 1.0}"
model,ops_b_gop,3200,10,cacgr,786,97.49676159971847,97.50963575316018,149.37484562498088,0.4198473282442748,1.0,3132.4742886223003,0.0,"{""seabed"": 0.3346, ""buoy"": 0.2761, ""sat"": 0.2163, ""auv"": 0.1718, ""uav"": 0.0013}"
model,ops_b_gop,3200,11,cloud,770,641.5366021852501,644.1113176973926,725.9560448242814,0.0,1.0,9.600000000005995,0.0,"{""cloud"": 1.0}"
model,ops_b_gop,3200,11,sensor,770,1264.4082948134792,1244.5450256708418,2392.4671067889267,0.0012987012987012987,1.0,1695.6456400741697,0.0,"{""seabed"": 1.0}"
model,ops_b_gop,3200,11,surface,770,889.7931906958602,888.2328161538888,1482.7741717191348,0.015584415584415584,1.0,3601.4239525046087,0.0,"{""buoy"": 1.0}"
model,ops_b_gop,3200,11,statopt,770,316.0071390105137,315.32421090744987,438.00497125568575,0.01948051948051948,1.0,3601.4239525046087,0.0,"{""cloud"": 1.0}"
model,ops_b_gop,3200,11,cacgr,770,112.95639694446339,108.80364829139847,189.1379802095057,0.3064935064935065,1.0,3343.887453803321,0.0,"{""seabed"": 0.3662, ""buoy"": 0.2597, ""sat"": 0.1961, ""auv"": 0.1779}"
model,ops_b_gop,3200,12,cloud,792,685.0832523677807,694.7821382286143,800.0235829375889,0.0,1.0,9.600000000006,0.0,"{""cloud"": 1.0}"
model,ops_b_gop,3200,12,sensor,792,1310.2162684738691,1291.7797442217839,2577.5458821218594,0.007575757575757576,1.0,1659.1338383837804,0.0,"{""seabed"": 1.0}"
model,ops_b_gop,3200,12,surface,792,722.1333672051337,750.329668037566,1347.4478880288868,0.03535353535353535,1.0,3533.8066378065864,0.0,"{""buoy"": 1.0}"
model,ops_b_gop,3200,12,statopt,792,268.546781536921,288.15128839295244,374.0676731845138,0.06313131313131314,1.0,3533.8066378065864,0.0,"{""cloud"": 1.0}"
model,ops_b_gop,3200,12,cacgr,792,86.23034179256815,85.01441839531556,131.4950087449964,0.5618686868686869,1.0,3062.152681096646,0.0,"{""buoy"": 0.3409, ""seabed"": 0.2765, ""sat"": 0.2412, ""auv"": 0.1338, ""uav"": 0.0076}"
model,ops_b_gop,3200,13,cloud,769,595.5179457370298,613.6548846835091,683.9049128605319,0.0,1.0,9.600000000004503,0.0,"{""cloud"": 1.0}"
model,ops_b_gop,3200,13,sensor,769,1237.520261326516,1192.2581610663813,2659.1597947645214,0.002600780234070221,1.0,1646.5383615083856,0.0,"{""seabed"": 1.0}"
model,ops_b_gop,3200,13,surface,769,659.035555555098,618.8174170419417,1225.1212379212075,0.022106631989596878,1.0,3509.344407207817,0.0,"{""buoy"": 1.0}"
model,ops_b_gop,3200,13,statopt,769,109.52260542934323,101.42047875543625,186.84761387461447,0.40052015604681407,1.0,3509.344407207817,0.0,"{""cloud"": 1.0}"
model,ops_b_gop,3200,13,cacgr,769,73.37390736062184,70.88994808322701,119.16831274334946,0.7360208062418726,1.0,2820.0972929592663,0.0,"{""buoy"": 0.3784, ""sat"": 0.3316, ""seabed"": 0.1795, ""auv"": 0.1053, ""uav"": 0.0052}"
model,ops_b_gop,3200,14,cloud,750,595.9402205978598,617.6006042083453,736.79944743643,0.0,1.0,9.600000000005632,0.0,"{""cloud"": 1.0}"
model,ops_b_gop,3200,14,sensor,750,1243.4342845660587,1145.105725292807,2470.084940227737,0.005333333333333333,1.0,1659.8095238094684,0.0,"{""seabed"": 1.0}"
model,ops_b_gop,3200,14,surface,750,670.9234171534969,710.6857199644596,1173.4552642172443,0.024,1.0,3640.1756220951925,0.0,"{""buoy"": 1.0}"
model,ops_b_gop,3200,14,statopt,750,251.573415598085,262.1607938841262,352.1073748111727,0.030666666666666665,1.0,3640.1756220951925,0.0,"{""cloud"": 1.0}"
model,ops_b_gop,3200,14,cacgr,750,85.44776610299077,83.61544840362234,133.75372622901412,0.5906666666666667,1.0,3169.1528899047257,0.0,"{""buoy"": 0.364, ""sat"": 0.272, ""seabed"": 0.2387, ""auv"": 0.1253}"
model,ops_b_gop,3200,15,cloud,770,567.953931200563,607.263744473856,702.1790281072493,0.0,1.0,9.600000000004483,0.0,"{""cloud"": 1.0}"
model,ops_b_gop,3200,15,sensor,770,1247.5953868484492,1241.391027219657,2418.3504536057417,0.007792207792207792,1.0,1654.968460111247,0.0,"{""seabed"": 1.0}"
model,ops_b_gop,3200,15,surface,770,671.4861158975222,679.1326261599362,1262.1641051668162,0.03506493506493506,1.0,3560.4909298700773,0.0,"{""buoy"": 1.0}"
model,ops_b_gop,3200,15,statopt,770,196.6005681831387,205.5907092344493,274.34594749235174,0.06493506493506493,1.0,3560.4909298700773,0.0,"{""cloud"": 1.0}"
model,ops_b_gop,3200,15,cacgr,770,82.79210398670655,82.89499825200849,123.58311254311512,0.5974025974025974,1.0,2992.2965343227766,0.0,"{""buoy"": 0.3558, ""sat"": 0.2675, ""seabed"": 0.2506, ""auv"": 0.1195, ""uav"": 0.0065}"
model,ops_b_gop,3200,16,cloud,748,596.7995932962455,607.8491706585924,745.1027954290362,0.0,1.0,9.600000000006327,0.0,"{""cloud"": 1.0}"
model,ops_b_gop,3200,16,sensor,748,1198.3156016708451,1156.2947846694956,2491.429022289257,0.008021390374331552,1.0,1647.6455309395803,0.0,"{""seabed"": 1.0}"
model,ops_b_gop,3200,16,surface,748,591.593447538373,589.9630282371207,1060.9048767903255,0.029411764705882353,1.0,3638.365689839508,0.0,"{""buoy"": 1.0}"
model,ops_b_gop,3200,16,statopt,748,104.41380958731797,106.12997384021806,153.74991699879823,0.3355614973262032,1.0,3638.365689839508,0.0,"{""cloud"": 1.0}"
model,ops_b_gop,3200,16,cacgr,748,71.78262529829502,70.5044809688398,108.89674142870025,0.8048128342245989,1.0,2943.452678380389,0.0,"{""buoy"": 0.4265, ""sat"": 0.3088, ""seabed"": 0.1671, ""auv"": 0.0976}"
model,ops_b_gop,3200,17,cloud,733,594.9557170579558,606.1489084515866,707.0724746411587,0.0,1.0,9.60000000000642,0.0,"{""cloud"": 1.0}"
model,ops_b_gop,3200,17,sensor,733,1162.993776888467,1166.513840275196,2323.8914459539724,0.0,1.0,1699.9341259013645,0.0,"{""seabed"": 1.0}"
model,ops_b_gop,3200,17,surface,733,784.2151811734452,808.2617158161306,1203.7583507089296,0.005457025920873124,1.0,3974.1134125901185,0.0,"{""buoy"": 1.0}"
model,ops_b_gop,3200,17,statopt,733,317.32936577438744,311.5865602425195,461.58544367771964,0.0068212824010914054,1.0,3974.1134125901185,0.0,"{""cloud"": 1.0}"
model,ops_b_gop,3200,17,cacgr,733,114.10040555776855,111.44327582781963,191.5989249351449,0.3015006821282401,1.0,3487.1714675501817,0.0,"{""seabed"": 0.3997, ""buoy"": 0.251, ""auv"": 0.1828, ""sat"": 0.1664}"
model,ops_b_gop,3200,18,cloud,782,574.3463997798713,593.6406283779996,675.1692139831027,0.0,1.0,9.600000000006132,0.0,"{""cloud"": 1.0}"
model,ops_b_gop,3200,18,sensor,782,1273.914093597198,1198.8915143114739,2499.623915671568,0.005115089514066497,1.0,1642.2356594811185,0.0,"{""seabed"": 1.0}"
model,ops_b_gop,3200,18,surface,782,679.1225278084768,635.0726850723454,1306.9402389925247,0.02557544757033248,1.0,3184.3198421628886,0.0,"{""buoy"": 1.0}"
model,ops_b_gop,3200,18,statopt,782,79.03471167774588,74.44950585592518,134.71287826841274,0.6560102301790282,1.0,3184.3198421628886,0.0,"{""cloud"": 1.0}"
model,ops_b_gop,3200,18,cacgr,782,65.17625796530852,64.84988007282627,107.98169334243927,0.8580562659846548,1.0,2716.1215991230724,0.0,"{""buoy"": 0.4194, ""sat"": 0.3593, ""seabed"": 0.1176, ""auv"": 0.0959, ""uav"": 0.0077}"
model,ops_b_gop,3200,19,cloud,753,639.7299334941133,648.0192620555337,732.048604316232,0.0,1.0,9.600000000007444,0.0,"{""cloud"": 1.0}"
model,ops_b_gop,3200,19,sensor,753,1209.685660643449,1109.3662232316287,2486.482434107268,0.006640106241699867,1.0,1709.3800037943256,0.0,"{""seabed"": 1.0}"
model,ops_b_gop,3200,19,surface,753,856.791849852593,838.7699074104011,1431.8428472313851,0.0026560424966799467,1.0,3633.394531587915,0.0,"{""buoy"": 1.0}"
model,ops_b_gop,3200,19,statopt,753,340.0965128314636,345.082665246191,482.7531401730664,0.00796812749003984,1.0,3633.394531587915,0.0,"{""cloud"": 1.0}"
model,ops_b_gop,3200,19,cacgr,753,117.53620921354805,111.67695630216767,199.94343324030237,0.31208499335989376,1.0,3211.627453765882,0.0,"{""seabed"": 0.3798, ""buoy"": 0.2297, ""auv"": 0.2151, ""sat"": 0.174, ""uav"": 0.0013}"
model,ops_b_gop,3200,20,cloud,812,652.1814170561627,648.480704536745,760.9675481301805,0.0,1.0,9.600000000007316,0.0,"{""cloud"": 1.0}"
model,ops_b_gop,3200,20,sensor,812,1399.0714080450743,1319.0574199584669,2737.1696538268457,0.0049261083743842365,1.0,1694.8483462350018,0.0,"{""seabed"": 1.0}"
model,ops_b_gop,3200,20,surface,812,966.5823903864617,947.2999087016591,1613.750349352926,0.007389162561576354,1.0,3425.834482758592,0.0,"{""buoy"": 1.0}"
model,ops_b_gop,3200,20,statopt,812,344.60419397186564,346.85070397801303,487.39304022381987,0.009852216748768473,1.0,3425.834482758592,0.0,"{""cloud"": 1.0}"
model,ops_b_gop,3200,20,cacgr,812,114.30993229781187,108.78270482998559,191.27647085981184,0.32389162561576357,1.0,3182.731451090761,0.0,"{""seabed"": 0.3485, ""buoy"": 0.2599, ""auv"": 0.2155, ""sat"": 0.1761}"
model,ops_b_gop,3200,21,cloud,770,628.9218502287173,637.0340392047216,753.6464726992446,0.0,1.0,9.600000000005952,0.0,"{""cloud"": 1.0}"
model,ops_b_gop,3200,21,sensor,770,1253.592107523876,1215.670372335628,2419.794109079994,0.006493506493506494,1.0,1679.1799628941947,0.0,"{""seabed"": 1.0}"
model,ops_b_gop,3200,21,surface,770,827.4278624047209,789.9263289085754,1392.9203216790181,0.015584415584415584,1.0,3731.265656400709,0.0,"{""buoy"": 1.0}"
model,ops_b_gop,3200,21,statopt,770,302.89751127434755,305.1050751727938,410.47120702490685,0.01818181818181818,1.0,3731.265656400709,0.0,"{""cloud"": 1.0}"
model,ops_b_gop,3200,21,cacgr,770,101.41975348901975,98.97293028744632,163.616473360508,0.4051948051948052,1.0,3332.020741224469,0.0,"{""seabed"": 0.3429, ""buoy"": 0.2857, ""sat"": 0.1974, ""auv"": 0.174}"
model,ops_b_gop,3200,22,cloud,813,630.6901590011714,659.054366777352,820.7313409393737,0.0,1.0,9.60000000000813,0.0,"{""cloud"": 1.0}"
model,ops_b_gop,3200,22,sensor,813,1347.5343275272994,1332.2547461142035,2692.043436805131,0.0012300123001230013,1.0,1687.266209804911,0.0,"{""seabed"": 1.0}"
model,ops_b_gop,3200,22,surface,813,882.5688391721643,917.1119447303429,1594.0048735286884,0.013530135301353014,1.0,3555.1181950447713,0.0,"{""buoy"": 1.0}"
model,ops_b_gop,3200,22,statopt,813,339.48652705303516,345.6386499263099,470.9668491975238,0.014760147601476014,1.0,3555.1181950447713,0.0,"{""cloud"": 1.0}"
model,ops_b_gop,3200,22,cacgr,813,102.88455969975386,95.08601074564066,181.03819234349143,0.43665436654366546,1.0,3224.9821798629146,0.0,"{""seabed"": 0.3223, ""buoy"": 0.2817, ""sat"": 0.2202, ""auv"": 0.1759}"
model,ops_b_gop,3200,23,cloud,784,676.001856812318,678.1694009555711,822.4624441749108,0.0,1.0,9.600000000007626,0.0,"{""cloud"": 1.0}"
model,ops_b_gop,3200,23,sensor,784,1282.6671687520093,1251.3973030040845,2479.6031956680267,0.002551020408163265,1.0,1673.9296647229794,0.0,"{""seabed"": 1.0}"
model,ops_b_gop,3200,23,surface,784,819.356060802962,832.2000235051667,1438.5075314249,0.008928571428571428,1.0,3569.9013177842194,0.0,"{""buoy"": 1.0}"
model,ops_b_gop,3200,23,statopt,784,307.2807465728383,314.8781064125868,427.91330908486486,0.012755102040816327,1.0,3569.9013177842194,0.0,"{""cloud"": 1.0}"
model,ops_b_gop,3200,23,cacgr,784,98.55862848822747,97.20057781892199,155.59795455606198,0.40433673469387754,1.0,3177.6133994168877,0.0,"{""seabed"": 0.324, ""buoy"": 0.2959, ""sat"": 0.2066, ""auv"": 0.1709, ""uav"": 0.0026}"
model,ops_b_gop,3200,24,cloud,813,607.5952757169158,618.0041153077522,723.7918622207246,0.0,1.0,9.600000000007594,0.0,"{""cloud"": 1.0}"
model,ops_b_gop,3200,24,sensor,813,1376.969107064487,1347.4135608351348,2742.174324713415,0.0012300123001230013,1.0,1642.2829028289625,0.0,"{""seabed"": 1.0}"
model,ops_b_gop,3200,24,surface,813,785.3079248851308,775.6769802732173,1442.215450743029,0.020910209102091022,1.0,3189.492796345044,0.0,"{""buoy"": 1.0}"
model,ops_b_gop,3200,24,statopt,813,97.85400211025146,102.10065916390377,146.78114712832047,0.3948339483394834,1.0,3189.492796345044,0.0,"{""cloud"": 1.0}"
model,ops_b_gop,3200,24,cacgr,813,70.70797025738253,68.41126914537429,113.21993046798521,0.7995079950799509,1.0,2624.0129664381816,0.0,"{""buoy"": 0.4096, ""sat"": 0.3321, ""seabed"": 0.1501, ""auv"": 0.1033, ""uav"": 0.0049}"
model,ops_b_gop,3200,25,cloud,675,640.4575137727878,646.5771014692344,775.0463518694218,0.0,1.0,9.60000000000538,0.0,"{""cloud"": 1.0}"
model,ops_b_gop,3200,25,sensor,675,946.1464942014259,939.9580669299404,1861.692969519259,0.005925925925925926,1.0,1673.1640211639706,0.0,"{""seabed"": 1.0}"
model,ops_b_gop,3200,25,surface,675,534.9319862732352,604.2190370160463,850.1931830548846,0.02962962962962963,1.0,4302.61329608461,0.0,"{""buoy"": 1.0}"
model,ops_b_gop,3200,25,statopt,675,292.6875709858005,302.7620114433167,413.33393432340074,0.035555555555555556,1.0,4302.61329608461,0.0,"{""cloud"": 1.0}"
model,ops_b_gop,3200,25,cacgr,675,91.57723500184282,86.3643232309012,153.13998426222432,0.5437037037037037,1.0,3515.9509333333026,0.0,"{""buoy"": 0.3526, ""seabed"": 0.2904, ""sat"": 0.2044, ""auv"": 0.1467, ""uav"": 0.0059}"
model,ops_b_gop,3200,26,cloud,842,530.7695318264052,543.3904735625945,724.0178155109122,0.0,1.0,9.60000000000948,0.0,"{""cloud"": 1.0}"
model,ops_b_gop,3200,26,sensor,842,1479.7162142449993,1346.3375126114033,3171.1256026481337,0.0,1.0,1688.9104173735466,0.0,"{""seabed"": 1.0}"
model,ops_b_gop,3200,26,surface,842,1055.7240511669077,1050.8509978854174,1809.7198185723416,0.0011876484560570072,1.0,3307.237499830302,0.0,"{""buoy"": 1.0}"
model,ops_b_gop,3200,26,statopt,842,318.89265888882534,319.4504189441007,463.40053410729087,0.00831353919239905,1.0,3307.237499830302,0.0,"{""cloud"": 1.0}"
model,ops_b_gop,3200,26,cacgr,842,109.59465161164248,104.29209375917817,189.31057029826343,0.334916864608076,1.0,3010.389304377307,0.0,"{""seabed"": 0.3432, ""buoy"": 0.253, ""auv"": 0.2399, ""sat"": 0.1615, ""uav"": 0.0024}"
model,ops_b_gop,3200,27,cloud,753,582.5507103333404,609.6625985223802,748.2331144621645,0.0,1.0,9.600000000009588,0.0,"{""cloud"": 1.0}"
model,ops_b_gop,3200,27,sensor,753,1229.8773906567474,1177.3965199469817,2417.353082093375,0.009296148738379814,1.0,1680.8275469549892,0.0,"{""seabed"": 1.0}"
model,ops_b_gop,3200,27,surface,753,723.6287048174715,728.8006227291839,1247.2563596840257,0.01593625498007968,1.0,3625.746173401602,0.0,"{""buoy"": 1.0}"
model,ops_b_gop,3200,27,statopt,753,315.1502181595467,317.60691415565054,444.3054600149251,0.021248339973439574,1.0,3625.746173401602,0.0,"{""cloud"": 1.0}"
model,ops_b_gop,3200,27,cacgr,753,103.42029198799467,103.06040375552124,157.18896367402152,0.3280212483399734,1.0,3406.9398878391025,0.0,"{""seabed"": 0.3679, ""buoy"": 0.2669, ""sat"": 0.1992, ""auv"": 0.166}"
model,ops_b_gop,3200,28,cloud,756,601.0158797688578,629.1989220969982,748.6263145493213,0.0,1.0,9.600000000006665,0.0,"{""cloud"": 1.0}"
model,ops_b_gop,3200,28,sensor,756,1213.829459707089,1119.845885083078,2537.955044138574,0.005291005291005291,1.0,1667.5234315948182,0.0,"{""seabed"": 1.0}"
model,ops_b_gop,3200,28,surface,756,659.4095596532521,634.6409248768429,1188.3067632575433,0.023809523809523808,1.0,3713.362854119387,0.0,"{""buoy"": 1.0}"
model,ops_b_gop,3200,28,statopt,756,259.5332492547533,261.4024830183904,388.66842998008605,0.0291005291005291,1.0,3713.362854119387,0.0,"{""cloud"": 1.0}"
model,ops_b_gop,3200,28,cacgr,756,92.29883927225258,88.4654166297634,156.84794741542106,0.5238095238095238,1.0,3106.384278458019,0.0,"{""buoy"": 0.3135, ""seabed"": 0.2831, ""sat"": 0.2553, ""auv"": 0.1481}"
model,ops_b_gop,3200,29,cloud,782,636.6654051682868,648.1628646333648,730.6208779796746,0.0,1.0,9.6000000000075,0.0,"{""cloud"": 1.0}"
model,ops_b_gop,3200,29,sensor,782,1332.7472641895872,1330.487997656715,2587.366599097197,0.010230179028132993,1.0,1692.1991231274646,0.0,"{""seabed"": 1.0}"
model,ops_b_gop,3200,29,surface,782,928.1128785928424,965.3701011676732,1479.5957907135592,0.010230179028132993,1.0,3524.2832356594595,0.0,"{""buoy"": 1.0}"
model,ops_b_gop,3200,29,statopt,782,317.1324252472125,313.05181021819675,450.67940104091247,0.010230179028132993,1.0,3524.2832356594595,0.0,"{""cloud"": 1.0}"
model,ops_b_gop,3200,29,cacgr,782,113.85966527742916,109.38612507771808,191.39928191692894,0.31202046035805625,1.0,3361.5840526123407,0.0,"{""seabed"": 0.3696, ""buoy"": 0.243, ""auv"": 0.2174, ""sat"": 0.1662, ""uav"": 0.0038}"
