sweep,param,value,seed,policy,n,mean_min,p50_min,p95_min,on_time,delivered,energy_j,replans,b_where
leogap,leo_gap_min,10,0,cloud,764,537.639686613417,537.1744310560557,735.246474916887,0.0,1.0,9.60000000000571,0.0,"{""cloud"": 1.0}"
leogap,leo_gap_min,10,0,sensor,764,39.75279748622393,39.67624021064005,59.61357842947391,1.0,1.0,285.11518324607835,0.0,"{""seabed"": 1.0}"
leogap,leo_gap_min,10,0,surface,764,290.29692563233726,298.4204992864548,404.69178016155763,0.02356020942408377,1.0,3629.669564697053,0.0,"{""buoy"": 1.0}"
leogap,leo_gap_min,10,0,statopt,764,45.52198490360916,44.878511669025166,69.05752954575671,0.9973821989528796,1.0,2675.448017950626,0.0,"{""cloud"": 0.6414, ""seabed"": 0.3586}"
leogap,leo_gap_min,10,0,cacgr,764,40.39590868891915,40.214126054042694,61.913358642339716,1.0,1.0,258.789893792075,0.0,"{""seabed"": 0.8953, ""auv"": 0.1034, ""sat"": 0.0013}"
leogap,leo_gap_min,10,1,cloud,727,490.94508665843665,488.2891878458458,679.8934969150007,0.0,1.0,9.600000000007828,0.0,"{""cloud"": 1.0}"
leogap,leo_gap_min,10,1,sensor,727,39.76409699755262,39.8330995046718,57.81939971024089,1.0,1.0,273.91982707800565,0.0,"{""seabed"": 1.0}"
leogap,leo_gap_min,10,1,surface,727,241.99439462239297,244.5071550745551,374.11193981296134,0.03851444291609354,1.0,3857.4863147965875,0.0,"{""buoy"": 1.0}"
leogap,leo_gap_min,10,1,statopt,727,48.80973423953095,47.65266542464669,77.70014192252304,0.9903713892709766,1.0,2896.243011986616,0.0,"{""cloud"": 0.7428, ""seabed"": 0.2572}"
leogap,leo_gap_min,10,1,cacgr,727,40.34870808914438,40.21456879388813,59.5109886909315,1.0,1.0,249.4808598938835,0.0,"{""seabed"": 0.9078, ""auv"": 0.0922}"
leogap,leo_gap_min,10,2,cloud,757,595.5943492516494,599.6798155607564,789.5539246639146,0.0,1.0,9.600000000003769,0.0,"{""cloud"": 1.0}"
leogap,leo_gap_min,10,2,sensor,757,40.09059879329697,39.58162985152691,59.029296158013466,1.0,1.0,281.4961313455384,0.0,"{""seabed"": 1.0}"
leogap,leo_gap_min,10,2,surface,757,315.90899120226976,321.8573851649482,423.4678910396761,0.013210039630118891,1.0,3689.6226306850044,0.0,"{""buoy"": 1.0}"
leogap,leo_gap_min,10,2,statopt,757,40.46274407387809,40.03054517884666,59.86157938491047,1.0,1.0,2290.5827514625294,0.0,"{""cloud"": 0.6328, ""seabed"": 0.3672}"
leogap,leo_gap_min,10,2,cacgr,757,40.59823181352363,40.08718806254425,60.08068814200082,1.0,1.0,258.6836489903763,0.0,"{""seabed"": 0.9181, ""auv"": 0.0819}"
leogap,leo_gap_min,10,3,cloud,758,499.1192220386689,509.0794043890266,665.946336864059,0.0,1.0,9.600000000007029,0.0,"{""cloud"": 1.0}"
leogap,leo_gap_min,10,3,sensor,758,39.05552450467084,38.33524866766371,61.115370665577174,1.0,1.0,252.320392009013,0.0,"{""seabed"": 1.0}"
leogap,leo_gap_min,10,3,surface,758,178.02515700275075,174.4080195138751,284.31546806011806,0.07519788918205805,1.0,3654.5074044477374,0.0,"{""buoy"": 1.0}"
leogap,leo_gap_min,10,3,statopt,758,177.14930594942155,173.2686815897506,284.31725432678456,0.07783641160949868,1.0,3654.5074044477374,0.0,"{""cloud"": 1.0}"
leogap,leo_gap_min,10,3,cacgr,758,39.665996106731434,38.80067963255904,62.12960189669768,1.0,1.0,226.59661967580698,0.0,"{""seabed"": 0.8971, ""auv"": 0.1029}"
leogap,leo_gap_min,10,4,cloud,790,541.2893647201561,546.6553071380008,728.6517149410995,0.0,1.0,9.600000000003964,0.0,"{""cloud"": 1.0}"
leogap,leo_gap_min,10,4,sensor,790,40.49313455917444,40.553585157470664,60.82357042845506,1.0,1.0,268.77215189872175,0.0,"{""seabed"": 1.0}"
leogap,leo_gap_min,10,4,surface,790,268.7970952587404,280.5705398032313,353.34278189905024,0.026582278481012658,1.0,3539.194473779348,0.0,"{""buoy"": 1.0}"
leogap,leo_gap_min,10,4,statopt,790,183.2830724442181,188.47791416872582,246.5006400463687,0.06835443037974684,1.0,3491.445555732332,0.0,"{""cloud"": 0.8848, ""seabed"": 0.1152}"
leogap,leo_gap_min,10,4,cacgr,790,40.978364175791604,41.01236306981082,62.129535744184025,1.0,1.0,252.19200578660588,0.0,"{""seabed"": 0.9228, ""auv"": 0.0759, ""sat"": 0.0013}"
leogap,leo_gap_min,10,5,cloud,763,506.3009441277189,508.1184293970936,671.7252845361653,0.0,1.0,9.600000000006274,0.0,"{""cloud"": 1.0}"
leogap,leo_gap_min,10,5,sensor,763,42.1219753403274,42.09522900608208,62.24997251336076,1.0,1.0,287.89215502712926,0.0,"{""seabed"": 1.0}"
leogap,leo_gap_min,10,5,surface,763,265.17028085436164,257.8189493515274,402.0893530300412,0.019659239842726082,1.0,3705.556673282119,0.0,"{""buoy"": 1.0}"
leogap,leo_gap_min,10,5,statopt,763,87.41340386612141,90.06701938863358,124.49960447718284,0.4980340760157274,1.0,3500.897351057813,0.0,"{""cloud"": 0.8506, ""seabed"": 0.1494}"
leogap,leo_gap_min,10,5,cacgr,763,42.660975936815504,42.83612976229269,64.0483544030167,1.0,1.0,262.7172592398247,0.0,"{""seabed"": 0.9069, ""auv"": 0.0931}"
leogap,leo_gap_min,10,6,cloud,729,532.9224048057561,526.3621038162515,718.5332275249835,0.0,1.0,9.600000000008261,0.0,"{""cloud"": 1.0}"
leogap,leo_gap_min,10,6,sensor,729,39.56858639655998,39.424151106179124,59.17192883023445,1.0,1.0,266.7658240250655,0.0,"{""seabed"": 1.0}"
leogap,leo_gap_min,10,6,surface,729,256.86569852369695,263.6468030361847,375.07845966779803,0.02606310013717421,1.0,3780.267679404232,0.0,"{""buoy"": 1.0}"
leogap,leo_gap_min,10,6,statopt,729,153.11871611116345,143.32248859415,242.85088908395664,0.09327846364883402,1.0,3783.2462322554925,0.0,"{""cloud"": 0.8985, ""seabed"": 0.1015}"
leogap,leo_gap_min,10,6,cacgr,729,40.23462213335795,39.80830585678886,60.681810772191525,1.0,1.0,242.79457573974335,0.0,"{""seabed"": 0.9108, ""auv"": 0.0892}"
leogap,leo_gap_min,10,7,cloud,757,534.6198776166772,536.4578286735127,711.7420540366514,0.0,1.0,9.600000000007762,0.0,"{""cloud"": 1.0}"
leogap,leo_gap_min,10,7,sensor,757,41.076487910820894,41.546759291222166,60.40969660794784,1.0,1.0,266.49330062274504,0.0,"{""seabed"": 1.0}"
leogap,leo_gap_min,10,7,surface,757,256.272762421208,255.72169632986623,357.40944836285746,0.034346103038309116,1.0,3580.1304789582528,0.0,"{""buoy"": 1.0}"
leogap,leo_gap_min,10,7,statopt,757,167.85356020546152,173.99143377190242,216.43542859729112,0.059445178335535004,1.0,3532.182149990523,0.0,"{""cloud"": 0.86, ""seabed"": 0.14}"
leogap,leo_gap_min,10,7,cacgr,757,41.5038304053804,41.69637661946593,61.404807498140684,1.0,1.0,247.979966031315,0.0,"{""seabed"": 0.9273, ""auv"": 0.0727}"
leogap,leo_gap_min,10,8,cloud,772,530.8432331527515,534.3384963025886,754.6915171952351,0.0,1.0,9.600000000006183,0.0,"{""cloud"": 1.0}"
leogap,leo_gap_min,10,8,sensor,772,38.01333829439129,37.905265178691145,56.77771499033654,1.0,1.0,279.7202072538606,0.0,"{""seabed"": 1.0}"
leogap,leo_gap_min,10,8,surface,772,299.9933437374071,297.2134866450081,432.15029261928026,0.018134715025906734,1.0,3625.359928941482,0.0,"{""buoy"": 1.0}"
leogap,leo_gap_min,10,8,statopt,772,59.66327537325995,58.99061735576279,96.46264294971347,0.9093264248704663,1.0,3306.960284233854,0.0,"{""cloud"": 0.8705, ""seabed"": 0.1295}"
leogap,leo_gap_min,10,8,cacgr,772,38.97123302295658,38.664457769957274,60.793076553479615,1.0,1.0,251.3488467801396,0.0,"{""seabed"": 0.8873, ""auv"": 0.1114, ""sat"": 0.0013}"
leogap,leo_gap_min,10,9,cloud,819,601.2713838534627,608.1775167790303,794.154465004135,0.0,1.0,9.600000000006688,0.0,"{""cloud"": 1.0}"
leogap,leo_gap_min,10,9,sensor,819,40.39938868892645,40.7475857853499,58.76549475327018,1.0,1.0,269.5911390196926,0.0,"{""seabed"": 1.0}"
leogap,leo_gap_min,10,9,surface,819,299.32723817192107,312.4804713139871,412.51756797372553,0.03785103785103785,1.0,3504.621583115251,0.0,"{""buoy"": 1.0}"
leogap,leo_gap_min,10,9,statopt,819,45.79913432943337,46.08156134078279,71.26501572063623,0.9987789987789988,1.0,2634.4786324785982,0.0,"{""cloud"": 0.7497, ""seabed"": 0.2503}"
leogap,leo_gap_min,10,9,cacgr,819,41.104939943093974,41.620733840878046,60.603133611657576,1.0,1.0,246.5778894121576,0.0,"{""seabed"": 0.9011, ""auv"": 0.0977, ""sat"": 0.0012}"
leogap,leo_gap_min,10,10,cloud,786,521.3867714325235,529.3047315865009,728.2813321673395,0.0,1.0,9.600000000004725,0.0,"{""cloud"": 1.0}"
leogap,leo_gap_min,10,10,sensor,786,38.94273229980578,38.44255802166975,57.70726486888678,1.0,1.0,279.1537622682638,0.0,"{""seabed"": 1.0}"
leogap,leo_gap_min,10,10,surface,786,290.26260493462115,306.1530626017393,398.23552862359446,0.024173027989821884,1.0,3604.4651748454826,0.0,"{""buoy"": 1.0}"
leogap,leo_gap_min,10,10,statopt,786,38.179483353880066,37.78259077028891,57.85050955770953,1.0,1.0,1886.6964740094372,0.0,"{""cloud"": 0.6132, ""seabed"": 0.3868}"
leogap,leo_gap_min,10,10,cacgr,786,39.41584027320136,38.92424800967686,59.389003686901376,1.0,1.0,255.08099483823634,0.0,"{""seabed"": 0.9033, ""auv"": 0.0954, ""sat"": 0.0013}"
leogap,leo_gap_min,10,11,cloud,770,541.2367018946802,547.9013409674934,712.088358139931,0.0,1.0,9.600000000005995,0.0,"{""cloud"": 1.0}"
leogap,leo_gap_min,10,11,sensor,770,41.0895967308587,41.35709664056479,59.06158995110319,1.0,1.0,295.6456400742069,0.0,"{""seabed"": 1.0}"
leogap,leo_gap_min,10,11,surface,770,315.49423998360083,314.25577376821263,434.61805040383786,0.023376623376623377,1.0,3601.4239525046087,0.0,"{""buoy"": 1.0}"
leogap,leo_gap_min,10,11,statopt,770,88.01879388736681,83.53337775747013,156.67531142663395,0.5714285714285714,1.0,3308.456413209621,0.0,"{""cloud"": 0.7442, ""seabed"": 0.2558}"
leogap,leo_gap_min,10,11,cacgr,770,41.57336878533708,41.79446917309415,60.62845489369374,1.0,1.0,273.02200222634025,0.0,"{""seabed"": 0.9234, ""auv"": 0.0766}"
leogap,leo_gap_min,10,12,cloud,792,587.1298240240842,585.5408810639037,784.6416918697199,0.0,1.0,9.600000000006,0.0,"{""cloud"": 1.0}"
leogap,leo_gap_min,10,12,sensor,792,41.34049112676719,41.13706711445423,61.33560949126357,1.0,1.0,259.1338383838163,0.0,"{""seabed"": 1.0}"
leogap,leo_gap_min,10,12,surface,792,259.6778170815554,279.6963699241984,361.1382380290362,0.05555555555555555,1.0,3533.8066378065864,0.0,"{""buoy"": 1.0}"
leogap,leo_gap_min,10,12,statopt,792,85.23501162950848,79.5089176625867,146.89789309155148,0.547979797979798,1.0,3224.945177489133,0.0,"{""cloud"": 0.8801, ""seabed"": 0.1199}"
leogap,leo_gap_min,10,12,cacgr,792,41.63565970994101,41.32984598914421,61.73675391531144,1.0,1.0,238.95722366520425,0.0,"{""seabed"": 0.9091, ""auv"": 0.0896, ""sat"": 0.0013}"
leogap,leo_gap_min,10,13,cloud,769,506.6305945254158,526.6821354522991,666.99019604497,0.0,1.0,9.600000000004503,0.0,"{""cloud"": 1.0}"
leogap,leo_gap_min,10,13,sensor,769,40.74045799212083,39.8104581298292,61.87005505325978,1.0,1.0,246.53836150841536,0.0,"{""seabed"": 1.0}"
leogap,leo_gap_min,10,13,surface,769,99.45944974936899,85.16042633873627,182.01136539270323,0.5604681404421327,1.0,3509.344407207817,0.0,"{""buoy"": 1.0}"
leogap,leo_gap_min,10,13,statopt,769,99.02928105343022,84.81613714261202,182.01328859270305,0.5643693107932379,1.0,3509.344407207817,0.0,"{""cloud"": 1.0}"
leogap,leo_gap_min,10,13,cacgr,769,41.513072403567556,40.2573321830377,63.75159530461643,1.0,1.0,221.6934170536525,0.0,"{""seabed"": 0.8986, ""auv"": 0.1014}"
leogap,leo_gap_min,10,14,cloud,750,539.6243132304198,544.9523389444854,733.2841445244088,0.0,1.0,9.600000000005632,0.0,"{""cloud"": 1.0}"
leogap,leo_gap_min,10,14,sensor,750,41.56842729479424,41.41777809902087,62.035173722229295,1.0,1.0,259.8095238095044,0.0,"{""seabed"": 1.0}"
leogap,leo_gap_min,10,14,surface,750,241.56164528402067,253.52601446177627,338.01428939655545,0.034666666666666665,1.0,3640.1756220951925,0.0,"{""buoy"": 1.0}"
leogap,leo_gap_min,10,14,statopt,750,64.08461830869537,61.07565752659533,108.63076307429428,0.8333333333333334,1.0,3311.2571428571023,0.0,"{""cloud"": 0.8813, ""seabed"": 0.1187}"
leogap,leo_gap_min,10,14,cacgr,750,42.33623874735739,42.447073752924844,64.02176166774937,1.0,1.0,234.83686399998305,0.0,"{""seabed"": 0.904, ""auv"": 0.096}"
leogap,leo_gap_min,10,15,cloud,770,502.44076028095947,510.95924851398354,676.715098179648,0.0,1.0,9.600000000004483,0.0,"{""cloud"": 1.0}"
leogap,leo_gap_min,10,15,sensor,770,41.07076711203544,41.29933898112419,60.34511319101217,1.0,1.0,254.96846011128886,0.0,"{""seabed"": 1.0}"
leogap,leo_gap_min,10,15,surface,770,187.29495814853797,191.52587012480333,263.14882725410405,0.07012987012987013,1.0,3560.4909298700773,0.0,"{""buoy"": 1.0}"
leogap,leo_gap_min,10,15,statopt,770,185.38287251687532,190.1653295734103,261.72156740358656,0.07272727272727272,1.0,3560.4909298700773,0.0,"{""cloud"": 1.0}"
leogap,leo_gap_min,10,15,cacgr,770,41.76745649772173,41.9250729354883,61.36100186424769,1.0,1.0,235.66149758809877,0.0,"{""seabed"": 0.9091, ""auv"": 0.0896, ""sat"": 0.0013}"
leogap,leo_gap_min,10,16,cloud,748,520.2179341984332,515.5940696705521,704.5518512176692,0.0,1.0,9.600000000006327,0.0,"{""cloud"": 1.0}"
leogap,leo_gap_min,10,16,sensor,748,40.099221817693426,39.88039679586776,59.941347881704296,1.0,1.0,247.64553093960936,0.0,"{""seabed"": 1.0}"
leogap,leo_gap_min,10,16,surface,748,93.22653952115327,93.56258575658767,145.32463673035994,0.4585561497326203,1.0,3638.365689839508,0.0,"{""buoy"": 1.0}"
leogap,leo_gap_min,10,16,statopt,748,92.76040810707599,93.1034736744846,145.27204985348453,0.4625668449197861,1.0,3638.365689839508,0.0,"{""cloud"": 1.0}"
leogap,leo_gap_min,10,16,cacgr,748,40.902518968120404,40.622224889254355,62.80814205620213,1.0,1.0,232.4251153551961,0.0,"{""seabed"": 0.9211, ""auv"": 0.0775, ""sat"": 0.0013}"
leogap,leo_gap_min,10,17,cloud,733,507.90392739589754,518.7250220476192,691.5405528438793,0.0,1.0,9.60000000000642,0.0,"{""cloud"": 1.0}"
leogap,leo_gap_min,10,17,sensor,733,39.980181577856264,39.967765320690766,60.914183281378065,1.0,1.0,299.93412590140053,0.0,"{""seabed"": 1.0}"
leogap,leo_gap_min,10,17,surface,733,316.94893953901743,316.97682267527466,447.7026726441862,0.015006821282401092,1.0,3974.1134125901185,0.0,"{""buoy"": 1.0}"
leogap,leo_gap_min,10,17,statopt,733,42.44354764230134,41.83717935429643,63.64088521201605,1.0,1.0,2286.311050477494,0.0,"{""seabed"": 0.5007, ""cloud"": 0.4993}"
leogap,leo_gap_min,10,17,cacgr,733,40.98962005499755,40.87561741476881,62.79630893930235,1.0,1.0,272.4507472227777,0.0,"{""seabed"": 0.9072, ""auv"": 0.0928}"
leogap,leo_gap_min,10,18,cloud,782,476.4093130282398,469.95629588801046,662.7265851685818,0.0,1.0,9.600000000006132,0.0,"{""cloud"": 1.0}"
leogap,leo_gap_min,10,18,sensor,782,42.46956375539498,42.38760487715839,62.336676546381575,1.0,1.0,242.23565948114083,0.0,"{""seabed"": 1.0}"
leogap,leo_gap_min,10,18,surface,782,69.30258968833546,64.50718326778836,113.62416894650435,0.7468030690537084,1.0,3184.3198421628886,0.0,"{""buoy"": 1.0}"
leogap,leo_gap_min,10,18,statopt,782,68.81142661930917,63.95277817117609,113.15943525873466,0.7506393861892583,1.0,3184.3198421628886,0.0,"{""cloud"": 1.0}"
leogap,leo_gap_min,10,18,cacgr,782,43.11870508845892,42.90253154093977,63.073807593079756,1.0,1.0,220.8962659846155,0.0,"{""seabed"": 0.9105, ""auv"": 0.0895}"
leogap,leo_gap_min,10,19,cloud,753,538.8906911913757,544.4553151855781,728.8626654571384,0.0,1.0,9.600000000007444,0.0,"{""cloud"": 1.0}"
leogap,leo_gap_min,10,19,sensor,753,40.73304278807107,41.13469912809257,59.26775566369934,1.0,1.0,309.3800037943556,0.0,"{""seabed"": 1.0}"
leogap,leo_gap_min,10,19,surface,753,339.8610114854893,344.469015202762,474.68003499061393,0.01593625498007968,1.0,3633.394531587915,0.0,"{""buoy"": 1.0}"
leogap,leo_gap_min,10,19,statopt,753,42.030090053863624,42.056149843196664,61.55826597972816,1.0,1.0,2034.8210965661146,0.0,"{""cloud"": 0.5153, ""seabed"": 0.4847}"
leogap,leo_gap_min,10,19,cacgr,753,41.411779741998465,41.4634523805745,62.55837886998158,1.0,1.0,284.1463737431303,0.0,"{""seabed"": 0.9031, ""auv"": 0.0956, ""sat"": 0.0013}"
leogap,leo_gap_min,10,20,cloud,812,561.63412179332,568.0054932767467,733.2920482096711,0.0,1.0,9.600000000007316,0.0,"{""cloud"": 1.0}"
leogap,leo_gap_min,10,20,sensor,812,39.77027353611909,39.95437482131274,58.89345271562006,1.0,1.0,294.8483462350384,0.0,"{""seabed"": 1.0}"
leogap,leo_gap_min,10,20,surface,812,347.68212893124144,353.4480501194032,483.13856795818305,0.009852216748768473,1.0,3425.834482758592,0.0,"{""buoy"": 1.0}"
leogap,leo_gap_min,10,20,statopt,812,98.08683645477261,99.97121530531949,135.1515558754785,0.3435960591133005,1.0,3261.2193505981436,0.0,"{""cloud"": 0.7463, ""seabed"": 0.2537}"
leogap,leo_gap_min,10,20,cacgr,812,40.422651830302584,40.33905455678068,60.73461921077231,1.0,1.0,269.25736242082394,0.0,"{""seabed"": 0.9126, ""auv"": 0.0874}"
leogap,leo_gap_min,10,21,cloud,770,528.630259980377,514.5095480108082,734.176336046261,0.0,1.0,9.600000000005952,0.0,"{""cloud"": 1.0}"
leogap,leo_gap_min,10,21,sensor,770,40.32584352339313,39.94540477056473,60.77145745056932,1.0,1.0,279.1799628942457,0.0,"{""seabed"": 1.0}"
leogap,leo_gap_min,10,21,surface,770,297.4789609269429,302.19496329460696,399.58936829712275,0.016883116883116882,1.0,3731.265656400709,0.0,"{""buoy"": 1.0}"
leogap,leo_gap_min,10,21,statopt,770,65.6876761659389,61.238159797204936,116.86100179626298,0.7961038961038961,1.0,3196.0259802597157,0.0,"{""cloud"": 0.7312, ""seabed"": 0.2688}"
leogap,leo_gap_min,10,21,cacgr,770,40.71864161589791,40.54746811904762,61.70033830791382,1.0,1.0,259.68497810760255,0.0,"{""seabed"": 0.9156, ""auv"": 0.0831, ""sat"": 0.0013}"
leogap,leo_gap_min,10,22,cloud,813,584.5731635597302,582.5785481019807,801.5346812390111,0.0,1.0,9.60000000000813,0.0,"{""cloud"": 1.0}"
leogap,leo_gap_min,10,22,sensor,813,39.01410622758879,37.862535945159955,59.643658582558125,1.0,1.0,287.26620980494175,0.0,"{""seabed"": 1.0}"
leogap,leo_gap_min,10,22,surface,813,335.2367259634179,341.92493507746804,466.70043933467264,0.020910209102091022,1.0,3555.1181950447713,0.0,"{""buoy"": 1.0}"
leogap,leo_gap_min,10,22,statopt,813,61.959374766512425,55.25194865390464,132.27977733467134,0.8487084870848709,1.0,2983.2696144789697,0.0,"{""cloud"": 0.7651, ""seabed"": 0.2349}"
leogap,leo_gap_min,10,22,cacgr,813,39.97403510483073,38.7567731259512,61.78231733206839,1.0,1.0,259.2953308732959,0.0,"{""seabed"": 0.9004, ""auv"": 0.0996}"
leogap,leo_gap_min,10,23,cloud,784,577.8410276045669,579.0151653624827,760.0729915718449,0.0,1.0,9.600000000007626,0.0,"{""cloud"": 1.0}"
leogap,leo_gap_min,10,23,sensor,784,40.449704145784374,41.00465707074236,59.59673546762062,1.0,1.0,273.92966472302436,0.0,"{""seabed"": 1.0}"
leogap,leo_gap_min,10,23,surface,784,302.77117098571347,307.34168809937523,421.3123056527893,0.025510204081632654,1.0,3569.9013177842194,0.0,"{""buoy"": 1.0}"
leogap,leo_gap_min,10,23,statopt,784,52.71631556802292,49.54371272523167,90.92056909704617,0.9438775510204082,1.0,2914.2448979591563,0.0,"{""cloud"": 0.7436, ""seabed"": 0.2564}"
leogap,leo_gap_min,10,23,cacgr,784,40.90214845813572,41.219525425001606,61.78670756753317,1.0,1.0,244.60772011661177,0.0,"{""seabed"": 0.8903, ""auv"": 0.1097}"
leogap,leo_gap_min,10,24,cloud,813,501.60698520628506,513.4939121261153,677.8942152493421,0.0,1.0,9.600000000007594,0.0,"{""cloud"": 1.0}"
leogap,leo_gap_min,10,24,sensor,813,42.02722279550364,42.57686606973584,61.562283604499385,1.0,1.0,242.28290282898672,0.0,"{""seabed"": 1.0}"
leogap,leo_gap_min,10,24,surface,813,87.98703034018051,92.46466561728205,131.5484471809712,0.47232472324723246,1.0,3189.492796345044,0.0,"{""buoy"": 1.0}"
leogap,leo_gap_min,10,24,statopt,813,87.23999139789639,92.18290906863052,131.001050546042,0.4784747847478475,1.0,3189.492796345044,0.0,"{""cloud"": 1.0}"
leogap,leo_gap_min,10,24,cacgr,813,42.515914382366084,43.04485807602517,63.668584231976645,1.0,1.0,221.66574029164985,0.0,"{""seabed"": 0.8991, ""auv"": 0.0996, ""sat"": 0.0012}"
leogap,leo_gap_min,10,25,cloud,675,560.3740731671231,573.2094772451348,764.1872819877185,0.0,1.0,9.60000000000538,0.0,"{""cloud"": 1.0}"
leogap,leo_gap_min,10,25,sensor,675,40.013212438377714,40.47456092657448,58.75881783516591,1.0,1.0,273.16402116401025,0.0,"{""seabed"": 1.0}"
leogap,leo_gap_min,10,25,surface,675,283.0759394373669,296.1801626828584,389.6910885270168,0.047407407407407405,1.0,4302.61329608461,0.0,"{""buoy"": 1.0}"
leogap,leo_gap_min,10,25,statopt,675,173.99621637775417,189.75236760101495,259.3729182925904,0.11259259259259259,1.0,4094.7956412274666,0.0,"{""cloud"": 0.8726, ""seabed"": 0.1274}"
leogap,leo_gap_min,10,25,cacgr,675,40.6577924401657,40.92546894095819,60.48888855985586,1.0,1.0,249.4466607407283,0.0,"{""seabed"": 0.8963, ""auv"": 0.1022, ""sat"": 0.0015}"
leogap,leo_gap_min,10,26,cloud,842,520.9658104461571,534.2712574177548,716.9407861720916,0.0,1.0,9.60000000000948,0.0,"{""cloud"": 1.0}"
leogap,leo_gap_min,10,26,sensor,842,40.963989645082556,40.82895721002363,60.58558120765746,1.0,1.0,288.91041737358177,0.0,"{""seabed"": 1.0}"
leogap,leo_gap_min,10,26,surface,842,325.6605284960046,326.01778423272725,464.01056058429964,0.007125890736342043,1.0,3307.237499830302,0.0,"{""buoy"": 1.0}"
leogap,leo_gap_min,10,26,statopt,842,228.40881337413848,246.81961308176432,321.0205297574327,0.07719714964370546,1.0,3328.9259860196394,0.0,"{""cloud"": 0.8705, ""seabed"": 0.1295}"
leogap,leo_gap_min,10,26,cacgr,842,41.69329926557109,41.766269490533645,62.75742567549164,1.0,1.0,263.00344214453787,0.0,"{""seabed"": 0.9097, ""auv"": 0.0903}"
leogap,leo_gap_min,10,27,cloud,753,549.2756736503983,549.0998801242664,738.0949872079727,0.0,1.0,9.600000000009588,0.0,"{""cloud"": 1.0}"
leogap,leo_gap_min,10,27,sensor,753,39.226069893509326,39.31863837960797,58.93677393609609,1.0,1.0,280.82754695503576,0.0,"{""seabed"": 1.0}"
leogap,leo_gap_min,10,27,surface,753,313.35282302940954,319.3591400432143,432.05006409965137,0.02390438247011952,1.0,3625.746173401602,0.0,"{""buoy"": 1.0}"
leogap,leo_gap_min,10,27,statopt,753,141.0104987074196,139.1357275797388,206.68138535628304,0.099601593625498,1.0,3604.620680705723,0.0,"{""cloud"": 0.7596, ""seabed"": 0.2404}"
leogap,leo_gap_min,10,27,cacgr,753,39.8988821034018,39.61822658070984,61.89900597148783,1.0,1.0,255.65878808575135,0.0,"{""seabed"": 0.9084, ""auv"": 0.0916}"
leogap,leo_gap_min,10,28,cloud,756,523.2774028919549,534.188530074637,738.8440000888241,0.0,1.0,9.600000000006665,0.0,"{""cloud"": 1.0}"
leogap,leo_gap_min,10,28,sensor,756,40.578475042993894,39.92324647860053,61.41060056665483,1.0,1.0,267.5234315948462,0.0,"{""seabed"": 1.0}"
leogap,leo_gap_min,10,28,surface,756,254.7352117632891,255.67592438009288,391.4464507291685,0.03439153439153439,1.0,3713.362854119387,0.0,"{""buoy"": 1.0}"
leogap,leo_gap_min,10,28,statopt,756,43.21504853381338,42.050591290137916,67.03207499706532,1.0,1.0,2619.08238851093,0.0,"{""cloud"": 0.7632, ""seabed"": 0.2368}"
leogap,leo_gap_min,10,28,cacgr,756,41.15129367133215,40.648721046831696,62.658561832990614,1.0,1.0,247.41435827662968,0.0,"{""seabed"": 0.9087, ""auv"": 0.0899, ""sat"": 0.0013}"
leogap,leo_gap_min,10,29,cloud,782,535.15236157525,538.2637383908725,700.4681180168798,0.0,1.0,9.6000000000075,0.0,"{""cloud"": 1.0}"
leogap,leo_gap_min,10,29,sensor,782,39.05932256377574,38.19360047892205,59.3473201357224,1.0,1.0,292.19912312752354,0.0,"{""seabed"": 1.0}"
leogap,leo_gap_min,10,29,surface,782,316.52362014766203,313.3452128742712,438.65847050220344,0.01278772378516624,1.0,3524.2832356594595,0.0,"{""buoy"": 1.0}"
leogap,leo_gap_min,10,29,statopt,782,57.9739475560683,55.48057573504684,98.51530875196262,0.8989769820971867,1.0,3050.154914139564,0.0,"{""cloud"": 0.624, ""seabed"": 0.376}"
leogap,leo_gap_min,10,29,cacgr,782,40.070172889958855,39.054084427185565,63.22799669259907,1.0,1.0,259.6158626233197,0.0,"{""seabed"": 0.8862, ""auv"": 0.1138}"
leogap,leo_gap_min,20,0,cloud,764,592.2595244791454,592.0121296099862,753.0788262417105,0.0,1.0,9.60000000000571,0.0,"{""cloud"": 1.0}"
leogap,leo_gap_min,20,0,sensor,764,46.99989043864494,47.63798804445069,71.74682748572653,1.0,1.0,285.11518324607835,0.0,"{""seabed"": 1.0}"
leogap,leo_gap_min,20,0,surface,764,298.88042447963505,304.47367358141787,412.9868156559165,0.02225130890052356,1.0,3629.669564697053,0.0,"{""buoy"": 1.0}"
leogap,leo_gap_min,20,0,statopt,764,52.89844554604348,53.7508549048073,78.31315752865862,0.9947643979057592,1.0,2675.448017950626,0.0,"{""cloud"": 0.6414, ""seabed"": 0.3586}"
leogap,leo_gap_min,20,0,cacgr,764,46.77034525575708,47.43109825014726,71.06042682934357,1.0,1.0,282.7056846671686,0.0,"{""seabed"": 0.9123, ""auv"": 0.0798, ""sat"": 0.0079}"
leogap,leo_gap_min,20,1,cloud,727,517.4042619898046,523.3089974868963,690.6192322044353,0.0,1.0,9.600000000007828,0.0,"{""cloud"": 1.0}"
leogap,leo_gap_min,20,1,sensor,727,45.70590828592891,45.27719652290859,69.15155170690882,1.0,1.0,273.91982707800565,0.0,"{""seabed"": 1.0}"
leogap,leo_gap_min,20,1,surface,727,248.1521406279805,246.07660705636033,372.62118485193736,0.033012379642365884,1.0,3857.4863147965875,0.0,"{""buoy"": 1.0}"
leogap,leo_gap_min,20,1,statopt,727,54.13134947666735,52.10960953981703,84.78157729643952,0.9738651994497937,1.0,2896.243011986616,0.0,"{""cloud"": 0.7428, ""seabed"": 0.2572}"
leogap,leo_gap_min,20,1,cacgr,727,45.886994172674555,45.71622275780246,68.93905911716648,1.0,1.0,267.2595606209416,0.0,"{""seabed"": 0.9147, ""auv"": 0.0798, ""sat"": 0.0055}"
leogap,leo_gap_min,20,2,cloud,757,639.2189762948037,640.3087180612264,807.1197795305851,0.0,1.0,9.600000000003769,0.0,"{""cloud"": 1.0}"
leogap,leo_gap_min,20,2,sensor,757,46.631920191417244,46.06539100892939,69.36923556123419,1.0,1.0,281.4961313455384,0.0,"{""seabed"": 1.0}"
leogap,leo_gap_min,20,2,surface,757,321.4407490484142,331.18106249464984,428.24230511909974,0.003963011889035667,1.0,3689.6226306850044,0.0,"{""buoy"": 1.0}"
leogap,leo_gap_min,20,2,statopt,757,47.05558493232357,46.42930239442406,70.66393438043112,1.0,1.0,2290.5827514625294,0.0,"{""cloud"": 0.6328, ""seabed"": 0.3672}"
leogap,leo_gap_min,20,2,cacgr,757,46.2020097115703,45.69729482285784,68.36772914532997,1.0,1.0,289.1570394414051,0.0,"{""seabed"": 0.9181, ""auv"": 0.0713, ""sat"": 0.0106}"
leogap,leo_gap_min,20,3,cloud,758,541.6342365438223,554.4743361550512,675.9652319348075,0.0,1.0,9.600000000007029,0.0,"{""cloud"": 1.0}"
leogap,leo_gap_min,20,3,sensor,758,45.802440761529105,44.98987481365683,70.4016923977404,1.0,1.0,252.320392009013,0.0,"{""seabed"": 1.0}"
leogap,leo_gap_min,20,3,surface,758,184.98362737654125,181.71538702988127,278.6736122541399,0.06728232189973615,1.0,3654.5074044477374,0.0,"{""buoy"": 1.0}"
leogap,leo_gap_min,20,3,statopt,758,184.0398584336945,180.81649713188696,278.67539852080637,0.06728232189973615,1.0,3654.5074044477374,0.0,"{""cloud"": 1.0}"
leogap,leo_gap_min,20,3,cacgr,758,46.04931545308991,45.53373836122664,69.97293058689158,1.0,1.0,258.6292348284634,0.0,"{""seabed"": 0.9037, ""auv"": 0.0858, ""sat"": 0.0106}"
leogap,leo_gap_min,20,4,cloud,790,583.1542814963879,578.4758792647289,730.9739098306368,0.0,1.0,9.600000000003964,0.0,"{""cloud"": 1.0}"
leogap,leo_gap_min,20,4,sensor,790,45.66734478268417,45.35478440460192,71.30991058483397,1.0,1.0,268.77215189872175,0.0,"{""seabed"": 1.0}"
leogap,leo_gap_min,20,4,surface,790,273.89837176628885,284.89716452961073,361.5540213351309,0.02278481012658228,1.0,3539.194473779348,0.0,"{""buoy"": 1.0}"
leogap,leo_gap_min,20,4,statopt,790,190.84963274333774,196.80268148060574,257.76311272056876,0.05949367088607595,1.0,3491.445555732332,0.0,"{""cloud"": 0.8848, ""seabed"": 0.1152}"
leogap,leo_gap_min,20,4,cacgr,790,45.63265285451772,45.35478440460192,70.22894406077901,1.0,1.0,268.85565858949894,0.0,"{""seabed"": 0.9177, ""auv"": 0.0759, ""sat"": 0.0063}"
leogap,leo_gap_min,20,5,cloud,763,549.8826856169045,549.2913320490254,692.9871567136682,0.0,1.0,9.600000000006274,0.0,"{""cloud"": 1.0}"
leogap,leo_gap_min,20,5,sensor,763,48.066062940443004,47.433571270913426,73.39209039487999,1.0,1.0,287.89215502712926,0.0,"{""seabed"": 1.0}"
leogap,leo_gap_min,20,5,surface,763,273.8735241216722,268.3814706884334,415.69961221298104,0.019659239842726082,1.0,3705.556673282119,0.0,"{""buoy"": 1.0}"
leogap,leo_gap_min,20,5,statopt,763,93.4930676509616,94.80605941218515,132.81226095821322,0.44036697247706424,1.0,3500.897351057813,0.0,"{""cloud"": 0.8506, ""seabed"": 0.1494}"
leogap,leo_gap_min,20,5,cacgr,763,48.375700164082176,47.794806324894914,73.31558169543601,1.0,1.0,283.23574162140005,0.0,"{""seabed"": 0.9056, ""auv"": 0.0878, ""sat"": 0.0066}"
leogap,leo_gap_min,20,6,cloud,729,560.9910264766812,560.2532069806398,730.8993834936899,0.0,1.0,9.600000000008261,0.0,"{""cloud"": 1.0}"
leogap,leo_gap_min,20,6,sensor,729,45.22592014496778,45.48516801003182,70.8730220291329,1.0,1.0,266.7658240250655,0.0,"{""seabed"": 1.0}"
leogap,leo_gap_min,20,6,surface,729,261.86326318794465,265.23947865138155,373.2345137426577,0.03017832647462277,1.0,3780.267679404232,0.0,"{""buoy"": 1.0}"
leogap,leo_gap_min,20,6,statopt,729,157.98268810293385,149.1654278751516,250.37895928151934,0.08641975308641975,1.0,3783.2462322554925,0.0,"{""cloud"": 0.8985, ""seabed"": 0.1015}"
leogap,leo_gap_min,20,6,cacgr,729,45.214674102826805,45.70802383506331,70.09022053275423,1.0,1.0,274.26415206739455,0.0,"{""seabed"": 0.9095, ""auv"": 0.0837, ""sat"": 0.0069}"
leogap,leo_gap_min,20,7,cloud,757,577.1595240557558,578.7388032475002,724.2930660788201,0.0,1.0,9.600000000007762,0.0,"{""cloud"": 1.0}"
leogap,leo_gap_min,20,7,sensor,757,48.78580703845901,48.6471526359596,73.85466034998039,1.0,1.0,266.49330062274504,0.0,"{""seabed"": 1.0}"
leogap,leo_gap_min,20,7,surface,757,265.262718454502,266.35560776242113,366.6294552713516,0.022457067371202115,1.0,3580.1304789582528,0.0,"{""buoy"": 1.0}"
leogap,leo_gap_min,20,7,statopt,757,175.57487111464354,184.59612941977684,226.34118221171062,0.03302509907529723,1.0,3532.182149990523,0.0,"{""cloud"": 0.86, ""seabed"": 0.14}"
leogap,leo_gap_min,20,7,cacgr,757,48.57890759462985,48.6471526359596,72.15463581685286,1.0,1.0,271.33880656726393,0.0,"{""seabed"": 0.93, ""auv"": 0.0621, ""sat"": 0.0079}"
leogap,leo_gap_min,20,8,cloud,772,535.9290520869122,536.0208678441153,767.1377699869995,0.0,1.0,9.600000000006183,0.0,"{""cloud"": 1.0}"
leogap,leo_gap_min,20,8,sensor,772,44.758249072988306,43.26171740273567,70.63590967000427,1.0,1.0,279.7202072538606,0.0,"{""seabed"": 1.0}"
leogap,leo_gap_min,20,8,surface,772,305.9228474877488,301.2915438174037,438.55870868215453,0.014248704663212436,1.0,3625.359928941482,0.0,"{""buoy"": 1.0}"
leogap,leo_gap_min,20,8,statopt,772,66.69434141670008,64.46832512677028,105.60053228962282,0.8277202072538861,1.0,3306.960284233854,0.0,"{""cloud"": 0.8705, ""seabed"": 0.1295}"
leogap,leo_gap_min,20,8,cacgr,772,44.415760711693196,43.00280824522391,68.87979796695188,1.0,1.0,284.94512805327054,0.0,"{""seabed"": 0.899, ""auv"": 0.0894, ""sat"": 0.0117}"
leogap,leo_gap_min,20,9,cloud,819,639.5652950617192,661.3628554680188,794.6992865739096,0.0,1.0,9.600000000006688,0.0,"{""cloud"": 1.0}"
leogap,leo_gap_min,20,9,sensor,819,46.34773079783706,46.07487611847221,69.72774070229298,1.0,1.0,269.5911390196926,0.0,"{""seabed"": 1.0}"
leogap,leo_gap_min,20,9,surface,819,304.1919442835782,314.61304795310474,424.1450946210322,0.028083028083028084,1.0,3504.621583115251,0.0,"{""buoy"": 1.0}"
leogap,leo_gap_min,20,9,statopt,819,51.410174724324825,50.677659516281956,80.68246928651203,0.989010989010989,1.0,2634.4786324785982,0.0,"{""cloud"": 0.7497, ""seabed"": 0.2503}"
leogap,leo_gap_min,20,9,cacgr,819,46.6381779443637,46.35439466317463,70.01846458859109,1.0,1.0,259.24591801847214,0.0,"{""seabed"": 0.9084, ""auv"": 0.0867, ""sat"": 0.0049}"
leogap,leo_gap_min,20,10,cloud,786,577.9687340167449,593.6005277289473,743.6769571432774,0.0,1.0,9.600000000004725,0.0,"{""cloud"": 1.0}"
leogap,leo_gap_min,20,10,sensor,786,45.04378226215656,44.7428968605583,68.95970734000767,1.0,1.0,279.1537622682638,0.0,"{""seabed"": 1.0}"
leogap,leo_gap_min,20,10,surface,786,297.3252158312895,309.18327417732945,409.317828670147,0.013994910941475827,1.0,3604.4651748454826,0.0,"{""buoy"": 1.0}"
leogap,leo_gap_min,20,10,statopt,786,44.070783584735985,43.66091970896717,68.27005304661161,1.0,1.0,1886.6964740094372,0.0,"{""cloud"": 0.6132, ""seabed"": 0.3868}"
leogap,leo_gap_min,20,10,cacgr,786,45.06924964099373,44.9853492528798,68.26961504661158,1.0,1.0,260.8717470010863,0.0,"{""seabed"": 0.8957, ""auv"": 0.1005, ""sat"": 0.0038}"
leogap,leo_gap_min,20,11,cloud,770,590.5419040935111,594.6690747024594,726.1633879987102,0.0,1.0,9.600000000005995,0.0,"{""cloud"": 1.0}"
leogap,leo_gap_min,20,11,sensor,770,48.1059504218373,48.31995196511853,71.961554490081,1.0,1.0,295.6456400742069,0.0,"{""seabed"": 1.0}"
leogap,leo_gap_min,20,11,surface,770,322.5134552752685,325.5126344534948,445.01941953195586,0.016883116883116882,1.0,3601.4239525046087,0.0,"{""buoy"": 1.0}"
leogap,leo_gap_min,20,11,statopt,770,93.7820426534734,86.8390263384303,165.9578326670423,0.5181818181818182,1.0,3308.456413209621,0.0,"{""cloud"": 0.7442, ""seabed"": 0.2558}"
leogap,leo_gap_min,20,11,cacgr,770,48.00707077431823,48.35181556159186,71.42994582397247,1.0,1.0,288.65908423005123,0.0,"{""seabed"": 0.926, ""auv"": 0.0688, ""sat"": 0.0052}"
leogap,leo_gap_min,20,12,cloud,792,638.5412638228956,646.1178655667622,803.065284158493,0.0,1.0,9.600000000006,0.0,"{""cloud"": 1.0}"
leogap,leo_gap_min,20,12,sensor,792,45.28042330081173,44.02646786337003,71.38563647294295,0.9987373737373737,1.0,259.1338383838163,0.0,"{""seabed"": 1.0}"
leogap,leo_gap_min,20,12,surface,792,266.01046219961586,282.73869665459364,374.19816545017585,0.05176767676767677,1.0,3533.8066378065864,0.0,"{""buoy"": 1.0}"
leogap,leo_gap_min,20,12,statopt,792,89.89494752601482,87.10111064968623,153.72651543959734,0.5227272727272727,1.0,3224.945177489133,0.0,"{""cloud"": 0.8801, ""seabed"": 0.1199}"
leogap,leo_gap_min,20,12,cacgr,792,45.6200406690282,44.58356700825679,71.00449484737223,0.9987373737373737,1.0,244.68559018757114,0.0,"{""seabed"": 0.9028, ""auv"": 0.0934, ""sat"": 0.0038}"
leogap,leo_gap_min,20,13,cloud,769,553.840371807161,579.6559961490661,674.4491349247534,0.0,1.0,9.600000000004503,0.0,"{""cloud"": 1.0}"
leogap,leo_gap_min,20,13,sensor,769,46.57036988720417,46.1403903806456,70.16934522634362,1.0,1.0,246.53836150841536,0.0,"{""seabed"": 1.0}"
leogap,leo_gap_min,20,13,surface,769,104.3858797161116,93.69565325282801,178.73241261367605,0.4616384915474642,1.0,3509.344407207817,0.0,"{""buoy"": 1.0}"
leogap,leo_gap_min,20,13,statopt,769,104.19016888264342,93.69803991949478,178.55683165710727,0.4616384915474642,1.0,3509.344407207817,0.0,"{""cloud"": 1.0}"
leogap,leo_gap_min,20,13,cacgr,769,46.40300929118693,46.07909446731097,69.79721623358132,1.0,1.0,249.6731785249506,0.0,"{""seabed"": 0.9064, ""auv"": 0.0845, ""sat"": 0.0078, ""uav"": 0.0013}"
leogap,leo_gap_min,20,14,cloud,750,567.6803785889095,577.3967405118602,731.9719951634979,0.0,1.0,9.600000000005632,0.0,"{""cloud"": 1.0}"
leogap,leo_gap_min,20,14,sensor,750,47.869186858764216,48.371206573774785,71.74297888003905,1.0,1.0,259.8095238095044,0.0,"{""seabed"": 1.0}"
leogap,leo_gap_min,20,14,surface,750,248.35564038971265,256.52858763049954,351.04533618584605,0.028,1.0,3640.1756220951925,0.0,"{""buoy"": 1.0}"
leogap,leo_gap_min,20,14,statopt,750,70.92229524023982,69.12662553966487,114.94580109327353,0.7893333333333333,1.0,3311.2571428571023,0.0,"{""cloud"": 0.8813, ""seabed"": 0.1187}"
leogap,leo_gap_min,20,14,cacgr,750,47.75657609916402,48.38819313612718,70.84684351641884,1.0,1.0,268.72391009522045,0.0,"{""seabed"": 0.9147, ""auv"": 0.0747, ""sat"": 0.0107}"
leogap,leo_gap_min,20,15,cloud,770,540.6451449106963,553.606838032946,688.9710938849673,0.0,1.0,9.600000000004483,0.0,"{""cloud"": 1.0}"
leogap,leo_gap_min,20,15,sensor,770,47.829614952068134,47.70586388268418,72.59174034264522,1.0,1.0,254.96846011128886,0.0,"{""seabed"": 1.0}"
leogap,leo_gap_min,20,15,surface,770,193.51589463515012,200.35430951152557,274.75753072133466,0.06623376623376623,1.0,3560.4909298700773,0.0,"{""buoy"": 1.0}"
leogap,leo_gap_min,20,15,statopt,770,192.568463461355,198.24656447850853,274.7595381880011,0.06623376623376623,1.0,3560.4909298700773,0.0,"{""cloud"": 1.0}"
leogap,leo_gap_min,20,15,cacgr,770,47.79059100058726,47.70467496130559,72.05124865401321,1.0,1.0,248.90376252316364,0.0,"{""seabed"": 0.9169, ""auv"": 0.0779, ""sat"": 0.0052}"
leogap,leo_gap_min,20,16,cloud,748,570.9199282312919,570.5448172002417,734.6236647313938,0.0,1.0,9.600000000006327,0.0,"{""cloud"": 1.0}"
leogap,leo_gap_min,20,16,sensor,748,45.43341014074747,45.901517254802215,68.35647177159255,1.0,1.0,247.64553093960936,0.0,"{""seabed"": 1.0}"
leogap,leo_gap_min,20,16,surface,748,99.08414565443319,98.06085265156521,153.16805752763884,0.393048128342246,1.0,3638.365689839508,0.0,"{""buoy"": 1.0}"
leogap,leo_gap_min,20,16,statopt,748,98.42613165972041,97.5376801080521,152.7030634721373,0.3997326203208556,1.0,3638.365689839508,0.0,"{""cloud"": 1.0}"
leogap,leo_gap_min,20,16,cacgr,748,45.45967117082468,45.901517254802215,68.01036793795994,1.0,1.0,243.7152330022543,0.0,"{""seabed"": 0.9358, ""auv"": 0.0602, ""sat"": 0.004}"
leogap,leo_gap_min,20,17,cloud,733,553.0190944856312,571.2741092251337,706.057287501632,0.0,1.0,9.60000000000642,0.0,"{""cloud"": 1.0}"
leogap,leo_gap_min,20,17,sensor,733,46.35938219156468,45.93705680179992,69.54547846556277,1.0,1.0,299.93412590140053,0.0,"{""seabed"": 1.0}"
leogap,leo_gap_min,20,17,surface,733,325.3380828904368,324.2403179510094,455.5510238525388,0.01227830832196453,1.0,3974.1134125901185,0.0,"{""buoy"": 1.0}"
leogap,leo_gap_min,20,17,statopt,733,48.72842743080643,48.482322747086194,72.38255279416624,1.0,1.0,2286.311050477494,0.0,"{""seabed"": 0.5007, ""cloud"": 0.4993}"
leogap,leo_gap_min,20,17,cacgr,733,46.67968437962433,46.36684063894936,69.26328113410085,1.0,1.0,288.702269343222,0.0,"{""seabed"": 0.9086, ""auv"": 0.0859, ""sat"": 0.0055}"
leogap,leo_gap_min,20,18,cloud,782,534.0171075463791,545.8966808998154,661.8574465404898,0.0,1.0,9.600000000006132,0.0,"{""cloud"": 1.0}"
leogap,leo_gap_min,20,18,sensor,782,47.08970260804171,47.577019071132476,70.13870932346119,1.0,1.0,242.23565948114083,0.0,"{""seabed"": 1.0}"
leogap,leo_gap_min,20,18,surface,782,74.92712674722537,71.22554706057612,122.91055846309263,0.6726342710997443,1.0,3184.3198421628886,0.0,"{""buoy"": 1.0}"
leogap,leo_gap_min,20,18,statopt,782,74.33873290368085,70.65881640909878,121.74234590918492,0.6777493606138107,1.0,3184.3198421628886,0.0,"{""cloud"": 1.0}"
leogap,leo_gap_min,20,18,cacgr,782,46.700792319150416,47.238065651803964,68.72596978254879,1.0,1.0,262.0293255388708,0.0,"{""seabed"": 0.9143, ""auv"": 0.0716, ""sat"": 0.0141}"
leogap,leo_gap_min,20,19,cloud,753,584.8090398789516,584.7737974735888,730.8328233920306,0.0,1.0,9.600000000007444,0.0,"{""cloud"": 1.0}"
leogap,leo_gap_min,20,19,sensor,753,48.26552156484302,48.09913294639749,70.97992935824216,0.99734395750332,1.0,309.3800037943556,0.0,"{""seabed"": 1.0}"
leogap,leo_gap_min,20,19,surface,753,350.3112844659167,358.1336849646119,483.96009373271005,0.01195219123505976,1.0,3633.394531587915,0.0,"{""buoy"": 1.0}"
leogap,leo_gap_min,20,19,statopt,753,49.27399458502712,48.645199587063686,74.19693987830871,0.9920318725099602,1.0,2034.8210965661146,0.0,"{""cloud"": 0.5153, ""seabed"": 0.4847}"
leogap,leo_gap_min,20,19,cacgr,753,48.65580182321808,48.33170605787248,70.77205083966442,0.99734395750332,1.0,292.346038322907,0.0,"{""seabed"": 0.9163, ""auv"": 0.081, ""sat"": 0.0027}"
leogap,leo_gap_min,20,20,cloud,812,628.9201018401276,636.2694452713246,764.0446279766973,0.0,1.0,9.600000000007316,0.0,"{""cloud"": 1.0}"
leogap,leo_gap_min,20,20,sensor,812,46.196818026008806,46.023517180153064,70.48670243172506,1.0,1.0,294.8483462350384,0.0,"{""seabed"": 1.0}"
leogap,leo_gap_min,20,20,surface,812,359.3202052117393,360.95148219573565,507.5795800595239,0.006157635467980296,1.0,3425.834482758592,0.0,"{""buoy"": 1.0}"
leogap,leo_gap_min,20,20,statopt,812,103.55014311212567,104.89787996247846,143.22944585209356,0.3091133004926108,1.0,3261.2193505981436,0.0,"{""cloud"": 0.7463, ""seabed"": 0.2537}"
leogap,leo_gap_min,20,20,cacgr,812,46.7277720532024,46.559578131006916,70.38048460707847,1.0,1.0,276.83957776213373,0.0,"{""seabed"": 0.9113, ""auv"": 0.0862, ""sat"": 0.0025}"
leogap,leo_gap_min,20,21,cloud,770,579.7737412226475,580.7262936205615,747.0516929453022,0.0,1.0,9.600000000005952,0.0,"{""cloud"": 1.0}"
leogap,leo_gap_min,20,21,sensor,770,46.62956975227857,46.113035007726495,71.97983241194953,0.9961038961038962,1.0,279.1799628942457,0.0,"{""seabed"": 1.0}"
leogap,leo_gap_min,20,21,surface,770,304.7728069681974,307.8762036903063,413.69224277248287,0.023376623376623377,1.0,3731.265656400709,0.0,"{""buoy"": 1.0}"
leogap,leo_gap_min,20,21,statopt,770,72.12180541840483,69.06846217373884,123.44953423428677,0.7701298701298701,1.0,3196.0259802597157,0.0,"{""cloud"": 0.7312, ""seabed"": 0.2688}"
leogap,leo_gap_min,20,21,cacgr,770,46.602358639582086,46.19567864755809,71.51147368253692,0.9974025974025974,1.0,274.51750352504376,0.0,"{""seabed"": 0.913, ""auv"": 0.0818, ""sat"": 0.0052}"
leogap,leo_gap_min,20,22,cloud,813,610.946782534407,614.2652073295927,802.4862338755726,0.0,1.0,9.60000000000813,0.0,"{""cloud"": 1.0}"
leogap,leo_gap_min,20,22,sensor,813,44.722770056325324,44.100708823177364,68.81578932710643,1.0,1.0,287.26620980494175,0.0,"{""seabed"": 1.0}"
leogap,leo_gap_min,20,22,surface,813,339.233534935407,344.8515211690358,468.64841007023387,0.014760147601476014,1.0,3555.1181950447713,0.0,"{""buoy"": 1.0}"
leogap,leo_gap_min,20,22,statopt,813,68.846587828023,63.62295689329815,131.17080333698746,0.7933579335793358,1.0,2983.2696144789697,0.0,"{""cloud"": 0.7651, ""seabed"": 0.2349}"
leogap,leo_gap_min,20,22,cacgr,813,45.184341407792544,44.586569243068034,68.35456867505398,1.0,1.0,268.0080126515431,0.0,"{""seabed"": 0.9053, ""auv"": 0.0923, ""sat"": 0.0025}"
leogap,leo_gap_min,20,23,cloud,784,621.6290902167744,615.6868402682735,764.6978462375334,0.0,1.0,9.600000000007626,0.0,"{""cloud"": 1.0}"
leogap,leo_gap_min,20,23,sensor,784,46.633749679656496,47.32760494951241,70.77129766871998,1.0,1.0,273.92966472302436,0.0,"{""seabed"": 1.0}"
leogap,leo_gap_min,20,23,surface,784,308.8123495749685,307.68578296928234,425.0039627224543,0.02040816326530612,1.0,3569.9013177842194,0.0,"{""buoy"": 1.0}"
leogap,leo_gap_min,20,23,statopt,784,60.13695346749952,57.64890040407784,102.83501596475928,0.8826530612244898,1.0,2914.2448979591563,0.0,"{""cloud"": 0.7436, ""seabed"": 0.2564}"
leogap,leo_gap_min,20,23,cacgr,784,46.39737116239825,47.21084525399383,70.12584182934454,1.0,1.0,273.42690379008104,0.0,"{""seabed"": 0.9005, ""auv"": 0.0906, ""sat"": 0.0089}"
leogap,leo_gap_min,20,24,cloud,813,560.8531110717506,575.2791463816131,693.1882371434738,0.0,1.0,9.600000000007594,0.0,"{""cloud"": 1.0}"
leogap,leo_gap_min,20,24,sensor,813,47.64585839105519,47.640818879747805,70.47679929819176,1.0,1.0,242.28290282898672,0.0,"{""seabed"": 1.0}"
leogap,leo_gap_min,20,24,surface,813,94.05623958736437,100.31107511283086,138.52022525190816,0.39114391143911437,1.0,3189.492796345044,0.0,"{""buoy"": 1.0}"
leogap,leo_gap_min,20,24,statopt,813,93.25718558823448,99.70178288896653,138.18546217519528,0.4022140221402214,1.0,3189.492796345044,0.0,"{""cloud"": 1.0}"
leogap,leo_gap_min,20,24,cacgr,813,47.73209928173692,47.878526756005826,69.86913614104667,1.0,1.0,252.08861149179006,0.0,"{""seabed"": 0.8942, ""auv"": 0.0935, ""sat"": 0.0123}"
leogap,leo_gap_min,20,25,cloud,675,599.1969706462598,606.7126962398605,772.3465973826166,0.0,1.0,9.60000000000538,0.0,"{""cloud"": 1.0}"
leogap,leo_gap_min,20,25,sensor,675,45.47227523508862,45.76169858857465,68.48049500856708,1.0,1.0,273.16402116401025,0.0,"{""seabed"": 1.0}"
leogap,leo_gap_min,20,25,surface,675,289.4343715563028,298.1623733158677,408.5576061293977,0.04,1.0,4302.61329608461,0.0,"{""buoy"": 1.0}"
leogap,leo_gap_min,20,25,statopt,675,180.2527550024711,195.5152690368622,267.8145846860101,0.10074074074074074,1.0,4094.7956412274666,0.0,"{""cloud"": 0.8726, ""seabed"": 0.1274}"
leogap,leo_gap_min,20,25,cacgr,675,45.68217739817545,46.25492960405439,68.36564335523316,1.0,1.0,264.41110349205184,0.0,"{""seabed"": 0.9185, ""auv"": 0.0785, ""sat"": 0.003}"
leogap,leo_gap_min,20,26,cloud,842,528.5209063001697,540.6433957909745,731.1162869711331,0.0,1.0,9.60000000000948,0.0,"{""cloud"": 1.0}"
leogap,leo_gap_min,20,26,sensor,842,46.47582373893437,46.36163255822521,71.1892260293212,1.0,1.0,288.91041737358177,0.0,"{""seabed"": 1.0}"
leogap,leo_gap_min,20,26,surface,842,334.45617051944845,335.57807555036806,476.1687255775787,0.0023752969121140144,1.0,3307.237499830302,0.0,"{""buoy"": 1.0}"
leogap,leo_gap_min,20,26,statopt,842,236.06081039130697,248.37326454079175,337.5201726545704,0.0498812351543943,1.0,3328.9259860196394,0.0,"{""cloud"": 0.8705, ""seabed"": 0.1295}"
leogap,leo_gap_min,20,26,cacgr,842,46.67257199822575,46.48739499796575,71.13173272897033,1.0,1.0,281.88431625380093,0.0,"{""seabed"": 0.9121, ""auv"": 0.0831, ""sat"": 0.0048}"
leogap,leo_gap_min,20,27,cloud,753,569.3960698121108,581.7973980963179,741.9449931905388,0.0,1.0,9.600000000009588,0.0,"{""cloud"": 1.0}"
leogap,leo_gap_min,20,27,sensor,753,45.54346797470911,44.81093195912193,70.53094270053477,1.0,1.0,280.82754695503576,0.0,"{""seabed"": 1.0}"
leogap,leo_gap_min,20,27,surface,753,319.64083578146193,325.12402398042127,444.13519513297274,0.021248339973439574,1.0,3625.746173401602,0.0,"{""buoy"": 1.0}"
leogap,leo_gap_min,20,27,statopt,753,147.40111929146587,149.27375303846128,206.5718173005294,0.0903054448871182,1.0,3604.620680705723,0.0,"{""cloud"": 0.7596, ""seabed"": 0.2404}"
leogap,leo_gap_min,20,27,cacgr,753,45.730815994385,45.19026118756471,70.39653788962958,1.0,1.0,271.90552684500005,0.0,"{""seabed"": 0.9097, ""auv"": 0.085, ""sat"": 0.0053}"
leogap,leo_gap_min,20,28,cloud,756,572.3456865151998,592.7424519355005,741.3549769552908,0.0,1.0,9.600000000006665,0.0,"{""cloud"": 1.0}"
leogap,leo_gap_min,20,28,sensor,756,46.618267382614455,45.95393523732152,72.49281824112332,1.0,1.0,267.5234315948462,0.0,"{""seabed"": 1.0}"
leogap,leo_gap_min,20,28,surface,756,260.32115329101066,260.62799829727015,387.90239865831694,0.031746031746031744,1.0,3713.362854119387,0.0,"{""buoy"": 1.0}"
leogap,leo_gap_min,20,28,statopt,756,49.72272923112782,48.63016078075979,76.49991436848899,0.996031746031746,1.0,2619.08238851093,0.0,"{""cloud"": 0.7632, ""seabed"": 0.2368}"
leogap,leo_gap_min,20,28,cacgr,756,46.64622450450155,46.32863869745124,71.78597389447917,1.0,1.0,274.67736054420345,0.0,"{""seabed"": 0.9114, ""auv"": 0.078, ""sat"": 0.0093, ""uav"": 0.0013}"
leogap,leo_gap_min,20,29,cloud,782,586.9500746064817,590.1979158242892,709.3322882163194,0.0,1.0,9.6000000000075,0.0,"{""cloud"": 1.0}"
leogap,leo_gap_min,20,29,sensor,782,45.956979185851715,45.39244124322243,69.97283510622442,1.0,1.0,292.19912312752354,0.0,"{""seabed"": 1.0}"
leogap,leo_gap_min,20,29,surface,782,321.0985403180715,319.29618071091414,445.9340927710498,0.010230179028132993,1.0,3524.2832356594595,0.0,"{""buoy"": 1.0}"
leogap,leo_gap_min,20,29,statopt,782,63.778933268263884,63.60894592960467,107.18827221052383,0.8849104859335039,1.0,3050.154914139564,0.0,"{""cloud"": 0.624, ""seabed"": 0.376}"
leogap,leo_gap_min,20,29,cacgr,782,46.107370738844466,45.90021269802989,69.51320068550413,1.0,1.0,279.9804603580657,0.0,"{""seabed"": 0.8926, ""auv"": 0.1023, ""sat"": 0.0051}"
leogap,leo_gap_min,30,0,cloud,764,629.336691983321,643.4511212429838,775.3538275438713,0.0,1.0,9.60000000000571,0.0,"{""cloud"": 1.0}"
leogap,leo_gap_min,30,0,sensor,764,53.63382930175517,53.72025850305696,79.77030372892709,0.9869109947643979,1.0,285.11518324607835,0.0,"{""seabed"": 1.0}"
leogap,leo_gap_min,30,0,surface,764,307.08009191484,314.00889750225457,422.8795871241856,0.01832460732984293,1.0,3629.669564697053,0.0,"{""buoy"": 1.0}"
leogap,leo_gap_min,30,0,statopt,764,58.25570630889461,58.370806876287475,91.43948658839882,0.943717277486911,1.0,2675.448017950626,0.0,"{""cloud"": 0.6414, ""seabed"": 0.3586}"
leogap,leo_gap_min,30,0,cacgr,764,52.892316689366616,53.56344677763785,78.81289326805603,0.9908376963350786,1.0,304.54461331339166,0.0,"{""seabed"": 0.9084, ""auv"": 0.0772, ""sat"": 0.0144}"
leogap,leo_gap_min,30,1,cloud,727,527.4115101520973,530.117495998639,713.5356985108822,0.0,1.0,9.600000000007828,0.0,"{""cloud"": 1.0}"
leogap,leo_gap_min,30,1,sensor,727,50.16068107115189,49.176568081276976,78.97720976126041,0.9931224209078404,1.0,273.91982707800565,0.0,"{""seabed"": 1.0}"
leogap,leo_gap_min,30,1,surface,727,254.80936735177207,258.5882292604302,377.95698375531424,0.03576341127922971,1.0,3857.4863147965875,0.0,"{""buoy"": 1.0}"
leogap,leo_gap_min,30,1,statopt,727,59.09676317528139,57.960736518458965,91.51567216509511,0.9422283356258597,1.0,2896.243011986616,0.0,"{""cloud"": 0.7428, ""seabed"": 0.2572}"
leogap,leo_gap_min,30,1,cacgr,727,49.836538164939114,48.970674795625385,77.160516354314,0.9944979367262724,1.0,278.80301198663204,0.0,"{""seabed"": 0.9147, ""auv"": 0.077, ""sat"": 0.0083}"
leogap,leo_gap_min,30,2,cloud,757,667.9238359253239,660.1702646916723,807.9665756745648,0.0,1.0,9.600000000003769,0.0,"{""cloud"": 1.0}"
leogap,leo_gap_min,30,2,sensor,757,52.04819041156683,51.82185200432317,80.92351211419047,0.9907529722589168,1.0,281.4961313455384,0.0,"{""seabed"": 1.0}"
leogap,leo_gap_min,30,2,surface,757,331.8205237352244,338.9837840109175,441.15628997571974,0.003963011889035667,1.0,3689.6226306850044,0.0,"{""buoy"": 1.0}"
leogap,leo_gap_min,30,2,statopt,757,53.03401425898621,52.77832014336563,82.00036519672014,0.9841479524438573,1.0,2290.5827514625294,0.0,"{""cloud"": 0.6328, ""seabed"": 0.3672}"
leogap,leo_gap_min,30,2,cacgr,757,51.50618958071001,51.688283912325524,79.7049806044443,0.9933949801849405,1.0,287.40939799962325,0.0,"{""seabed"": 0.9247, ""auv"": 0.0661, ""sat"": 0.0079, ""uav"": 0.0013}"
leogap,leo_gap_min,30,3,cloud,758,562.2790360217656,599.9538018876563,693.9464154424596,0.0,1.0,9.600000000007029,0.0,"{""cloud"": 1.0}"
leogap,leo_gap_min,30,3,sensor,758,52.386689531261645,52.58714533517876,79.5697592666785,0.9894459102902374,1.0,252.320392009013,0.0,"{""seabed"": 1.0}"
leogap,leo_gap_min,30,3,surface,758,190.0584604916073,186.35592895758737,288.05535497874394,0.06464379947229551,1.0,3654.5074044477374,0.0,"{""buoy"": 1.0}"
leogap,leo_gap_min,30,3,statopt,758,189.2382483312349,186.14881982284177,287.0869860047221,0.06728232189973615,1.0,3654.5074044477374,0.0,"{""cloud"": 1.0}"
leogap,leo_gap_min,30,3,cacgr,758,51.756770151998694,52.35946736748195,78.64073283726057,0.9934036939313984,1.0,269.8607885412421,0.0,"{""seabed"": 0.9024, ""auv"": 0.0831, ""sat"": 0.0145}"
leogap,leo_gap_min,30,4,cloud,790,622.203682889514,620.2105514490611,768.2859051703614,0.0,1.0,9.600000000003964,0.0,"{""cloud"": 1.0}"
leogap,leo_gap_min,30,4,sensor,790,50.2464863144051,49.52221985419455,79.50667766401736,0.9860759493670886,1.0,268.77215189872175,0.0,"{""seabed"": 1.0}"
leogap,leo_gap_min,30,4,surface,790,280.9075177822951,291.3618850966442,370.03668903073105,0.013924050632911392,1.0,3539.194473779348,0.0,"{""buoy"": 1.0}"
leogap,leo_gap_min,30,4,statopt,790,196.07216619351973,200.26027732293974,267.9431294798226,0.04556962025316456,1.0,3491.445555732332,0.0,"{""cloud"": 0.8848, ""seabed"": 0.1152}"
leogap,leo_gap_min,30,4,cacgr,790,49.92109533858918,49.42058274639024,77.72868823596488,0.9873417721518988,1.0,299.20293989148803,0.0,"{""seabed"": 0.9228, ""auv"": 0.062, ""sat"": 0.0152}"
leogap,leo_gap_min,30,5,cloud,763,610.6704987251568,626.862786218375,703.4659513391309,0.0,1.0,9.600000000006274,0.0,"{""cloud"": 1.0}"
leogap,leo_gap_min,30,5,sensor,763,52.923441598285756,52.43244369196643,80.14742503072179,0.9803407601572739,1.0,287.89215502712926,0.0,"{""seabed"": 1.0}"
leogap,leo_gap_min,30,5,surface,763,276.7019721856612,268.036991053751,423.6304952458878,0.019659239842726082,1.0,3705.556673282119,0.0,"{""buoy"": 1.0}"
leogap,leo_gap_min,30,5,statopt,763,99.16169776741744,100.28747613412415,143.18279945531296,0.3722149410222805,1.0,3500.897351057813,0.0,"{""cloud"": 0.8506, ""seabed"": 0.1494}"
leogap,leo_gap_min,30,5,cacgr,763,52.72588232976696,52.43244369196643,78.83728355045999,0.981651376146789,1.0,277.60844785618764,0.0,"{""seabed"": 0.9096, ""auv"": 0.0852, ""sat"": 0.0052}"
leogap,leo_gap_min,30,6,cloud,729,586.2409115788183,598.4305083485327,745.9114120506196,0.0,1.0,9.600000000008261,0.0,"{""cloud"": 1.0}"
leogap,leo_gap_min,30,6,sensor,729,50.44120802065902,49.68787147846936,79.13360659515132,0.99039780521262,1.0,266.7658240250655,0.0,"{""seabed"": 1.0}"
leogap,leo_gap_min,30,6,surface,729,270.797666753329,274.4962676318634,395.5488808559981,0.02194787379972565,1.0,3780.267679404232,0.0,"{""buoy"": 1.0}"
leogap,leo_gap_min,30,6,statopt,729,164.6252053173202,156.284577731753,259.45850510438856,0.08093278463648834,1.0,3783.2462322554925,0.0,"{""cloud"": 0.8985, ""seabed"": 0.1015}"
leogap,leo_gap_min,30,6,cacgr,729,50.18310466864669,49.53704399537116,78.1321085542875,0.99039780521262,1.0,266.67532039974856,0.0,"{""seabed"": 0.8957, ""auv"": 0.096, ""sat"": 0.0069, ""uav"": 0.0014}"
leogap,leo_gap_min,30,7,cloud,757,621.7230418293867,650.8915001016678,729.7745355350216,0.0,1.0,9.600000000007762,0.0,"{""cloud"": 1.0}"
leogap,leo_gap_min,30,7,sensor,757,52.15632249115866,51.86782800198077,80.52702908055696,0.9907529722589168,1.0,266.49330062274504,0.0,"{""seabed"": 1.0}"
leogap,leo_gap_min,30,7,surface,757,267.81367280991407,268.1372787776726,374.4733152902117,0.031704095112285335,1.0,3580.1304789582528,0.0,"{""buoy"": 1.0}"
leogap,leo_gap_min,30,7,statopt,757,178.9074811985631,186.50939219772263,231.55280708663733,0.03830911492734478,1.0,3532.182149990523,0.0,"{""cloud"": 0.86, ""seabed"": 0.14}"
leogap,leo_gap_min,30,7,cacgr,757,52.063705536340905,51.8569634924456,80.40473071993924,0.9920739762219286,1.0,263.3110186827584,0.0,"{""seabed"": 0.9273, ""auv"": 0.0674, ""sat"": 0.0053}"
leogap,leo_gap_min,30,8,cloud,772,537.6285059512867,536.5887135012184,760.943050713984,0.0,1.0,9.600000000006183,0.0,"{""cloud"": 1.0}"
leogap,leo_gap_min,30,8,sensor,772,49.873757327398984,48.51391018355001,81.97312761838215,0.9831606217616581,1.0,279.7202072538606,0.0,"{""seabed"": 1.0}"
leogap,leo_gap_min,30,8,surface,772,309.86018170020213,301.6500741672371,436.4059672297121,0.015544041450777202,1.0,3625.359928941482,0.0,"{""buoy"": 1.0}"
leogap,leo_gap_min,30,8,statopt,772,72.67240878152573,71.46560178690387,116.73903190269746,0.7512953367875648,1.0,3306.960284233854,0.0,"{""cloud"": 0.8705, ""seabed"": 0.1295}"
leogap,leo_gap_min,30,8,cacgr,772,48.951580761879335,47.91834398565752,78.69199565279759,0.9870466321243523,1.0,307.5142324204058,0.0,"{""seabed"": 0.8834, ""auv"": 0.0959, ""sat"": 0.0207}"
leogap,leo_gap_min,30,9,cloud,819,690.6218506919237,711.2067745893856,809.5478260985305,0.0,1.0,9.600000000006688,0.0,"{""cloud"": 1.0}"
leogap,leo_gap_min,30,9,sensor,819,51.183681865249746,50.52515312772072,79.78611056469816,0.9938949938949939,1.0,269.5911390196926,0.0,"{""seabed"": 1.0}"
leogap,leo_gap_min,30,9,surface,819,311.02110057698263,322.4339110142925,430.40697247554914,0.028083028083028084,1.0,3504.621583115251,0.0,"{""buoy"": 1.0}"
leogap,leo_gap_min,30,9,statopt,819,55.95846755872854,55.85454746983523,84.79599206739236,0.9682539682539683,1.0,2634.4786324785982,0.0,"{""cloud"": 0.7497, ""seabed"": 0.2503}"
leogap,leo_gap_min,30,9,cacgr,819,50.43095669435402,49.791143320471264,78.20586184164706,0.9963369963369964,1.0,284.4518095237927,0.0,"{""seabed"": 0.8962, ""auv"": 0.0891, ""sat"": 0.0147}"
leogap,leo_gap_min,30,10,cloud,786,626.2295017793682,641.6365271622958,754.4856620250342,0.0,1.0,9.600000000004725,0.0,"{""cloud"": 1.0}"
leogap,leo_gap_min,30,10,sensor,786,50.51947972139986,49.534332010399524,77.17745925305917,0.9949109414758269,1.0,279.1537622682638,0.0,"{""seabed"": 1.0}"
leogap,leo_gap_min,30,10,surface,786,304.3572264101746,320.19236661970905,420.4500702797654,0.020356234096692113,1.0,3604.4651748454826,0.0,"{""buoy"": 1.0}"
leogap,leo_gap_min,30,10,statopt,786,50.47298065127073,49.5215640411494,77.17745858639252,0.9961832061068703,1.0,1886.6964740094372,0.0,"{""cloud"": 0.6132, ""seabed"": 0.3868}"
leogap,leo_gap_min,30,10,cacgr,786,50.025101326429194,49.21835650324436,75.5476677794731,0.9961832061068703,1.0,288.7648302435444,0.0,"{""seabed"": 0.902, ""auv"": 0.0852, ""sat"": 0.0115, ""uav"": 0.0013}"
leogap,leo_gap_min,30,11,cloud,770,641.5272688519166,644.1019843640593,725.9467114909481,0.0,1.0,9.600000000005995,0.0,"{""cloud"": 1.0}"
leogap,leo_gap_min,30,11,sensor,770,53.334039357658085,53.539879681957956,80.93240644937448,0.987012987012987,1.0,295.6456400742069,0.0,"{""seabed"": 1.0}"
leogap,leo_gap_min,30,11,surface,770,325.95764210457526,326.96447569855843,439.0539045281654,0.01948051948051948,1.0,3601.4239525046087,0.0,"{""buoy"": 1.0}"
leogap,leo_gap_min,30,11,statopt,770,101.11997303344785,99.5723146244986,170.45889046169833,0.42337662337662335,1.0,3308.456413209621,0.0,"{""cloud"": 0.7442, ""seabed"": 0.2558}"
leogap,leo_gap_min,30,11,cacgr,770,52.712526886905245,53.22298150938077,79.06928338285681,0.990909090909091,1.0,318.4710619666007,0.0,"{""seabed"": 0.9234, ""auv"": 0.0623, ""sat"": 0.0143}"
leogap,leo_gap_min,30,12,cloud,792,685.0739190344472,694.7728048952807,800.0142496042556,0.0,1.0,9.600000000006,0.0,"{""cloud"": 1.0}"
leogap,leo_gap_min,30,12,sensor,792,51.40780845580876,50.249017595510786,82.46912516377546,0.9772727272727273,1.0,259.1338383838163,0.0,"{""seabed"": 1.0}"
leogap,leo_gap_min,30,12,surface,792,270.355262050449,288.53894257444693,375.5977350696029,0.06060606060606061,1.0,3533.8066378065864,0.0,"{""buoy"": 1.0}"
leogap,leo_gap_min,30,12,statopt,792,94.88279895471534,89.55849440015056,160.5037704418461,0.5050505050505051,1.0,3224.945177489133,0.0,"{""cloud"": 0.8801, ""seabed"": 0.1199}"
leogap,leo_gap_min,30,12,cacgr,792,50.79164334846958,49.781510561801525,81.08461666376459,0.9810606060606061,1.0,272.10116305914306,0.0,"{""seabed"": 0.8965, ""auv"": 0.0896, ""sat"": 0.0126, ""uav"": 0.0013}"
leogap,leo_gap_min,30,13,cloud,769,595.5086124036962,613.6455513501753,683.8955795271987,0.0,1.0,9.600000000004503,0.0,"{""cloud"": 1.0}"
leogap,leo_gap_min,30,13,sensor,769,51.60384703221499,50.56431368494256,79.96405712320008,0.9843953185955787,1.0,246.53836150841536,0.0,"{""seabed"": 1.0}"
leogap,leo_gap_min,30,13,surface,769,110.26217601513854,102.27719498498242,187.25181599132935,0.3940182054616385,1.0,3509.344407207817,0.0,"{""buoy"": 1.0}"
leogap,leo_gap_min,30,13,statopt,769,109.51327209600979,101.41114542210295,186.83828054128068,0.40052015604681407,1.0,3509.344407207817,0.0,"{""cloud"": 1.0}"
leogap,leo_gap_min,30,13,cacgr,769,51.13071428496628,50.3026730037207,77.58844700278148,0.988296488946684,1.0,259.14845431911704,0.0,"{""seabed"": 0.8999, ""auv"": 0.0871, ""sat"": 0.013}"
leogap,leo_gap_min,30,14,cloud,750,595.9308872645263,617.5912708750116,736.7901141030967,0.0,1.0,9.600000000005632,0.0,"{""cloud"": 1.0}"
leogap,leo_gap_min,30,14,sensor,750,52.96512689527155,51.75200861320603,83.18845825525203,0.9853333333333333,1.0,259.8095238095044,0.0,"{""seabed"": 1.0}"
leogap,leo_gap_min,30,14,surface,750,253.32801355522258,263.9876129802934,352.3686805021533,0.030666666666666665,1.0,3640.1756220951925,0.0,"{""buoy"": 1.0}"
leogap,leo_gap_min,30,14,statopt,750,76.31305542412548,72.75569723883152,119.54349818945573,0.704,1.0,3311.2571428571023,0.0,"{""cloud"": 0.8813, ""seabed"": 0.1187}"
leogap,leo_gap_min,30,14,cacgr,750,52.65354782691309,51.79031970588906,82.12645173954249,0.988,1.0,269.3565775237917,0.0,"{""seabed"": 0.904, ""auv"": 0.0853, ""sat"": 0.0107}"
leogap,leo_gap_min,30,15,cloud,770,567.9445978672295,607.2544111405225,702.1696947739157,0.0,1.0,9.600000000004483,0.0,"{""cloud"": 1.0}"
leogap,leo_gap_min,30,15,sensor,770,52.35004132006013,51.35610989457667,80.9462203557601,0.9922077922077922,1.0,254.96846011128886,0.0,"{""seabed"": 1.0}"
leogap,leo_gap_min,30,15,surface,770,199.0149475121976,207.06515763446575,276.8266123017941,0.06493506493506493,1.0,3560.4909298700773,0.0,"{""buoy"": 1.0}"
leogap,leo_gap_min,30,15,statopt,770,196.5912348498052,205.58137590111576,274.3366141590179,0.06493506493506493,1.0,3560.4909298700773,0.0,"{""cloud"": 1.0}"
leogap,leo_gap_min,30,15,cacgr,770,51.5861148897159,51.148555797861114,78.82812898536592,0.9961038961038962,1.0,281.0954953617537,0.0,"{""seabed"": 0.8974, ""auv"": 0.0844, ""sat"": 0.0182}"
leogap,leo_gap_min,30,16,cloud,748,596.7902599629119,607.8398373252586,745.0934620957029,0.0,1.0,9.600000000006327,0.0,"{""cloud"": 1.0}"
leogap,leo_gap_min,30,16,sensor,748,51.91596160718687,52.16315822115224,78.2664645420846,0.9959893048128342,1.0,247.64553093960936,0.0,"{""seabed"": 1.0}"
leogap,leo_gap_min,30,16,surface,748,104.91508485688396,106.57278956716806,154.86133664054623,0.3315508021390374,1.0,3638.365689839508,0.0,"{""buoy"": 1.0}"
leogap,leo_gap_min,30,16,statopt,748,104.40447625398454,106.12064050688451,153.74058366546475,0.3355614973262032,1.0,3638.365689839508,0.0,"{""cloud"": 1.0}"
leogap,leo_gap_min,30,16,cacgr,748,51.47407599735037,52.08095356286594,76.66075252233026,0.9973262032085561,1.0,266.70238961035125,0.0,"{""seabed"": 0.9211, ""auv"": 0.0655, ""sat"": 0.0134}"
leogap,leo_gap_min,30,17,cloud,733,594.9463837246224,606.1395751182533,707.0631413078255,0.0,1.0,9.60000000000642,0.0,"{""cloud"": 1.0}"
leogap,leo_gap_min,30,17,sensor,733,52.35524527054384,51.87778232498531,81.48815137075871,0.9863574351978172,1.0,299.93412590140053,0.0,"{""seabed"": 1.0}"
leogap,leo_gap_min,30,17,surface,733,328.1333700550944,323.3320249492589,461.5737236777194,0.0068212824010914054,1.0,3974.1134125901185,0.0,"{""buoy"": 1.0}"
leogap,leo_gap_min,30,17,statopt,733,54.972121837191416,54.34992424003455,84.76362576863572,0.9727148703956344,1.0,2286.311050477494,0.0,"{""seabed"": 0.5007, ""cloud"": 0.4993}"
leogap,leo_gap_min,30,17,cacgr,733,51.7217960779629,51.09631730671884,80.45373423378123,0.9877216916780355,1.0,303.3725324498283,0.0,"{""seabed"": 0.9181, ""auv"": 0.0723, ""sat"": 0.0095}"
leogap,leo_gap_min,30,18,cloud,782,574.3370664465377,593.6312950446663,675.1598806497694,0.0,1.0,9.600000000006132,0.0,"{""cloud"": 1.0}"
leogap,leo_gap_min,30,18,sensor,782,50.64684738462339,50.34495632022793,75.27806144689369,0.9961636828644501,1.0,242.23565948114083,0.0,"{""seabed"": 1.0}"
leogap,leo_gap_min,30,18,surface,782,79.89647094888257,75.35464394783824,135.31697795991866,0.6470588235294118,1.0,3184.3198421628886,0.0,"{""buoy"": 1.0}"
leogap,leo_gap_min,30,18,statopt,782,79.02537834441245,74.44017252259188,134.70354493507946,0.6560102301790282,1.0,3184.3198421628886,0.0,"{""cloud"": 1.0}"
leogap,leo_gap_min,30,18,cacgr,782,50.11090876272534,50.18522540142421,73.58769534645904,0.9987212276214834,1.0,258.28484033609396,0.0,"{""seabed"": 0.9143, ""auv"": 0.0729, ""sat"": 0.0128}"
leogap,leo_gap_min,30,19,cloud,753,639.7206001607798,648.0099287221999,732.0392709828985,0.0,1.0,9.600000000007444,0.0,"{""cloud"": 1.0}"
leogap,leo_gap_min,30,19,sensor,753,55.539797725731816,54.745358432519424,83.28081860602717,0.9853917662682603,1.0,309.3800037943556,0.0,"{""seabed"": 1.0}"
leogap,leo_gap_min,30,19,surface,753,357.529779611453,358.7971831604756,495.3104347222527,0.006640106241699867,1.0,3633.394531587915,0.0,"{""buoy"": 1.0}"
leogap,leo_gap_min,30,19,statopt,753,56.41296118461908,55.884045992641404,84.66700350660102,0.9747675962815405,1.0,2034.8210965661146,0.0,"{""cloud"": 0.5153, ""seabed"": 0.4847}"
leogap,leo_gap_min,30,19,cacgr,753,54.90339479055808,54.50816274579605,82.84254837624707,0.9880478087649402,1.0,317.4871531018856,0.0,"{""seabed"": 0.8964, ""auv"": 0.0903, ""sat"": 0.0133}"
leogap,leo_gap_min,30,20,cloud,812,652.1720837228291,648.4713712034114,760.9582147968467,0.0,1.0,9.600000000007316,0.0,"{""cloud"": 1.0}"
leogap,leo_gap_min,30,20,sensor,812,50.92402910966457,50.69760268738755,81.30876522913759,0.9815270935960592,1.0,294.8483462350384,0.0,"{""seabed"": 1.0}"
leogap,leo_gap_min,30,20,surface,812,360.78558344310375,365.0849944187352,499.200090956351,0.009852216748768473,1.0,3425.834482758592,0.0,"{""buoy"": 1.0}"
leogap,leo_gap_min,30,20,statopt,812,108.12585902093555,110.29714054183545,152.2564781738689,0.2660098522167488,1.0,3261.2193505981436,0.0,"{""cloud"": 0.7463, ""seabed"": 0.2537}"
leogap,leo_gap_min,30,20,cacgr,812,50.36870172278722,50.002856634356974,78.67895023769407,0.9864532019704434,1.0,304.93674595354713,0.0,"{""seabed"": 0.9236, ""auv"": 0.0653, ""sat"": 0.0111}"
leogap,leo_gap_min,30,21,cloud,770,628.9125168953838,637.0247058713883,753.6371393659109,0.0,1.0,9.600000000005952,0.0,"{""cloud"": 1.0}"
leogap,leo_gap_min,30,21,sensor,770,51.38364027239665,51.26582176924627,80.50522418944182,0.9844155844155844,1.0,279.1799628942457,0.0,"{""seabed"": 1.0}"
leogap,leo_gap_min,30,21,surface,770,309.4687255805918,314.24053771154587,411.5865963127987,0.016883116883116882,1.0,3731.265656400709,0.0,"{""buoy"": 1.0}"
leogap,leo_gap_min,30,21,statopt,770,77.25908270200213,73.2866595692154,128.75391747790155,0.6844155844155844,1.0,3196.0259802597157,0.0,"{""cloud"": 0.7312, ""seabed"": 0.2688}"
leogap,leo_gap_min,30,21,cacgr,770,51.085830353356734,51.24836159953884,79.86205777027325,0.987012987012987,1.0,276.6570686456365,0.0,"{""seabed"": 0.8935, ""auv"": 0.0974, ""sat"": 0.0091}"
leogap,leo_gap_min,30,22,cloud,813,630.6808256678379,659.0450334440181,820.7220076060402,0.0,1.0,9.60000000000813,0.0,"{""cloud"": 1.0}"
leogap,leo_gap_min,30,22,sensor,813,53.05244395312419,53.48964990884197,80.30144733735514,0.993849938499385,1.0,287.26620980494175,0.0,"{""seabed"": 1.0}"
leogap,leo_gap_min,30,22,surface,813,346.49560687665326,352.9762799009923,476.00164287982614,0.014760147601476014,1.0,3555.1181950447713,0.0,"{""buoy"": 1.0}"
leogap,leo_gap_min,30,22,statopt,813,75.37401233399933,70.74203677423648,130.39761647891243,0.7257072570725708,1.0,2983.2696144789697,0.0,"{""cloud"": 0.7651, ""seabed"": 0.2349}"
leogap,leo_gap_min,30,22,cacgr,813,52.661111261629124,53.433449409602325,79.26724409241959,0.996309963099631,1.0,297.8460137058379,0.0,"{""seabed"": 0.8893, ""auv"": 0.0959, ""sat"": 0.0148}"
leogap,leo_gap_min,30,23,cloud,784,675.9925234789845,678.1600676222373,822.4531108415771,0.0,1.0,9.600000000007626,0.0,"{""cloud"": 1.0}"
leogap,leo_gap_min,30,23,sensor,784,52.41718512998357,51.59576277622455,83.67700762054504,0.9783163265306123,1.0,273.92966472302436,0.0,"{""seabed"": 1.0}"
leogap,leo_gap_min,30,23,surface,784,313.28260915361534,318.90430856531054,434.68232008328886,0.012755102040816327,1.0,3569.9013177842194,0.0,"{""buoy"": 1.0}"
leogap,leo_gap_min,30,23,statopt,784,64.97045496066845,63.10188631030657,114.21142216223483,0.8252551020408163,1.0,2914.2448979591563,0.0,"{""cloud"": 0.7436, ""seabed"": 0.2564}"
leogap,leo_gap_min,30,23,cacgr,784,51.809188290308136,51.51176078000656,82.96969323263531,0.9821428571428571,1.0,279.7729096209847,0.0,"{""seabed"": 0.8839, ""auv"": 0.1033, ""sat"": 0.0128}"
leogap,leo_gap_min,30,24,cloud,813,607.5859423835824,617.9947819744183,723.7825288873913,0.0,1.0,9.600000000007594,0.0,"{""cloud"": 1.0}"
leogap,leo_gap_min,30,24,sensor,813,52.680623741398975,53.362156286449924,81.68553740047099,0.991389913899139,1.0,242.28290282898672,0.0,"{""seabed"": 1.0}"
leogap,leo_gap_min,30,24,surface,813,98.78019015756686,103.26556486329355,147.28046285386554,0.3849938499384994,1.0,3189.492796345044,0.0,"{""buoy"": 1.0}"
leogap,leo_gap_min,30,24,statopt,813,97.84466877691803,102.09132583057047,146.7718137949872,0.3948339483394834,1.0,3189.492796345044,0.0,"{""cloud"": 1.0}"
leogap,leo_gap_min,30,24,cacgr,813,51.83711882625845,53.073300448700806,79.92778571565943,0.993849938499385,1.0,262.09516780878135,0.0,"{""seabed"": 0.8918, ""auv"": 0.0923, ""sat"": 0.016}"
leogap,leo_gap_min,30,25,cloud,675,640.4481804394543,646.5677681359007,775.037018536088,0.0,1.0,9.60000000000538,0.0,"{""cloud"": 1.0}"
leogap,leo_gap_min,30,25,sensor,675,52.36014735519552,52.12385851511353,79.10050668905254,0.9955555555555555,1.0,273.16402116401025,0.0,"{""seabed"": 1.0}"
leogap,leo_gap_min,30,25,surface,675,294.7702861363408,305.53001623824406,413.3212452567339,0.034074074074074076,1.0,4302.61329608461,0.0,"{""buoy"": 1.0}"
leogap,leo_gap_min,30,25,statopt,675,185.87336168404786,199.14176406201514,280.22421039465405,0.07555555555555556,1.0,4094.7956412274666,0.0,"{""cloud"": 0.8726, ""seabed"": 0.1274}"
leogap,leo_gap_min,30,25,cacgr,675,51.941044665303046,51.92254025482107,77.91673769358246,0.997037037037037,1.0,268.35216253967155,0.0,"{""seabed"": 0.9022, ""auv"": 0.0904, ""sat"": 0.0074}"
leogap,leo_gap_min,30,26,cloud,842,530.7601984930717,543.3811402292612,724.0084821775785,0.0,1.0,9.60000000000948,0.0,"{""cloud"": 1.0}"
leogap,leo_gap_min,30,26,sensor,842,52.14725080979138,52.31273383879034,78.88544806974728,0.9916864608076009,1.0,288.91041737358177,0.0,"{""seabed"": 1.0}"
leogap,leo_gap_min,30,26,surface,842,338.7174416657728,341.07021481851615,470.48983157980496,0.0011876484560570072,1.0,3307.237499830302,0.0,"{""buoy"": 1.0}"
leogap,leo_gap_min,30,26,statopt,842,238.0465279669343,253.6793295764354,339.44443184132405,0.048693586698337295,1.0,3328.9259860196394,0.0,"{""cloud"": 0.8705, ""seabed"": 0.1295}"
leogap,leo_gap_min,30,26,cacgr,842,51.77975171829757,52.195349041803034,77.6701439754906,0.994061757719715,1.0,291.5998642687311,0.0,"{""seabed"": 0.9002, ""auv"": 0.0891, ""sat"": 0.0107}"
leogap,leo_gap_min,30,27,cloud,753,582.541377000007,609.6532651890469,748.2237811288308,0.0,1.0,9.600000000009588,0.0,"{""cloud"": 1.0}"
leogap,leo_gap_min,30,27,sensor,753,50.62400139094973,49.18074466802791,82.0767720153577,0.9867197875166003,1.0,280.82754695503576,0.0,"{""seabed"": 1.0}"
leogap,leo_gap_min,30,27,surface,753,322.6687870764544,322.6685459154777,451.95366882378164,0.0199203187250996,1.0,3625.746173401602,0.0,"{""buoy"": 1.0}"
leogap,leo_gap_min,30,27,statopt,753,152.0296104855166,157.78366395369375,209.1284525608331,0.08100929614873838,1.0,3604.620680705723,0.0,"{""cloud"": 0.7596, ""seabed"": 0.2404}"
leogap,leo_gap_min,30,27,cacgr,753,50.73822221354298,49.706524384031944,81.3635981709987,0.9867197875166003,1.0,271.66379055207636,0.0,"{""seabed"": 0.923, ""auv"": 0.073, ""sat"": 0.004}"
leogap,leo_gap_min,30,28,cloud,756,601.0065464355241,629.1895887636646,748.616981215988,0.0,1.0,9.600000000006665,0.0,"{""cloud"": 1.0}"
leogap,leo_gap_min,30,28,sensor,756,53.09161642320658,51.96197048274301,86.16654166618888,0.9708994708994709,1.0,267.5234315948462,0.0,"{""seabed"": 1.0}"
leogap,leo_gap_min,30,28,surface,756,265.0668308434445,265.37699885351816,391.7964176998873,0.026455026455026454,1.0,3713.362854119387,0.0,"{""buoy"": 1.0}"
leogap,leo_gap_min,30,28,statopt,756,55.65595889819566,53.870448218409095,90.03760694483114,0.9497354497354498,1.0,2619.08238851093,0.0,"{""cloud"": 0.7632, ""seabed"": 0.2368}"
leogap,leo_gap_min,30,28,cacgr,756,52.44516113901696,51.6006498081927,84.761013947767,0.9748677248677249,1.0,279.1065457293881,0.0,"{""seabed"": 0.9153, ""auv"": 0.0728, ""sat"": 0.0119}"
leogap,leo_gap_min,30,29,cloud,782,636.6560718349533,648.1535313000313,730.6115446463413,0.0,1.0,9.6000000000075,0.0,"{""cloud"": 1.0}"
leogap,leo_gap_min,30,29,sensor,782,49.286405185514305,47.68452843165566,78.35024798924941,0.9910485933503836,1.0,292.19912312752354,0.0,"{""seabed"": 1.0}"
leogap,leo_gap_min,30,29,surface,782,326.07220960931346,323.17302330035807,452.91834029610015,0.010230179028132993,1.0,3524.2832356594595,0.0,"{""buoy"": 1.0}"
leogap,leo_gap_min,30,29,statopt,782,68.07058838795392,66.93329183080532,110.53069298711594,0.8081841432225064,1.0,3050.154914139564,0.0,"{""cloud"": 0.624, ""seabed"": 0.376}"
leogap,leo_gap_min,30,29,cacgr,782,49.270605304648484,47.95520682016925,78.17491754522206,0.9910485933503836,1.0,282.49803142127325,0.0,"{""seabed"": 0.9015, ""auv"": 0.0934, ""sat"": 0.0051}"
leogap,leo_gap_min,60,0,cloud,764,676.9730903655422,703.3764118050282,837.8687176557277,0.0,1.0,9.60000000000571,0.0,"{""cloud"": 1.0}"
leogap,leo_gap_min,60,0,sensor,764,65.9383813213782,64.65214608483342,109.17014273291501,0.8036649214659686,1.0,285.11518324607835,0.0,"{""seabed"": 1.0}"
leogap,leo_gap_min,60,0,surface,764,321.720022858789,328.20841391584395,442.6473038670159,0.015706806282722512,1.0,3629.669564697053,0.0,"{""buoy"": 1.0}"
leogap,leo_gap_min,60,0,statopt,764,73.45899021023958,71.26053241526182,125.16636466923048,0.7290575916230366,1.0,2675.448017950626,0.0,"{""cloud"": 0.6414, ""seabed"": 0.3586}"
leogap,leo_gap_min,60,0,cacgr,764,65.39222280351223,63.60162717660842,108.65983558633522,0.8075916230366492,1.0,280.4521974569975,0.0,"{""seabed"": 0.8874, ""auv"": 0.1034, ""sat"": 0.0092}"
leogap,leo_gap_min,60,1,cloud,727,535.1408007815346,543.008317488453,721.145162618262,0.0,1.0,9.600000000007828,0.0,"{""cloud"": 1.0}"
leogap,leo_gap_min,60,1,sensor,727,63.844453397240706,61.51419020286315,102.16797706085656,0.8459422283356258,1.0,273.91982707800565,0.0,"{""seabed"": 1.0}"
leogap,leo_gap_min,60,1,surface,727,262.49794835346904,268.38527843484314,376.62025639245076,0.024759284731774415,1.0,3857.4863147965875,0.0,"{""buoy"": 1.0}"
leogap,leo_gap_min,60,1,statopt,727,73.77553564201536,71.14683059427067,120.26563872225638,0.734525447042641,1.0,2896.243011986616,0.0,"{""cloud"": 0.7428, ""seabed"": 0.2572}"
leogap,leo_gap_min,60,1,cacgr,727,63.047344893633614,61.14595315385498,100.7995111188045,0.8555708390646493,1.0,274.31980192571694,0.0,"{""seabed"": 0.8955, ""auv"": 0.0949, ""sat"": 0.0083, ""uav"": 0.0014}"
leogap,leo_gap_min,60,2,cloud,757,770.6779618915963,776.1614505175693,920.976578873161,0.0,1.0,9.600000000003769,0.0,"{""cloud"": 1.0}"
leogap,leo_gap_min,60,2,sensor,757,68.78838444664396,67.31901933885065,111.29293086027815,0.7846763540290621,1.0,281.4961313455384,0.0,"{""seabed"": 1.0}"
leogap,leo_gap_min,60,2,surface,757,344.2957619240277,347.5365800149867,458.3425530181939,0.005284015852047556,1.0,3689.6226306850044,0.0,"{""buoy"": 1.0}"
leogap,leo_gap_min,60,2,statopt,757,68.90575952823964,67.32140600551739,113.55170321300844,0.7873183619550859,1.0,2290.5827514625294,0.0,"{""cloud"": 0.6328, ""seabed"": 0.3672}"
leogap,leo_gap_min,60,2,cacgr,757,66.7875453582909,65.36867046891906,110.43348974936468,0.808454425363276,1.0,319.7061181354973,0.0,"{""seabed"": 0.8904, ""auv"": 0.0859, ""sat"": 0.0238}"
leogap,leo_gap_min,60,3,cloud,758,595.48539554813,618.3012548272501,765.5832621484976,0.0,1.0,9.600000000007029,0.0,"{""cloud"": 1.0}"
leogap,leo_gap_min,60,3,sensor,758,69.46809844114725,68.09859125053727,112.03226707899738,0.7757255936675461,1.0,252.320392009013,0.0,"{""seabed"": 1.0}"
leogap,leo_gap_min,60,3,surface,758,206.64370512774573,208.07277991626773,310.92499886295695,0.03825857519788918,1.0,3654.5074044477374,0.0,"{""buoy"": 1.0}"
leogap,leo_gap_min,60,3,statopt,758,205.77827664220982,206.97505117545725,310.9279964629568,0.040897097625329816,1.0,3654.5074044477374,0.0,"{""cloud"": 1.0}"
leogap,leo_gap_min,60,3,cacgr,758,67.67771167143576,66.53600640935741,110.48739483031619,0.7994722955145118,1.0,285.054887297367,0.0,"{""seabed"": 0.8588, ""auv"": 0.1174, ""sat"": 0.0211, ""uav"": 0.0026}"
leogap,leo_gap_min,60,4,cloud,790,679.5992271429994,696.5528194788245,854.1960982043802,0.0,1.0,9.600000000003964,0.0,"{""cloud"": 1.0}"
leogap,leo_gap_min,60,4,sensor,790,65.55685059197766,61.68178053573586,112.12499758274609,0.8088607594936709,1.0,268.77215189872175,0.0,"{""seabed"": 1.0}"
leogap,leo_gap_min,60,4,surface,790,293.1869598465911,302.5182881122085,381.30825548259116,0.008860759493670886,1.0,3539.194473779348,0.0,"{""buoy"": 1.0}"
leogap,leo_gap_min,60,4,statopt,790,209.86309782757334,214.976099917767,282.47359477598195,0.02278481012658228,1.0,3491.445555732332,0.0,"{""cloud"": 0.8848, ""seabed"": 0.1152}"
leogap,leo_gap_min,60,4,cacgr,790,64.93862748566913,61.24941713322672,111.93533207624702,0.8139240506329114,1.0,266.4539978300052,0.0,"{""seabed"": 0.9089, ""auv"": 0.0848, ""sat"": 0.0063}"
leogap,leo_gap_min,60,5,cloud,763,699.4370055799093,713.2576292392733,791.7555615909255,0.0,1.0,9.600000000006274,0.0,"{""cloud"": 1.0}"
leogap,leo_gap_min,60,5,sensor,763,71.20903307798773,69.07602141507832,119.15575617001602,0.7536041939711664,1.0,287.89215502712926,0.0,"{""seabed"": 1.0}"
leogap,leo_gap_min,60,5,surface,763,296.63379862145536,288.9863698586223,432.6710788112905,0.015727391874180863,1.0,3705.556673282119,0.0,"{""buoy"": 1.0}"
leogap,leo_gap_min,60,5,statopt,763,116.50331982452693,114.67865366801028,181.09641367865933,0.23197903014416776,1.0,3500.897351057813,0.0,"{""cloud"": 0.8506, ""seabed"": 0.1494}"
leogap,leo_gap_min,60,5,cacgr,763,69.97090295410656,67.67036250126645,118.47868850358036,0.7680209698558322,1.0,292.177725519545,0.0,"{""seabed"": 0.8702, ""auv"": 0.1166, ""sat"": 0.0131}"
leogap,leo_gap_min,60,6,cloud,729,605.0998875525391,629.5427733827286,784.0093110190846,0.0,1.0,9.600000000008261,0.0,"{""cloud"": 1.0}"
leogap,leo_gap_min,60,6,sensor,729,64.37667089583582,62.90014768205626,106.50068905885769,0.8545953360768176,1.0,266.7658240250655,0.0,"{""seabed"": 1.0}"
leogap,leo_gap_min,60,6,surface,729,278.8183916632244,285.6762401179903,396.7336831255762,0.0205761316872428,1.0,3780.267679404232,0.0,"{""buoy"": 1.0}"
leogap,leo_gap_min,60,6,statopt,729,178.00274844185236,172.77888239485608,268.0645778288154,0.04663923182441701,1.0,3783.2462322554925,0.0,"{""cloud"": 0.8985, ""seabed"": 0.1015}"
leogap,leo_gap_min,60,6,cacgr,729,63.130705221194496,61.36174908646032,103.97688947698603,0.8669410150891632,1.0,288.9166121888913,0.0,"{""seabed"": 0.8889, ""auv"": 0.0947, ""sat"": 0.0165}"
leogap,leo_gap_min,60,7,cloud,757,663.5425891515827,669.0507359703855,814.9497052156672,0.0,1.0,9.600000000007762,0.0,"{""cloud"": 1.0}"
leogap,leo_gap_min,60,7,sensor,757,65.57791438767222,64.12658682302498,111.04284501542038,0.8375165125495376,1.0,266.49330062274504,0.0,"{""seabed"": 1.0}"
leogap,leo_gap_min,60,7,surface,757,279.09293824222954,280.5919304938594,382.6529818572277,0.02774108322324967,1.0,3580.1304789582528,0.0,"{""buoy"": 1.0}"
leogap,leo_gap_min,60,7,statopt,757,192.2955288989982,197.72055533539339,253.50113634148417,0.04491413474240423,1.0,3532.182149990523,0.0,"{""cloud"": 0.86, ""seabed"": 0.14}"
leogap,leo_gap_min,60,7,cacgr,757,64.12497858893677,62.7552671468596,110.66037829963395,0.8520475561426685,1.0,289.9641502170103,0.0,"{""seabed"": 0.8983, ""auv"": 0.0845, ""sat"": 0.0172}"
leogap,leo_gap_min,60,8,cloud,772,540.7979739021732,543.2332778166925,779.1176271834953,0.0,1.0,9.600000000006183,0.0,"{""cloud"": 1.0}"
leogap,leo_gap_min,60,8,sensor,772,65.0254041007303,63.445536273053044,111.05962257813107,0.8406735751295337,1.0,279.7202072538606,0.0,"{""seabed"": 1.0}"
leogap,leo_gap_min,60,8,surface,772,322.45015797667327,319.5342912383423,462.83428730379813,0.009067357512953367,1.0,3625.359928941482,0.0,"{""buoy"": 1.0}"
leogap,leo_gap_min,60,8,statopt,772,85.29512241412688,82.4920592426218,139.1681419999998,0.5932642487046632,1.0,3306.960284233854,0.0,"{""cloud"": 0.8705, ""seabed"": 0.1295}"
leogap,leo_gap_min,60,8,cacgr,772,63.780568371626465,62.40998829083279,110.23616932817698,0.8523316062176166,1.0,287.4642756476458,0.0,"{""seabed"": 0.8912, ""auv"": 0.0959, ""sat"": 0.0117, ""uav"": 0.0013}"
leogap,leo_gap_min,60,9,cloud,819,775.4460366473228,798.248781567537,901.3406180658162,0.0,1.0,9.600000000006688,0.0,"{""cloud"": 1.0}"
leogap,leo_gap_min,60,9,sensor,819,68.42366966750099,67.4166496186995,113.48067248843644,0.8021978021978022,1.0,269.5911390196926,0.0,"{""seabed"": 1.0}"
leogap,leo_gap_min,60,9,surface,819,322.79226793998043,337.43852148459166,440.0902058149466,0.019536019536019536,1.0,3504.621583115251,0.0,"{""buoy"": 1.0}"
leogap,leo_gap_min,60,9,statopt,819,73.48618640801595,71.4728976986271,121.2784927260663,0.7435897435897436,1.0,2634.4786324785982,0.0,"{""cloud"": 0.7497, ""seabed"": 0.2503}"
leogap,leo_gap_min,60,9,cacgr,819,66.94175537420888,65.20489484203621,110.58332744763737,0.8156288156288156,1.0,290.6795716029838,0.0,"{""seabed"": 0.8669, ""auv"": 0.1136, ""sat"": 0.0183, ""uav"": 0.0012}"
leogap,leo_gap_min,60,10,cloud,786,722.9814078512583,755.5071888229405,832.3784831057354,0.0,1.0,9.600000000004725,0.0,"{""cloud"": 1.0}"
leogap,leo_gap_min,60,10,sensor,786,65.21129892846572,63.83996864050399,107.6378507512943,0.8244274809160306,1.0,279.1537622682638,0.0,"{""seabed"": 1.0}"
leogap,leo_gap_min,60,10,surface,786,316.05980341035263,325.45646964472996,441.82835551975495,0.01272264631043257,1.0,3604.4651748454826,0.0,"{""buoy"": 1.0}"
leogap,leo_gap_min,60,10,statopt,786,65.01463751507717,63.78765348206604,107.54079983450644,0.8295165394402035,1.0,1886.6964740094372,0.0,"{""cloud"": 0.6132, ""seabed"": 0.3868}"
leogap,leo_gap_min,60,10,cacgr,786,64.0429488642575,63.070516192630414,106.27740038157835,0.8384223918575063,1.0,282.4749371137726,0.0,"{""seabed"": 0.8817, ""auv"": 0.1056, ""sat"": 0.0127}"
leogap,leo_gap_min,60,11,cloud,770,726.0113470864312,737.8636889472134,814.0854805561364,0.0,1.0,9.600000000005995,0.0,"{""cloud"": 1.0}"
leogap,leo_gap_min,60,11,sensor,770,68.92743682695932,67.38560977149542,110.20454407267054,0.7909090909090909,1.0,295.6456400742069,0.0,"{""seabed"": 1.0}"
leogap,leo_gap_min,60,11,surface,770,342.1124493213594,338.87273228466233,462.68660186501023,0.007792207792207792,1.0,3601.4239525046087,0.0,"{""buoy"": 1.0}"
leogap,leo_gap_min,60,11,statopt,770,116.80705688601658,111.60178763130789,190.07732568608438,0.2961038961038961,1.0,3308.456413209621,0.0,"{""cloud"": 0.7442, ""seabed"": 0.2558}"
leogap,leo_gap_min,60,11,cacgr,770,68.20331989966797,66.62893086585943,110.02064957292949,0.7987012987012987,1.0,298.28473469387245,0.0,"{""seabed"": 0.9052, ""auv"": 0.0844, ""sat"": 0.0091, ""uav"": 0.0013}"
leogap,leo_gap_min,60,12,cloud,792,817.9356471932766,836.1995578902337,911.0623414124914,0.0,1.0,9.600000000006,0.0,"{""cloud"": 1.0}"
leogap,leo_gap_min,60,12,sensor,792,70.92567050333926,68.25827075530603,120.2520317673306,0.7462121212121212,1.0,259.1338383838163,0.0,"{""seabed"": 1.0}"
leogap,leo_gap_min,60,12,surface,792,286.28110632586754,304.84215519823624,400.22508458358897,0.027777777777777776,1.0,3533.8066378065864,0.0,"{""buoy"": 1.0}"
leogap,leo_gap_min,60,12,statopt,792,113.29494155962628,110.50527531032725,185.5053817661736,0.33080808080808083,1.0,3224.945177489133,0.0,"{""cloud"": 0.8801, ""seabed"": 0.1199}"
leogap,leo_gap_min,60,12,cacgr,792,69.41735310276606,67.1454433640585,117.10627259752034,0.76010101010101,1.0,284.7013391053194,0.0,"{""seabed"": 0.8889, ""auv"": 0.0922, ""sat"": 0.0177, ""uav"": 0.0013}"
leogap,leo_gap_min,60,13,cloud,769,696.5069730898357,697.0941566197469,838.5498291718764,0.0,1.0,9.600000000004503,0.0,"{""cloud"": 1.0}"
leogap,leo_gap_min,60,13,sensor,769,68.34072257651746,67.98865659588016,102.66966767574277,0.8049414824447334,1.0,246.53836150841536,0.0,"{""seabed"": 1.0}"
leogap,leo_gap_min,60,13,surface,769,124.79107116422811,118.32079789642975,200.1717079024673,0.23016905071521457,1.0,3509.344407207817,0.0,"{""buoy"": 1.0}"
leogap,leo_gap_min,60,13,statopt,769,124.3132740006375,118.17757446248143,199.4108411416935,0.235370611183355,1.0,3509.344407207817,0.0,"{""cloud"": 1.0}"
leogap,leo_gap_min,60,13,cacgr,769,67.03554142556453,66.61222517499105,102.22054387096418,0.8192457737321196,1.0,278.9437414081009,0.0,"{""seabed"": 0.8895, ""auv"": 0.091, ""sat"": 0.0182, ""uav"": 0.0013}"
leogap,leo_gap_min,60,14,cloud,750,626.1515899024178,664.4115642059161,769.6215006727629,0.0,1.0,9.600000000005632,0.0,"{""cloud"": 1.0}"
leogap,leo_gap_min,60,14,sensor,750,65.79934919865471,62.8661864171417,104.95444163368342,0.8466666666666667,1.0,259.8095238095044,0.0,"{""seabed"": 1.0}"
leogap,leo_gap_min,60,14,surface,750,264.16229750538923,274.17852868357625,365.2736849445755,0.014666666666666666,1.0,3640.1756220951925,0.0,"{""buoy"": 1.0}"
leogap,leo_gap_min,60,14,statopt,750,88.00353332634504,86.78554819459217,141.90912739725314,0.5373333333333333,1.0,3311.2571428571023,0.0,"{""cloud"": 0.8813, ""seabed"": 0.1187}"
leogap,leo_gap_min,60,14,cacgr,750,64.69003754428947,61.949555755257975,103.50623086702123,0.856,1.0,279.26236342855367,0.0,"{""seabed"": 0.8973, ""auv"": 0.088, ""sat"": 0.0147}"
leogap,leo_gap_min,60,15,cloud,770,588.2460029363409,626.4029741305984,734.9101314816643,0.0,1.0,9.600000000004483,0.0,"{""cloud"": 1.0}"
leogap,leo_gap_min,60,15,sensor,770,71.19062496320254,70.09424984552363,113.87490958235789,0.7519480519480519,1.0,254.96846011128886,0.0,"{""seabed"": 1.0}"
leogap,leo_gap_min,60,15,surface,770,216.78467394167646,222.29441570388184,307.1629070777815,0.046753246753246755,1.0,3560.4909298700773,0.0,"{""buoy"": 1.0}"
leogap,leo_gap_min,60,15,statopt,770,213.68217641512518,217.75450223553145,306.9172151074535,0.053246753246753244,1.0,3560.4909298700773,0.0,"{""cloud"": 1.0}"
leogap,leo_gap_min,60,15,cacgr,770,70.14447705369554,69.48201496098058,113.43321712003358,0.7662337662337663,1.0,270.15628051945265,0.0,"{""seabed"": 0.8844, ""auv"": 0.1026, ""sat"": 0.0117, ""uav"": 0.0013}"
leogap,leo_gap_min,60,16,cloud,748,630.788459349586,655.1831829606267,784.4940393380197,0.0,1.0,9.600000000006327,0.0,"{""cloud"": 1.0}"
leogap,leo_gap_min,60,16,sensor,748,68.17333824068466,67.91629828657739,106.84038117931401,0.7941176470588235,1.0,247.64553093960936,0.0,"{""seabed"": 1.0}"
leogap,leo_gap_min,60,16,surface,748,121.91971568122376,120.72026764561427,189.3107632200368,0.19919786096256684,1.0,3638.365689839508,0.0,"{""buoy"": 1.0}"
leogap,leo_gap_min,60,16,statopt,748,121.40046390805949,120.37007144487009,187.58923613506124,0.19919786096256684,1.0,3638.365689839508,0.0,"{""cloud"": 1.0}"
leogap,leo_gap_min,60,16,cacgr,748,66.28153117354503,66.05318184614804,105.98608739073795,0.8155080213903744,1.0,290.8878258212005,0.0,"{""seabed"": 0.893, ""auv"": 0.0829, ""sat"": 0.0227, ""uav"": 0.0013}"
leogap,leo_gap_min,60,17,cloud,733,644.4865278320416,680.571057126413,769.3580856994912,0.0,1.0,9.60000000000642,0.0,"{""cloud"": 1.0}"
leogap,leo_gap_min,60,17,sensor,733,67.0189975346218,66.30087514528545,109.3211516487123,0.8062755798090041,1.0,299.93412590140053,0.0,"{""seabed"": 1.0}"
leogap,leo_gap_min,60,17,surface,733,343.0865586663761,338.2101160376197,487.7401332433262,0.005457025920873124,1.0,3974.1134125901185,0.0,"{""buoy"": 1.0}"
leogap,leo_gap_min,60,17,statopt,733,69.9855407546211,68.78853915311811,114.75423039756811,0.7694406548431105,1.0,2286.311050477494,0.0,"{""seabed"": 0.5007, ""cloud"": 0.4993}"
leogap,leo_gap_min,60,17,cacgr,733,66.44644882420387,65.49064987774788,108.39508419263798,0.8158253751705321,1.0,287.18786045606544,0.0,"{""seabed"": 0.8922, ""auv"": 0.101, ""sat"": 0.0068}"
leogap,leo_gap_min,60,18,cloud,782,650.0255385338876,670.0202636039168,771.6370575722291,0.0,1.0,9.600000000006132,0.0,"{""cloud"": 1.0}"
leogap,leo_gap_min,60,18,sensor,782,65.80887182632543,64.79071501279917,105.08810771355206,0.8273657289002557,1.0,242.23565948114083,0.0,"{""seabed"": 1.0}"
leogap,leo_gap_min,60,18,surface,782,94.37523821613344,92.63652524990557,153.49792780391908,0.4680306905370844,1.0,3184.3198421628886,0.0,"{""buoy"": 1.0}"
leogap,leo_gap_min,60,18,statopt,782,93.99316449447929,92.25973075184474,153.4995350039189,0.4731457800511509,1.0,3184.3198421628886,0.0,"{""cloud"": 1.0}"
leogap,leo_gap_min,60,18,cacgr,782,64.03369597607255,63.829481330650744,103.49114252939641,0.850383631713555,1.0,276.2878333941871,0.0,"{""seabed"": 0.8824, ""auv"": 0.0959, ""sat"": 0.0217}"
leogap,leo_gap_min,60,19,cloud,753,715.352767724105,732.2550087383518,820.5387344803836,0.0,1.0,9.600000000007444,0.0,"{""cloud"": 1.0}"
leogap,leo_gap_min,60,19,sensor,753,68.1817883148987,68.27872135669483,109.37950183201382,0.8087649402390438,1.0,309.3800037943556,0.0,"{""seabed"": 1.0}"
leogap,leo_gap_min,60,19,surface,753,370.97279989285875,383.8768686104236,502.176403177629,0.0026560424966799467,1.0,3633.394531587915,0.0,"{""buoy"": 1.0}"
leogap,leo_gap_min,60,19,statopt,753,70.0346373695613,69.52239253288911,111.6347234408863,0.7875166002656042,1.0,2034.8210965661146,0.0,"{""cloud"": 0.5153, ""seabed"": 0.4847}"
leogap,leo_gap_min,60,19,cacgr,753,67.52020435859544,67.65279215006073,108.89943184997502,0.8154050464807437,1.0,299.0527490039918,0.0,"{""seabed"": 0.8858, ""auv"": 0.1062, ""sat"": 0.008}"
leogap,leo_gap_min,60,20,cloud,812,727.1240884968191,745.7196338353439,850.5499973310151,0.0,1.0,9.600000000007316,0.0,"{""cloud"": 1.0}"
leogap,leo_gap_min,60,20,sensor,812,66.08813762339518,64.38107443710142,107.7955273972795,0.8263546798029556,1.0,294.8483462350384,0.0,"{""seabed"": 1.0}"
leogap,leo_gap_min,60,20,surface,812,381.44640780577134,378.9300333537511,532.011884327323,0.0049261083743842365,1.0,3425.834482758592,0.0,"{""buoy"": 1.0}"
leogap,leo_gap_min,60,20,statopt,812,123.86708808588178,125.15751969865754,177.85077801579956,0.15517241379310345,1.0,3261.2193505981436,0.0,"{""cloud"": 0.7463, ""seabed"": 0.2537}"
leogap,leo_gap_min,60,20,cacgr,812,65.41354752468224,63.82959266226644,107.18706982710661,0.8312807881773399,1.0,298.2348543279313,0.0,"{""seabed"": 0.8978, ""auv"": 0.0911, ""sat"": 0.0099, ""uav"": 0.0012}"
leogap,leo_gap_min,60,21,cloud,770,750.0648988937362,764.6033705713933,855.5903362220332,0.0,1.0,9.600000000005952,0.0,"{""cloud"": 1.0}"
leogap,leo_gap_min,60,21,sensor,770,67.3424366760977,65.43833013648509,114.83692810054282,0.812987012987013,1.0,279.1799628942457,0.0,"{""seabed"": 1.0}"
leogap,leo_gap_min,60,21,surface,770,322.69703499998286,327.48384854075647,446.0243337707572,0.006493506493506494,1.0,3731.265656400709,0.0,"{""buoy"": 1.0}"
leogap,leo_gap_min,60,21,statopt,770,92.5915562963344,88.17849079707875,158.88492059634135,0.5207792207792208,1.0,3196.0259802597157,0.0,"{""cloud"": 0.7312, ""seabed"": 0.2688}"
leogap,leo_gap_min,60,21,cacgr,770,66.21601039447627,64.46074561075862,114.57139023735932,0.8246753246753247,1.0,288.22827755101684,0.0,"{""seabed"": 0.8792, ""auv"": 0.1065, ""sat"": 0.0143}"
leogap,leo_gap_min,60,22,cloud,813,652.5157609327869,659.3002909258893,847.0898463909203,0.0,1.0,9.60000000000813,0.0,"{""cloud"": 1.0}"
leogap,leo_gap_min,60,22,sensor,813,70.0647199609597,69.15929944462938,111.12325481152986,0.7736777367773677,1.0,287.26620980494175,0.0,"{""seabed"": 1.0}"
leogap,leo_gap_min,60,22,surface,813,360.70532920000835,367.57051856866894,482.95433222635506,0.008610086100861008,1.0,3555.1181950447713,0.0,"{""buoy"": 1.0}"
leogap,leo_gap_min,60,22,statopt,813,92.66107301345419,90.62017296462872,153.7288444736819,0.4920049200492005,1.0,2983.2696144789697,0.0,"{""cloud"": 0.7651, ""seabed"": 0.2349}"
leogap,leo_gap_min,60,22,cacgr,813,69.27105696611464,67.77616401918495,110.57995086601997,0.7810578105781057,1.0,281.0278151467094,0.0,"{""seabed"": 0.877, ""auv"": 0.1132, ""sat"": 0.0074, ""uav"": 0.0025}"
leogap,leo_gap_min,60,23,cloud,784,767.8245336637281,778.8293898675074,873.4236753068803,0.0,1.0,9.600000000007626,0.0,"{""cloud"": 1.0}"
leogap,leo_gap_min,60,23,sensor,784,66.61455141329785,62.468249417475455,119.72771925725102,0.8163265306122449,1.0,273.92966472302436,0.0,"{""seabed"": 1.0}"
leogap,leo_gap_min,60,23,surface,784,329.8958559065098,337.9114838581212,439.6307254483746,0.01020408163265306,1.0,3569.9013177842194,0.0,"{""buoy"": 1.0}"
leogap,leo_gap_min,60,23,statopt,784,77.77249753185076,74.3986915776107,128.4881929303506,0.6760204081632653,1.0,2914.2448979591563,0.0,"{""cloud"": 0.7436, ""seabed"": 0.2564}"
leogap,leo_gap_min,60,23,cacgr,784,64.69375948393,61.65105786372681,117.50349789182619,0.8380102040816326,1.0,281.7792419825016,0.0,"{""seabed"": 0.8776, ""auv"": 0.1084, ""sat"": 0.0128, ""uav"": 0.0013}"
leogap,leo_gap_min,60,24,cloud,813,683.95473917347,700.2954163611614,825.1869086601587,0.0,1.0,9.600000000007594,0.0,"{""cloud"": 1.0}"
leogap,leo_gap_min,60,24,sensor,813,66.55387429321438,65.72547872848094,111.23470358330091,0.7921279212792128,1.0,242.28290282898672,0.0,"{""seabed"": 1.0}"
leogap,leo_gap_min,60,24,surface,813,113.57637305775205,111.68122405697758,175.2311095790303,0.26814268142681424,1.0,3189.492796345044,0.0,"{""buoy"": 1.0}"
leogap,leo_gap_min,60,24,statopt,813,113.0246024053598,110.775069563011,175.23336984569653,0.27183271832718325,1.0,3189.492796345044,0.0,"{""cloud"": 1.0}"
leogap,leo_gap_min,60,24,cacgr,813,65.14020759280898,64.35532606934599,110.1338595639695,0.8068880688806888,1.0,250.56791143907523,0.0,"{""seabed"": 0.8721, ""auv"": 0.1144, ""sat"": 0.0135}"
leogap,leo_gap_min,60,25,cloud,675,736.0372357826217,759.1846736791964,853.4428725182698,0.0,1.0,9.60000000000538,0.0,"{""cloud"": 1.0}"
leogap,leo_gap_min,60,25,sensor,675,67.45973267546746,67.04929381535233,109.55638360378563,0.8162962962962963,1.0,273.16402116401025,0.0,"{""seabed"": 1.0}"
leogap,leo_gap_min,60,25,surface,675,312.82384672252476,324.92542451576134,428.4491438738454,0.013333333333333334,1.0,4302.61329608461,0.0,"{""buoy"": 1.0}"
leogap,leo_gap_min,60,25,statopt,675,202.28295993984165,217.98266711587252,297.524311122051,0.06666666666666667,1.0,4094.7956412274666,0.0,"{""cloud"": 0.8726, ""seabed"": 0.1274}"
leogap,leo_gap_min,60,25,cacgr,675,66.58828011245163,66.55493949127461,108.71238423426578,0.8251851851851851,1.0,271.67115851850735,0.0,"{""seabed"": 0.8815, ""auv"": 0.1081, ""sat"": 0.0089, ""uav"": 0.0015}"
leogap,leo_gap_min,60,26,cloud,842,540.2829436853887,543.3811402292612,763.2811757555784,0.0,1.0,9.60000000000948,0.0,"{""cloud"": 1.0}"
leogap,leo_gap_min,60,26,sensor,842,69.01302866555584,67.39687605366308,111.43849899617797,0.7945368171021377,1.0,288.91041737358177,0.0,"{""seabed"": 1.0}"
leogap,leo_gap_min,60,26,surface,842,357.83439217694234,356.5309370937615,508.50122946764054,0.0035629453681710215,1.0,3307.237499830302,0.0,"{""buoy"": 1.0}"
leogap,leo_gap_min,60,26,statopt,842,257.678537834208,272.2068802342674,361.15434369854654,0.027315914489311165,1.0,3328.9259860196394,0.0,"{""cloud"": 0.8705, ""seabed"": 0.1295}"
leogap,leo_gap_min,60,26,cacgr,842,67.81735135356625,66.0280824928279,109.40716572678564,0.8064133016627079,1.0,302.87422327789363,0.0,"{""seabed"": 0.8717, ""auv"": 0.1116, ""sat"": 0.0166}"
leogap,leo_gap_min,60,27,cloud,753,595.8429179027739,609.6532651890469,772.3749167053337,0.0,1.0,9.600000000009588,0.0,"{""cloud"": 1.0}"
leogap,leo_gap_min,60,27,sensor,753,63.28538802761935,60.34144795379155,107.29813404557497,0.849933598937583,1.0,280.82754695503576,0.0,"{""seabed"": 1.0}"
leogap,leo_gap_min,60,27,surface,753,332.7767624294834,338.44220932131867,457.49502789450986,0.01859229747675963,1.0,3625.746173401602,0.0,"{""buoy"": 1.0}"
leogap,leo_gap_min,60,27,statopt,753,165.67467714842587,167.46568754532296,239.0255248720617,0.05843293492695883,1.0,3604.620680705723,0.0,"{""cloud"": 0.7596, ""seabed"": 0.2404}"
leogap,leo_gap_min,60,27,cacgr,753,62.72534501721621,60.07528860107086,106.2079187373622,0.8565737051792829,1.0,276.4518064883317,0.0,"{""seabed"": 0.9004, ""auv"": 0.0916, ""sat"": 0.0066, ""uav"": 0.0013}"
leogap,leo_gap_min,60,28,cloud,756,644.1259787760805,663.4925144797766,824.8576316874703,0.0,1.0,9.600000000006665,0.0,"{""cloud"": 1.0}"
leogap,leo_gap_min,60,28,sensor,756,69.16274687976667,67.53861510092459,116.37165165625434,0.7896825396825397,1.0,267.5234315948462,0.0,"{""seabed"": 1.0}"
leogap,leo_gap_min,60,28,surface,756,284.8195439659487,285.50700086452525,419.8183261763387,0.017195767195767195,1.0,3713.362854119387,0.0,"{""buoy"": 1.0}"
leogap,leo_gap_min,60,28,statopt,756,70.37212603440612,68.92079984542421,118.00337823277398,0.7698412698412699,1.0,2619.08238851093,0.0,"{""cloud"": 0.7632, ""seabed"": 0.2368}"
leogap,leo_gap_min,60,28,cacgr,756,67.37586421093265,65.63837101056812,113.74285292639537,0.8082010582010583,1.0,303.2334482237185,0.0,"{""seabed"": 0.8902, ""auv"": 0.0873, ""sat"": 0.0212, ""uav"": 0.0013}"
leogap,leo_gap_min,60,29,cloud,782,702.477217384013,720.1486159312658,818.6127768821627,0.0,1.0,9.6000000000075,0.0,"{""cloud"": 1.0}"
leogap,leo_gap_min,60,29,sensor,782,67.94349533403991,65.96657077667975,113.4450280674824,0.7851662404092071,1.0,292.19912312752354,0.0,"{""seabed"": 1.0}"
leogap,leo_gap_min,60,29,surface,782,338.1572203564653,331.61811817799077,470.99535320295416,0.010230179028132993,1.0,3524.2832356594595,0.0,"{""buoy"": 1.0}"
leogap,leo_gap_min,60,29,statopt,782,85.9973431203499,83.76782023214297,145.35916798234933,0.5601023017902813,1.0,3050.154914139564,0.0,"{""cloud"": 0.624, ""seabed"": 0.376}"
leogap,leo_gap_min,60,29,cacgr,782,66.88550847697233,64.94056107182696,111.49869513458573,0.7966751918158568,1.0,284.2124895871483,0.0,"{""seabed"": 0.8811, ""auv"": 0.11, ""sat"": 0.009}"
leogap,leo_gap_min,90,0,cloud,764,687.5466435459194,718.29526744892,872.2443859662898,0.0,1.0,9.60000000000571,0.0,"{""cloud"": 1.0}"
leogap,leo_gap_min,90,0,sensor,764,79.70061314347463,77.78776703797033,138.5502211143563,0.6479057591623036,1.0,285.11518324607835,0.0,"{""seabed"": 1.0}"
leogap,leo_gap_min,90,0,surface,764,335.29897450605404,344.4489408063792,467.21680983837615,0.010471204188481676,1.0,3629.669564697053,0.0,"{""buoy"": 1.0}"
leogap,leo_gap_min,90,0,statopt,764,84.32460540689387,82.62184271698885,144.35537274479057,0.5955497382198953,1.0,2675.448017950626,0.0,"{""cloud"": 0.6414, ""seabed"": 0.3586}"
leogap,leo_gap_min,90,0,cacgr,764,78.31336945194256,76.63775646868847,137.34801520588624,0.662303664921466,1.0,286.7630635751726,0.0,"{""seabed"": 0.8848, ""auv"": 0.1034, ""sat"": 0.0118}"
leogap,leo_gap_min,90,1,cloud,727,535.7667642912019,543.008317488453,723.9467579589299,0.0,1.0,9.600000000007828,0.0,"{""cloud"": 1.0}"
leogap,leo_gap_min,90,1,sensor,727,75.35893177803071,73.196364733537,130.77600379288222,0.6891334250343879,1.0,273.91982707800565,0.0,"{""seabed"": 1.0}"
leogap,leo_gap_min,90,1,surface,727,278.31697421778523,278.6868684075113,406.5866761876463,0.013755158184319119,1.0,3857.4863147965875,0.0,"{""buoy"": 1.0}"
leogap,leo_gap_min,90,1,statopt,727,84.99948231327345,83.57874203536242,141.69029138897946,0.579092159559835,1.0,2896.243011986616,0.0,"{""cloud"": 0.7428, ""seabed"": 0.2572}"
leogap,leo_gap_min,90,1,cacgr,727,74.53086425301635,72.51892208375139,130.23738948319178,0.6987620357634112,1.0,271.74372018077565,0.0,"{""seabed"": 0.8735, ""auv"": 0.1155, ""sat"": 0.0096, ""uav"": 0.0014}"
leogap,leo_gap_min,90,2,cloud,757,798.982238215213,804.0582131487589,971.9551622918648,0.0,1.0,9.600000000003769,0.0,"{""cloud"": 1.0}"
leogap,leo_gap_min,90,2,sensor,757,82.1885822039444,79.94416330795914,141.9273706242381,0.6063408190224571,1.0,281.4961313455384,0.0,"{""seabed"": 1.0}"
leogap,leo_gap_min,90,2,surface,757,364.4946396364892,366.4401196309266,506.62221618949036,0.001321003963011889,1.0,3689.6226306850044,0.0,"{""buoy"": 1.0}"
leogap,leo_gap_min,90,2,statopt,757,83.05670291885814,80.91389702546634,142.90726542524035,0.5957727873183619,1.0,2290.5827514625294,0.0,"{""cloud"": 0.6328, ""seabed"": 0.3672}"
leogap,leo_gap_min,90,2,cacgr,757,81.35085667323666,79.09629347603259,141.03736873161264,0.6142668428005285,1.0,272.15859898094044,0.0,"{""seabed"": 0.8838, ""auv"": 0.1083, ""sat"": 0.0066, ""uav"": 0.0013}"
leogap,leo_gap_min,90,3,cloud,758,601.5627764604974,627.0455039488539,770.8529131470956,0.0,1.0,9.600000000007029,0.0,"{""cloud"": 1.0}"
leogap,leo_gap_min,90,3,sensor,758,83.5304717386346,81.0895326529227,141.08584799122272,0.5883905013192612,1.0,252.320392009013,0.0,"{""seabed"": 1.0}"
leogap,leo_gap_min,90,3,surface,758,220.71739088866144,218.08935144504696,334.13988764773416,0.029023746701846966,1.0,3654.5074044477374,0.0,"{""buoy"": 1.0}"
leogap,leo_gap_min,90,3,statopt,758,219.0398825553899,217.25334970220356,333.7291834461348,0.029023746701846966,1.0,3654.5074044477374,0.0,"{""cloud"": 1.0}"
leogap,leo_gap_min,90,3,cacgr,758,82.51600429691022,79.93971448120402,139.02919895598808,0.5989445910290238,1.0,252.33031888425054,0.0,"{""seabed"": 0.8641, ""auv"": 0.124, ""sat"": 0.0106, ""uav"": 0.0013}"
leogap,leo_gap_min,90,4,cloud,790,696.1405942527521,714.7606336795654,860.6311988381201,0.0,1.0,9.600000000003964,0.0,"{""cloud"": 1.0}"
leogap,leo_gap_min,90,4,sensor,790,81.30089189552056,76.04524109664041,150.27475897163143,0.6506329113924051,1.0,268.77215189872175,0.0,"{""seabed"": 1.0}"
leogap,leo_gap_min,90,4,surface,790,309.4620637558024,316.3112736773962,415.7394636617253,0.01139240506329114,1.0,3539.194473779348,0.0,"{""buoy"": 1.0}"
leogap,leo_gap_min,90,4,statopt,790,226.49891458985732,226.77534908006066,308.4043497778415,0.020253164556962026,1.0,3491.445555732332,0.0,"{""cloud"": 0.8848, ""seabed"": 0.1152}"
leogap,leo_gap_min,90,4,cacgr,790,80.0212229425221,75.09704589060729,149.09158748037507,0.6632911392405063,1.0,278.2835095840744,0.0,"{""seabed"": 0.8696, ""auv"": 0.1165, ""sat"": 0.0127, ""uav"": 0.0013}"
leogap,leo_gap_min,90,5,cloud,763,752.2963986402505,759.313281787355,898.1711794383318,0.0,1.0,9.600000000006274,0.0,"{""cloud"": 1.0}"
leogap,leo_gap_min,90,5,sensor,763,85.11248077924905,80.33904330043394,146.41507249663644,0.580602883355177,1.0,287.89215502712926,0.0,"{""seabed"": 1.0}"
leogap,leo_gap_min,90,5,surface,763,314.39305689671284,309.10450097083475,462.52214969166,0.010484927916120577,1.0,3705.556673282119,0.0,"{""buoy"": 1.0}"
leogap,leo_gap_min,90,5,statopt,763,132.4604902906835,131.9409485502878,199.68249741873345,0.14285714285714285,1.0,3500.897351057813,0.0,"{""cloud"": 0.8506, ""seabed"": 0.1494}"
leogap,leo_gap_min,90,5,cacgr,763,84.47974993749231,79.55090775084197,146.00601629830604,0.5871559633027523,1.0,276.29974311924565,0.0,"{""seabed"": 0.8519, ""auv"": 0.1389, ""sat"": 0.0079, ""uav"": 0.0013}"
leogap,leo_gap_min,90,6,cloud,729,615.0141402894983,629.2619595900292,814.6967290075027,0.0,1.0,9.600000000008261,0.0,"{""cloud"": 1.0}"
leogap,leo_gap_min,90,6,sensor,729,82.65771539122683,80.95078359066878,141.6366159434967,0.5816186556927297,1.0,266.7658240250655,0.0,"{""seabed"": 1.0}"
leogap,leo_gap_min,90,6,surface,729,300.45488475048893,307.5149705174777,419.62019774192237,0.009602194787379973,1.0,3780.267679404232,0.0,"{""buoy"": 1.0}"
leogap,leo_gap_min,90,6,statopt,729,194.90712725962672,193.6380887148795,291.32734750385964,0.02194787379972565,1.0,3783.2462322554925,0.0,"{""cloud"": 0.8985, ""seabed"": 0.1015}"
leogap,leo_gap_min,90,6,cacgr,729,82.18856521783322,80.50039888040095,141.04100339487138,0.5857338820301783,1.0,245.79934313147282,0.0,"{""seabed"": 0.8628, ""auv"": 0.1317, ""sat"": 0.0055}"
leogap,leo_gap_min,90,7,cloud,757,691.9975929036034,714.9248793755229,840.5555702137412,0.0,1.0,9.600000000007762,0.0,"{""cloud"": 1.0}"
leogap,leo_gap_min,90,7,sensor,757,79.18755975148046,75.25849209926697,138.31317913764534,0.6618229854689565,1.0,266.49330062274504,0.0,"{""seabed"": 1.0}"
leogap,leo_gap_min,90,7,surface,757,300.0295285879921,302.99265897589504,423.1255576429674,0.01453104359313078,1.0,3580.1304789582528,0.0,"{""buoy"": 1.0}"
leogap,leo_gap_min,90,7,statopt,757,205.78009128156157,209.97982551300473,278.1512766599343,0.02509907529722589,1.0,3532.182149990523,0.0,"{""cloud"": 0.86, ""seabed"": 0.14}"
leogap,leo_gap_min,90,7,cacgr,757,77.91738745082824,74.08811769660679,136.95852098599238,0.6737120211360634,1.0,265.8465944517715,0.0,"{""seabed"": 0.8798, ""auv"": 0.1096, ""sat"": 0.0079, ""uav"": 0.0026}"
leogap,leo_gap_min,90,8,cloud,772,538.8740174701336,538.8643262715308,766.0465822820845,0.0,1.0,9.600000000006183,0.0,"{""cloud"": 1.0}"
leogap,leo_gap_min,90,8,sensor,772,82.12526914462104,78.79333376393033,144.61375191488392,0.6178756476683938,1.0,279.7202072538606,0.0,"{""seabed"": 1.0}"
leogap,leo_gap_min,90,8,surface,772,332.6464157219646,329.6135120695325,459.8335314674788,0.011658031088082901,1.0,3625.359928941482,0.0,"{""buoy"": 1.0}"
leogap,leo_gap_min,90,8,statopt,772,101.22142096240889,97.16846403224287,170.7064948419,0.4261658031088083,1.0,3306.960284233854,0.0,"{""cloud"": 0.8705, ""seabed"": 0.1295}"
leogap,leo_gap_min,90,8,cacgr,772,80.28187677455817,77.27295380746457,143.37888164633478,0.6373056994818653,1.0,267.5184692819893,0.0,"{""seabed"": 0.8381, ""auv"": 0.1503, ""sat"": 0.0117}"
leogap,leo_gap_min,90,9,cloud,819,822.9653596005224,834.9700767548037,981.1704910350584,0.0,1.0,9.600000000006688,0.0,"{""cloud"": 1.0}"
leogap,leo_gap_min,90,9,sensor,819,81.68530440158919,76.63439271775229,147.15391887189338,0.6312576312576312,1.0,269.5911390196926,0.0,"{""seabed"": 1.0}"
leogap,leo_gap_min,90,9,surface,819,336.98158208288186,347.4969429631938,459.37345783515013,0.01221001221001221,1.0,3504.621583115251,0.0,"{""buoy"": 1.0}"
leogap,leo_gap_min,90,9,statopt,819,86.1430587343043,82.52260218732627,148.7145628989124,0.5702075702075702,1.0,2634.4786324785982,0.0,"{""cloud"": 0.7497, ""seabed"": 0.2503}"
leogap,leo_gap_min,90,9,cacgr,819,80.04824054441409,75.52124601109293,143.284058025391,0.645909645909646,1.0,267.76216570729275,0.0,"{""seabed"": 0.8449, ""auv"": 0.1429, ""sat"": 0.011, ""uav"": 0.0012}"
leogap,leo_gap_min,90,10,cloud,786,750.2109243569591,774.9017057841666,895.2519124436224,0.0,1.0,9.600000000004725,0.0,"{""cloud"": 1.0}"
leogap,leo_gap_min,90,10,sensor,786,80.512278739661,76.0620736081472,141.475850838324,0.6412213740458015,1.0,279.1537622682638,0.0,"{""seabed"": 1.0}"
leogap,leo_gap_min,90,10,surface,786,339.01955835180183,350.8195227346998,447.37101392336774,0.006361323155216285,1.0,3604.4651748454826,0.0,"{""buoy"": 1.0}"
leogap,leo_gap_min,90,10,statopt,786,80.73448287665522,76.47570129524395,141.47748283832408,0.6399491094147582,1.0,1886.6964740094372,0.0,"{""cloud"": 0.6132, ""seabed"": 0.3868}"
leogap,leo_gap_min,90,10,cacgr,786,79.74173224280939,75.1648600477382,141.14801301199853,0.648854961832061,1.0,264.3564027626272,0.0,"{""seabed"": 0.8562, ""auv"": 0.1349, ""sat"": 0.0076, ""uav"": 0.0013}"
leogap,leo_gap_min,90,11,cloud,770,766.2226101629677,779.1870269566599,887.6452657726608,0.0,1.0,9.600000000005995,0.0,"{""cloud"": 1.0}"
leogap,leo_gap_min,90,11,sensor,770,85.21705949369016,83.39072702631425,138.66529413244322,0.5636363636363636,1.0,295.6456400742069,0.0,"{""seabed"": 1.0}"
leogap,leo_gap_min,90,11,surface,770,356.29422100200946,356.6872368975193,484.88336564539276,0.0,1.0,3601.4239525046087,0.0,"{""buoy"": 1.0}"
leogap,leo_gap_min,90,11,statopt,770,133.112295217145,128.04958755686238,213.72470058875177,0.18571428571428572,1.0,3308.456413209621,0.0,"{""cloud"": 0.7442, ""seabed"": 0.2558}"
leogap,leo_gap_min,90,11,cacgr,770,84.03752559139588,82.62787299781903,137.79192638329198,0.5766233766233766,1.0,292.03560667903207,0.0,"{""seabed"": 0.8727, ""auv"": 0.1169, ""sat"": 0.0091, ""uav"": 0.0013}"
leogap,leo_gap_min,90,12,cloud,792,867.8951481503283,884.010385749268,1023.5932832803203,0.0,1.0,9.600000000006,0.0,"{""cloud"": 1.0}"
leogap,leo_gap_min,90,12,sensor,792,89.7476901778173,84.12299617919247,161.0976177524367,0.5366161616161617,1.0,259.1338383838163,0.0,"{""seabed"": 1.0}"
leogap,leo_gap_min,90,12,surface,792,309.7282830900303,332.30120600128686,421.81906287066073,0.020202020202020204,1.0,3533.8066378065864,0.0,"{""buoy"": 1.0}"
leogap,leo_gap_min,90,12,statopt,792,132.8762780819807,133.87882876232422,231.7272968630483,0.24873737373737373,1.0,3224.945177489133,0.0,"{""cloud"": 0.8801, ""seabed"": 0.1199}"
leogap,leo_gap_min,90,12,cacgr,792,88.92782641643336,83.3252081843228,160.9729970003815,0.5454545454545454,1.0,245.2546435786235,0.0,"{""seabed"": 0.8485, ""auv"": 0.1427, ""sat"": 0.0063, ""uav"": 0.0025}"
leogap,leo_gap_min,90,13,cloud,769,767.9561013193957,780.1304368802172,910.1801901377252,0.0,1.0,9.600000000004503,0.0,"{""cloud"": 1.0}"
leogap,leo_gap_min,90,13,sensor,769,84.15221245902146,83.87282632575831,137.04026426031413,0.5708712613784135,1.0,246.53836150841536,0.0,"{""seabed"": 1.0}"
leogap,leo_gap_min,90,13,surface,769,141.0504867881511,138.30682662797892,228.58339944850186,0.18075422626788037,1.0,3509.344407207817,0.0,"{""buoy"": 1.0}"
leogap,leo_gap_min,90,13,statopt,769,140.11532965743314,137.06707552329632,228.46331670691228,0.18985695708712613,1.0,3509.344407207817,0.0,"{""cloud"": 1.0}"
leogap,leo_gap_min,90,13,cacgr,769,82.60677557868608,82.27985688643238,134.82132416597946,0.5890767230169051,1.0,263.9595913059282,0.0,"{""seabed"": 0.8726, ""auv"": 0.1105, ""sat"": 0.0156, ""uav"": 0.0013}"
leogap,leo_gap_min,90,14,cloud,750,643.5581190418648,673.8615752894569,817.8722190193624,0.0,1.0,9.600000000005632,0.0,"{""cloud"": 1.0}"
leogap,leo_gap_min,90,14,sensor,750,81.3403878811304,77.62320370879169,140.56501453459245,0.632,1.0,259.8095238095044,0.0,"{""seabed"": 1.0}"
leogap,leo_gap_min,90,14,surface,750,279.2462761228913,287.8824409650161,382.2102630154049,0.012,1.0,3640.1756220951925,0.0,"{""buoy"": 1.0}"
leogap,leo_gap_min,90,14,statopt,750,102.23525469127246,96.33350696261435,175.1010530028009,0.43466666666666665,1.0,3311.2571428571023,0.0,"{""cloud"": 0.8813, ""seabed"": 0.1187}"
leogap,leo_gap_min,90,14,cacgr,750,80.21162232975122,75.96117297279592,139.91938861642177,0.644,1.0,264.6736274285535,0.0,"{""seabed"": 0.8693, ""auv"": 0.1173, ""sat"": 0.012, ""uav"": 0.0013}"
leogap,leo_gap_min,90,15,cloud,770,597.962078806251,625.1021736131037,764.291661845626,0.0,1.0,9.600000000004483,0.0,"{""cloud"": 1.0}"
leogap,leo_gap_min,90,15,sensor,770,86.61031514834215,83.10181523851934,147.33688534461837,0.5701298701298702,1.0,254.96846011128886,0.0,"{""seabed"": 1.0}"
leogap,leo_gap_min,90,15,surface,770,231.485068788559,239.74265210496304,324.3164285058605,0.03636363636363636,1.0,3560.4909298700773,0.0,"{""buoy"": 1.0}"
leogap,leo_gap_min,90,15,statopt,770,229.76601448948028,238.37835664694018,324.16075331697976,0.03896103896103896,1.0,3560.4909298700773,0.0,"{""cloud"": 1.0}"
leogap,leo_gap_min,90,15,cacgr,770,85.29960245922548,81.74840012118135,146.6141017442827,0.5844155844155844,1.0,257.4745914656498,0.0,"{""seabed"": 0.8636, ""auv"": 0.1247, ""sat"": 0.0078, ""uav"": 0.0039}"
leogap,leo_gap_min,90,16,cloud,748,629.4780031706197,648.6025473511273,807.593692783912,0.0,1.0,9.600000000006327,0.0,"{""cloud"": 1.0}"
leogap,leo_gap_min,90,16,sensor,748,81.86739868947954,79.07251377174696,140.09852620664773,0.6029411764705882,1.0,247.64553093960936,0.0,"{""seabed"": 1.0}"
leogap,leo_gap_min,90,16,surface,748,136.20441385495502,134.31366032024877,211.6769434486182,0.1697860962566845,1.0,3638.365689839508,0.0,"{""buoy"": 1.0}"
leogap,leo_gap_min,90,16,statopt,748,135.47269242730442,133.607630459454,211.67989891528492,0.17379679144385027,1.0,3638.365689839508,0.0,"{""cloud"": 1.0}"
leogap,leo_gap_min,90,16,cacgr,748,79.90895512951666,76.81083272310282,137.32428928386736,0.6229946524064172,1.0,268.7700626432043,0.0,"{""seabed"": 0.8516, ""auv"": 0.1283, ""sat"": 0.0187, ""uav"": 0.0013}"
leogap,leo_gap_min,90,17,cloud,733,672.8393382118172,699.9497380776241,817.4447598276704,0.0,1.0,9.60000000000642,0.0,"{""cloud"": 1.0}"
leogap,leo_gap_min,90,17,sensor,733,79.75389750733717,78.62238984116351,136.96965778355633,0.6193724420190996,1.0,299.93412590140053,0.0,"{""seabed"": 1.0}"
leogap,leo_gap_min,90,17,surface,733,354.03601077680304,350.89866306269687,492.529257999875,0.0068212824010914054,1.0,3974.1134125901185,0.0,"{""buoy"": 1.0}"
leogap,leo_gap_min,90,17,statopt,733,83.70676540359055,82.99313175782906,141.75110097561043,0.567530695770805,1.0,2286.311050477494,0.0,"{""seabed"": 0.5007, ""cloud"": 0.4993}"
leogap,leo_gap_min,90,17,cacgr,733,78.8497085764831,76.71043763808896,136.96965778355633,0.6289222373806276,1.0,287.2813252777362,0.0,"{""seabed"": 0.8759, ""auv"": 0.116, ""sat"": 0.0082}"
leogap,leo_gap_min,90,18,cloud,782,672.5135998035988,682.4755035959435,804.5745277140376,0.0,1.0,9.600000000006132,0.0,"{""cloud"": 1.0}"
leogap,leo_gap_min,90,18,sensor,782,81.32713059843076,80.5425744232433,137.99047970737413,0.6163682864450127,1.0,242.23565948114083,0.0,"{""seabed"": 1.0}"
leogap,leo_gap_min,90,18,surface,782,109.91413325677152,108.14208662788074,176.8524690022438,0.3273657289002558,1.0,3184.3198421628886,0.0,"{""buoy"": 1.0}"
leogap,leo_gap_min,90,18,statopt,782,109.4810839789794,107.75202207452348,176.1303522627414,0.3312020460358056,1.0,3184.3198421628886,0.0,"{""cloud"": 1.0}"
leogap,leo_gap_min,90,18,cacgr,782,79.81509826547821,79.32404275081674,136.1467023860734,0.6317135549872123,1.0,236.69764852024045,0.0,"{""seabed"": 0.8542, ""auv"": 0.1355, ""sat"": 0.0102}"
leogap,leo_gap_min,90,19,cloud,753,758.1711163049965,783.1566591926543,892.321240360456,0.0,1.0,9.600000000007444,0.0,"{""cloud"": 1.0}"
leogap,leo_gap_min,90,19,sensor,753,86.03365353590148,82.61455796189257,148.63552723447532,0.5723771580345286,1.0,309.3800037943556,0.0,"{""seabed"": 1.0}"
leogap,leo_gap_min,90,19,surface,753,394.7123416899852,399.606718510115,553.1649567247339,0.00398406374501992,1.0,3633.394531587915,0.0,"{""buoy"": 1.0}"
leogap,leo_gap_min,90,19,statopt,753,86.99870532675044,83.4285943170192,150.63569620481763,0.5590969455511288,1.0,2034.8210965661146,0.0,"{""cloud"": 0.5153, ""seabed"": 0.4847}"
leogap,leo_gap_min,90,19,cacgr,753,85.52372044116933,82.12051709042498,148.35964504134714,0.5763612217795485,1.0,282.55397154240785,0.0,"{""seabed"": 0.8725, ""auv"": 0.1235, ""sat"": 0.004}"
leogap,leo_gap_min,90,20,cloud,812,745.990837911536,759.0925343816642,915.5116080414276,0.0,1.0,9.600000000007316,0.0,"{""cloud"": 1.0}"
leogap,leo_gap_min,90,20,sensor,812,83.098244790774,81.55217004813925,140.1477687443393,0.5960591133004927,1.0,294.8483462350384,0.0,"{""seabed"": 1.0}"
leogap,leo_gap_min,90,20,surface,812,387.7111309217012,385.1219016636507,549.5140539269224,0.008620689655172414,1.0,3425.834482758592,0.0,"{""buoy"": 1.0}"
leogap,leo_gap_min,90,20,statopt,812,141.5557172634325,138.73093193294068,211.60662445179938,0.09729064039408868,1.0,3261.2193505981436,0.0,"{""cloud"": 0.7463, ""seabed"": 0.2537}"
leogap,leo_gap_min,90,20,cacgr,812,82.40914259198017,80.51290515343756,139.29828526320463,0.6022167487684729,1.0,275.38094581280325,0.0,"{""seabed"": 0.8818, ""auv"": 0.1133, ""sat"": 0.0037, ""uav"": 0.0012}"
leogap,leo_gap_min,90,21,cloud,770,820.7756783774288,840.0576422166363,962.12116842114,0.0,1.0,9.600000000005952,0.0,"{""cloud"": 1.0}"
leogap,leo_gap_min,90,21,sensor,770,83.4855549003855,79.91915209963852,147.346390378637,0.5987012987012987,1.0,279.1799628942457,0.0,"{""seabed"": 1.0}"
leogap,leo_gap_min,90,21,surface,770,342.44467578739204,351.399841417979,467.2970244309924,0.005194805194805195,1.0,3731.265656400709,0.0,"{""buoy"": 1.0}"
leogap,leo_gap_min,90,21,statopt,770,109.63761920184294,109.4758028429466,179.1873889533891,0.33766233766233766,1.0,3196.0259802597157,0.0,"{""cloud"": 0.7312, ""seabed"": 0.2688}"
leogap,leo_gap_min,90,21,cacgr,770,83.00741006721688,79.50020589007994,147.346390378637,0.6038961038961039,1.0,249.9159896103843,0.0,"{""seabed"": 0.8416, ""auv"": 0.1532, ""sat"": 0.0052}"
leogap,leo_gap_min,90,22,cloud,813,662.3658318776585,670.6631193574017,872.7832057542893,0.0,1.0,9.60000000000813,0.0,"{""cloud"": 1.0}"
leogap,leo_gap_min,90,22,sensor,813,90.40437020944465,89.76983598117562,147.08809710135148,0.5018450184501845,1.0,287.26620980494175,0.0,"{""seabed"": 1.0}"
leogap,leo_gap_min,90,22,surface,813,383.1852430497389,388.8348890255312,517.5173471076874,0.0036900369003690036,1.0,3555.1181950447713,0.0,"{""buoy"": 1.0}"
leogap,leo_gap_min,90,22,statopt,813,110.39573111755884,109.30294272162027,179.66741056057748,0.3062730627306273,1.0,2983.2696144789697,0.0,"{""cloud"": 0.7651, ""seabed"": 0.2349}"
leogap,leo_gap_min,90,22,cacgr,813,89.86928028252106,88.96003613027423,146.54194808025485,0.5092250922509225,1.0,272.35660516603895,0.0,"{""seabed"": 0.8303, ""auv"": 0.1599, ""sat"": 0.0062, ""uav"": 0.0037}"
leogap,leo_gap_min,90,23,cloud,784,793.1699188528063,795.022611185832,947.9849605718499,0.0,1.0,9.600000000007626,0.0,"{""cloud"": 1.0}"
leogap,leo_gap_min,90,23,sensor,784,86.01189690778845,79.9539128682604,152.88667120659517,0.5854591836734694,1.0,273.92966472302436,0.0,"{""seabed"": 1.0}"
leogap,leo_gap_min,90,23,surface,784,339.13191502348604,342.4553354012946,476.3447677432315,0.008928571428571428,1.0,3569.9013177842194,0.0,"{""buoy"": 1.0}"
leogap,leo_gap_min,90,23,statopt,784,97.204104758619,94.53393775148791,166.2414872840765,0.46811224489795916,1.0,2914.2448979591563,0.0,"{""cloud"": 0.7436, ""seabed"": 0.2564}"
leogap,leo_gap_min,90,23,cacgr,784,85.18047432787912,78.77499697587245,152.6067498125164,0.5918367346938775,1.0,264.9474052478072,0.0,"{""seabed"": 0.8699, ""auv"": 0.1212, ""sat"": 0.0089}"
leogap,leo_gap_min,90,24,cloud,813,714.8459921103006,742.6010377015253,869.4771030755347,0.0,1.0,9.600000000007594,0.0,"{""cloud"": 1.0}"
leogap,leo_gap_min,90,24,sensor,813,84.9842235119566,81.20584368888301,151.5806339069855,0.5793357933579336,1.0,242.28290282898672,0.0,"{""seabed"": 1.0}"
leogap,leo_gap_min,90,24,surface,813,131.0994187657249,129.89522808366127,218.29697868475233,0.18450184501845018,1.0,3189.492796345044,0.0,"{""buoy"": 1.0}"
leogap,leo_gap_min,90,24,statopt,813,130.07250091438337,128.69089849940696,217.54557131767788,0.1918819188191882,1.0,3189.492796345044,0.0,"{""cloud"": 1.0}"
leogap,leo_gap_min,90,24,cacgr,813,83.03402364762626,79.17771120495551,149.15277914932102,0.5928659286592866,1.0,255.01277104195688,0.0,"{""seabed"": 0.8475, ""auv"": 0.1353, ""sat"": 0.0172}"
leogap,leo_gap_min,90,25,cloud,675,768.1932221255246,787.5186472209714,921.0367176646753,0.0,1.0,9.60000000000538,0.0,"{""cloud"": 1.0}"
leogap,leo_gap_min,90,25,sensor,675,82.91650898286682,80.78992117642362,138.0162894934404,0.6103703703703703,1.0,273.16402116401025,0.0,"{""seabed"": 1.0}"
leogap,leo_gap_min,90,25,surface,675,318.86461401910026,336.1797356119787,436.40648991732576,0.013333333333333334,1.0,4302.61329608461,0.0,"{""buoy"": 1.0}"
leogap,leo_gap_min,90,25,statopt,675,215.69236115599662,219.42555570670473,310.98777107733827,0.02962962962962963,1.0,4094.7956412274666,0.0,"{""cloud"": 0.8726, ""seabed"": 0.1274}"
leogap,leo_gap_min,90,25,cacgr,675,82.28356414390416,80.19694371826208,137.822504359246,0.6162962962962963,1.0,256.3752601058082,0.0,"{""seabed"": 0.8711, ""auv"": 0.123, ""sat"": 0.0044, ""uav"": 0.0015}"
leogap,leo_gap_min,90,26,cloud,842,540.3539504507615,543.3811402292612,766.8655849760959,0.0,1.0,9.60000000000948,0.0,"{""cloud"": 1.0}"
leogap,leo_gap_min,90,26,sensor,842,86.5496465158194,85.06855119772166,142.18437086319338,0.5534441805225653,1.0,288.91041737358177,0.0,"{""seabed"": 1.0}"
leogap,leo_gap_min,90,26,surface,842,365.47562130377463,365.59108981979915,513.2687238054054,0.0011876484560570072,1.0,3307.237499830302,0.0,"{""buoy"": 1.0}"
leogap,leo_gap_min,90,26,statopt,842,270.04269629765406,277.2119097741294,375.88789924722175,0.0166270783847981,1.0,3328.9259860196394,0.0,"{""cloud"": 0.8705, ""seabed"": 0.1295}"
leogap,leo_gap_min,90,26,cacgr,842,85.87659349684856,84.26335243014607,141.2813645808894,0.5605700712589073,1.0,268.7781309806423,0.0,"{""seabed"": 0.8658, ""auv"": 0.1283, ""sat"": 0.0059}"
leogap,leo_gap_min,90,27,cloud,753,600.4661229020488,609.6532651890469,810.9409106128466,0.0,1.0,9.600000000009588,0.0,"{""cloud"": 1.0}"
leogap,leo_gap_min,90,27,sensor,753,77.51206693913132,73.92911579093736,136.39531195367948,0.6865869853917662,1.0,280.82754695503576,0.0,"{""seabed"": 1.0}"
leogap,leo_gap_min,90,27,surface,753,351.88403556348345,359.4587739699612,491.24630257149937,0.010624169986719787,1.0,3625.746173401602,0.0,"{""buoy"": 1.0}"
leogap,leo_gap_min,90,27,statopt,753,179.93493093420864,180.10850245612698,270.7099321371434,0.0398406374501992,1.0,3604.620680705723,0.0,"{""cloud"": 0.7596, ""seabed"": 0.2404}"
leogap,leo_gap_min,90,27,cacgr,753,76.52153946295167,73.00104436462765,135.19700878891874,0.6945551128818062,1.0,270.88278656801236,0.0,"{""seabed"": 0.8792, ""auv"": 0.1142, ""sat"": 0.0053, ""uav"": 0.0013}"
leogap,leo_gap_min,90,28,cloud,756,653.2189669956024,677.8424630100334,838.7655557606491,0.0,1.0,9.600000000006665,0.0,"{""cloud"": 1.0}"
leogap,leo_gap_min,90,28,sensor,756,81.23083730365806,80.1953314193744,142.25595016654344,0.6005291005291006,1.0,267.5234315948462,0.0,"{""seabed"": 1.0}"
leogap,leo_gap_min,90,28,surface,756,300.5933041641973,302.7578009349238,441.8097468171498,0.005291005291005291,1.0,3713.362854119387,0.0,"{""buoy"": 1.0}"
leogap,leo_gap_min,90,28,statopt,756,84.44690655940832,83.1356780398591,145.04256327008378,0.5740740740740741,1.0,2619.08238851093,0.0,"{""cloud"": 0.7632, ""seabed"": 0.2368}"
leogap,leo_gap_min,90,28,cacgr,756,79.72381955876367,78.69202529824882,141.86815087439092,0.6164021164021164,1.0,272.392311413441,0.0,"{""seabed"": 0.8545, ""auv"": 0.131, ""sat"": 0.0132, ""uav"": 0.0013}"
leogap,leo_gap_min,90,29,cloud,782,735.2202511493059,753.3155751336617,874.5174285173973,0.0,1.0,9.6000000000075,0.0,"{""cloud"": 1.0}"
leogap,leo_gap_min,90,29,sensor,782,83.57496307531864,77.91460045823455,148.0968299383246,0.6086956521739131,1.0,292.19912312752354,0.0,"{""seabed"": 1.0}"
leogap,leo_gap_min,90,29,surface,782,372.1511846971074,370.20286316770654,534.1288906705064,0.00639386189258312,1.0,3524.2832356594595,0.0,"{""buoy"": 1.0}"
leogap,leo_gap_min,90,29,statopt,782,101.83295369124062,96.4953864263601,180.2211421647926,0.45012787723785164,1.0,3050.154914139564,0.0,"{""cloud"": 0.624, ""seabed"": 0.376}"
leogap,leo_gap_min,90,29,cacgr,782,82.60761786654933,76.46505232782481,147.99323409772646,0.6176470588235294,1.0,271.30474534162283,0.0,"{""seabed"": 0.8645, ""auv"": 0.1304, ""sat"": 0.0051}"
leogap,leo_gap_min,120,0,cloud,764,698.9701301379426,724.1260672264328,886.9282862440135,0.0,1.0,9.60000000000571,0.0,"{""cloud"": 1.0}"
leogap,leo_gap_min,120,0,sensor,764,92.08437824170274,89.76952399299086,164.1141673066583,0.5026178010471204,1.0,285.11518324607835,0.0,"{""seabed"": 1.0}"
leogap,leo_gap_min,120,0,surface,764,350.30626194220275,356.09382963579895,493.2652359797496,0.010471204188481676,1.0,3629.669564697053,0.0,"{""buoy"": 1.0}"
leogap,leo_gap_min,120,0,statopt,764,99.32239484300766,96.14076913884989,175.40261519000282,0.4280104712041885,1.0,2675.448017950626,0.0,"{""cloud"": 0.6414, ""seabed"": 0.3586}"
leogap,leo_gap_min,120,0,cacgr,764,91.21565002938067,88.73378788992777,164.1141673066583,0.5104712041884817,1.0,267.9076619296964,0.0,"{""seabed"": 0.8599, ""auv"": 0.1335, ""sat"": 0.0065}"
leogap,leo_gap_min,120,1,cloud,727,540.4675801760944,543.5050023989983,739.676863548288,0.0,1.0,9.600000000007828,0.0,"{""cloud"": 1.0}"
leogap,leo_gap_min,120,1,sensor,727,93.24738077779334,86.39525068092662,178.07865402668818,0.5447042640990372,1.0,273.91982707800565,0.0,"{""seabed"": 1.0}"
leogap,leo_gap_min,120,1,surface,727,290.05877044825957,287.6081681585701,434.1619049192267,0.011004126547455296,1.0,3857.4863147965875,0.0,"{""buoy"": 1.0}"
leogap,leo_gap_min,120,1,statopt,727,104.71635501073393,96.8274923912144,192.268631359115,0.44291609353507566,1.0,2896.243011986616,0.0,"{""cloud"": 0.7428, ""seabed"": 0.2572}"
leogap,leo_gap_min,120,1,cacgr,727,92.46956830564834,86.02748284264526,177.54857070083546,0.5515818431911967,1.0,248.70509726861198,0.0,"{""seabed"": 0.8501, ""auv"": 0.1444, ""sat"": 0.0055}"
leogap,leo_gap_min,120,2,cloud,757,798.1502869611553,807.3291921697622,980.2879867580567,0.0,1.0,9.600000000003769,0.0,"{""cloud"": 1.0}"
leogap,leo_gap_min,120,2,sensor,757,95.40532523063335,92.18909618064087,166.55114714173325,0.4808454425363276,1.0,281.4961313455384,0.0,"{""seabed"": 1.0}"
leogap,leo_gap_min,120,2,surface,757,365.8222241401341,371.4103099368914,484.22439157637774,0.002642007926023778,1.0,3689.6226306850044,0.0,"{""buoy"": 1.0}"
leogap,leo_gap_min,120,2,statopt,757,95.20552512911419,92.18494045003027,166.42530283217891,0.4821664464993395,1.0,2290.5827514625294,0.0,"{""cloud"": 0.6328, ""seabed"": 0.3672}"
leogap,leo_gap_min,120,2,cacgr,757,94.78142378419265,91.75061643563677,166.23604128108124,0.4861294583883752,1.0,261.4015474617853,0.0,"{""seabed"": 0.8613, ""auv"": 0.1321, ""sat"": 0.004, ""uav"": 0.0026}"
leogap,leo_gap_min,120,3,cloud,758,605.5731767876036,627.563700722906,780.0655004124072,0.0,1.0,9.600000000007029,0.0,"{""cloud"": 1.0}"
leogap,leo_gap_min,120,3,sensor,758,96.57503261491796,89.07640877234408,175.5818490216783,0.5052770448548812,1.0,252.320392009013,0.0,"{""seabed"": 1.0}"
leogap,leo_gap_min,120,3,surface,758,233.23022456895103,235.12655881149632,348.82760179920774,0.025065963060686015,1.0,3654.5074044477374,0.0,"{""buoy"": 1.0}"
leogap,leo_gap_min,120,3,statopt,758,232.4844276866062,234.4943637615835,348.8294301992076,0.025065963060686015,1.0,3654.5074044477374,0.0,"{""cloud"": 1.0}"
leogap,leo_gap_min,120,3,cacgr,758,95.01449321493298,87.21327612696223,172.5106472151843,0.5184696569920845,1.0,252.42576705613016,0.0,"{""seabed"": 0.8351, ""auv"": 0.1517, ""sat"": 0.0106, ""uav"": 0.0026}"
leogap,leo_gap_min,120,4,cloud,790,710.8600081911268,717.460283302874,939.8343810276448,0.0,1.0,9.600000000003964,0.0,"{""cloud"": 1.0}"
leogap,leo_gap_min,120,4,sensor,790,96.10124921169027,93.35599930752224,178.31875536032547,0.47848101265822784,1.0,268.77215189872175,0.0,"{""seabed"": 1.0}"
leogap,leo_gap_min,120,4,surface,790,333.2888270176193,334.3051055663784,473.52525211747985,0.005063291139240506,1.0,3539.194473779348,0.0,"{""buoy"": 1.0}"
leogap,leo_gap_min,120,4,statopt,790,244.98196901466824,237.63008389505472,374.53405056806685,0.008860759493670886,1.0,3491.445555732332,0.0,"{""cloud"": 0.8848, ""seabed"": 0.1152}"
leogap,leo_gap_min,120,4,cacgr,790,95.8846633931332,92.76030960293694,178.31875536032547,0.4810126582278481,1.0,250.63947631101806,0.0,"{""seabed"": 0.8899, ""auv"": 0.1063, ""uav"": 0.0025, ""sat"": 0.0013}"
leogap,leo_gap_min,120,5,cloud,763,783.926416654694,785.8579111221952,937.7030011369272,0.0,1.0,9.600000000006274,0.0,"{""cloud"": 1.0}"
leogap,leo_gap_min,120,5,sensor,763,100.50302842819771,96.64838240770041,175.9277665483782,0.45609436435124506,1.0,287.89215502712926,0.0,"{""seabed"": 1.0}"
leogap,leo_gap_min,120,5,surface,763,338.0715239832016,334.75162482830603,519.8878854022271,0.0,1.0,3705.556673282119,0.0,"{""buoy"": 1.0}"
leogap,leo_gap_min,120,5,statopt,763,144.03368794674358,140.1695330745332,226.18272146174803,0.1363040629095675,1.0,3500.897351057813,0.0,"{""cloud"": 0.8506, ""seabed"": 0.1494}"
leogap,leo_gap_min,120,5,cacgr,763,99.6268714046067,95.24660416597277,174.85991295432544,0.46526867627785057,1.0,270.4563280284434,0.0,"{""seabed"": 0.8322, ""auv"": 0.1586, ""sat"": 0.0066, ""uav"": 0.0026}"
leogap,leo_gap_min,120,6,cloud,729,616.2256240688289,629.5427733827286,813.2137756465611,0.0,1.0,9.600000000008261,0.0,"{""cloud"": 1.0}"
leogap,leo_gap_min,120,6,sensor,729,98.48563660745644,93.65549299331227,173.01497270357282,0.46364883401920437,1.0,266.7658240250655,0.0,"{""seabed"": 1.0}"
leogap,leo_gap_min,120,6,surface,729,313.3213122101528,323.99434513072435,432.1622284325826,0.006858710562414266,1.0,3780.267679404232,0.0,"{""buoy"": 1.0}"
leogap,leo_gap_min,120,6,statopt,729,208.44494167055038,213.07560418151647,304.431236708594,0.019204389574759947,1.0,3783.2462322554925,0.0,"{""cloud"": 0.8985, ""seabed"": 0.1015}"
leogap,leo_gap_min,120,6,cacgr,729,97.34316243719368,91.62996816295976,171.67601171605614,0.47599451303155005,1.0,252.01874975502773,0.0,"{""seabed"": 0.8395, ""auv"": 0.1509, ""sat"": 0.0069, ""uav"": 0.0027}"
leogap,leo_gap_min,120,7,cloud,757,700.6993288846417,717.2369409765456,852.117017757707,0.0,1.0,9.600000000007762,0.0,"{""cloud"": 1.0}"
leogap,leo_gap_min,120,7,sensor,757,98.3222274964772,92.98601663657043,178.78208088603853,0.4808454425363276,1.0,266.49330062274504,0.0,"{""seabed"": 1.0}"
leogap,leo_gap_min,120,7,surface,757,313.9505614871152,320.3707663458708,431.926753116547,0.009247027741083224,1.0,3580.1304789582528,0.0,"{""buoy"": 1.0}"
leogap,leo_gap_min,120,7,statopt,757,225.0659914468369,225.5078208158814,313.53135380850625,0.019815059445178335,1.0,3532.182149990523,0.0,"{""cloud"": 0.86, ""seabed"": 0.14}"
leogap,leo_gap_min,120,7,cacgr,757,97.11648760874162,91.03810128070788,178.78208088603853,0.49273447820343463,1.0,243.23693074163685,0.0,"{""seabed"": 0.8388, ""auv"": 0.1546, ""sat"": 0.0066}"
leogap,leo_gap_min,120,8,cloud,772,543.128955295001,544.0484593737161,794.8865481640104,0.0,1.0,9.600000000006183,0.0,"{""cloud"": 1.0}"
leogap,leo_gap_min,120,8,sensor,772,94.0164254260938,89.34829446618193,180.24881371148032,0.5064766839378239,1.0,279.7202072538606,0.0,"{""seabed"": 1.0}"
leogap,leo_gap_min,120,8,surface,772,348.8088341421344,351.1566302207679,477.61778965888436,0.009067357512953367,1.0,3625.359928941482,0.0,"{""buoy"": 1.0}"
leogap,leo_gap_min,120,8,statopt,772,115.95183899023287,110.79958018862453,208.59862071985108,0.33031088082901555,1.0,3306.960284233854,0.0,"{""cloud"": 0.8705, ""seabed"": 0.1295}"
leogap,leo_gap_min,120,8,cacgr,772,92.73235402753724,87.86800590873827,179.99636679413337,0.5181347150259067,1.0,258.8754285714049,0.0,"{""seabed"": 0.8187, ""auv"": 0.171, ""sat"": 0.0091, ""uav"": 0.0013}"
leogap,leo_gap_min,120,9,cloud,819,845.8037953056104,859.9133755851898,1016.5044610033051,0.0,1.0,9.600000000006688,0.0,"{""cloud"": 1.0}"
leogap,leo_gap_min,120,9,sensor,819,98.38923736081243,95.69528871813758,171.0127381754557,0.4432234432234432,1.0,269.5911390196926,0.0,"{""seabed"": 1.0}"
leogap,leo_gap_min,120,9,surface,819,352.71236381389116,366.57766749307194,482.5134004947213,0.009768009768009768,1.0,3504.621583115251,0.0,"{""buoy"": 1.0}"
leogap,leo_gap_min,120,9,statopt,819,102.60824749385289,100.30211708192122,175.1621464980233,0.4078144078144078,1.0,2634.4786324785982,0.0,"{""cloud"": 0.7497, ""seabed"": 0.2503}"
leogap,leo_gap_min,120,9,cacgr,819,97.3308663671201,94.5781213783214,169.29267648201403,0.4517704517704518,1.0,247.50339159251993,0.0,"{""seabed"": 0.823, ""auv"": 0.1685, ""sat"": 0.0073, ""uav"": 0.0012}"
leogap,leo_gap_min,120,10,cloud,786,776.8323748255791,801.2134731094934,949.6194085700402,0.0,1.0,9.600000000004725,0.0,"{""cloud"": 1.0}"
leogap,leo_gap_min,120,10,sensor,786,96.10980135080526,90.42404303443426,171.4558901337475,0.4961832061068702,1.0,279.1537622682638,0.0,"{""seabed"": 1.0}"
leogap,leo_gap_min,120,10,surface,786,358.6713300931095,365.27835409455696,506.20949655765594,0.008905852417302799,1.0,3604.4651748454826,0.0,"{""buoy"": 1.0}"
leogap,leo_gap_min,120,10,statopt,786,95.35918817200627,89.56481318152449,170.98213432657596,0.5012722646310432,1.0,1886.6964740094372,0.0,"{""cloud"": 0.6132, ""seabed"": 0.3868}"
leogap,leo_gap_min,120,10,cacgr,786,94.95136098339513,88.65571363311628,171.1545282805556,0.5063613231552163,1.0,259.89214103961785,0.0,"{""seabed"": 0.8384, ""auv"": 0.1527, ""sat"": 0.0076, ""uav"": 0.0013}"
leogap,leo_gap_min,120,11,cloud,770,780.3487421237197,783.3741684318534,933.5155696021968,0.0,1.0,9.600000000005995,0.0,"{""cloud"": 1.0}"
leogap,leo_gap_min,120,11,sensor,770,97.32690825269972,92.22956031140588,169.4892564137035,0.4779220779220779,1.0,295.6456400742069,0.0,"{""seabed"": 1.0}"
leogap,leo_gap_min,120,11,surface,770,378.96511620449536,379.06232465824735,511.2258916178846,0.0,1.0,3601.4239525046087,0.0,"{""buoy"": 1.0}"
leogap,leo_gap_min,120,11,statopt,770,145.2015839681803,142.90242430575412,233.12773585787218,0.16623376623376623,1.0,3308.456413209621,0.0,"{""cloud"": 0.7442, ""seabed"": 0.2558}"
leogap,leo_gap_min,120,11,cacgr,770,95.99312329282448,90.76129886083656,169.0533014840647,0.4896103896103896,1.0,292.53453951762015,0.0,"{""seabed"": 0.8766, ""auv"": 0.1117, ""sat"": 0.0091, ""uav"": 0.0026}"
leogap,leo_gap_min,120,12,cloud,792,898.5405330899259,899.8206071128454,1095.9221793281083,0.0,1.0,9.600000000006,0.0,"{""cloud"": 1.0}"
leogap,leo_gap_min,120,12,sensor,792,107.53429268896835,102.55716158961938,189.07334952719984,0.398989898989899,1.0,259.1338383838163,0.0,"{""seabed"": 1.0}"
leogap,leo_gap_min,120,12,surface,792,323.6377074909717,338.90666813401486,449.7033093927224,0.01893939393939394,1.0,3533.8066378065864,0.0,"{""buoy"": 1.0}"
leogap,leo_gap_min,120,12,statopt,792,150.7539227279186,145.3479924678441,257.96940334086474,0.17676767676767677,1.0,3224.945177489133,0.0,"{""cloud"": 0.8801, ""seabed"": 0.1199}"
leogap,leo_gap_min,120,12,cacgr,792,106.18600765057951,101.058037463302,188.25006191036067,0.4090909090909091,1.0,230.4715382395199,0.0,"{""seabed"": 0.7803, ""auv"": 0.2096, ""sat"": 0.0101}"
leogap,leo_gap_min,120,13,cloud,769,786.1814174941712,793.5971999475136,942.0381403860705,0.0,1.0,9.600000000004503,0.0,"{""cloud"": 1.0}"
leogap,leo_gap_min,120,13,sensor,769,96.25255657714087,93.14133942596915,159.44226851508276,0.4564369310793238,1.0,246.53836150841536,0.0,"{""seabed"": 1.0}"
leogap,leo_gap_min,120,13,surface,769,155.7822416066036,153.30762009363534,254.31888555865902,0.11443433029908973,1.0,3509.344407207817,0.0,"{""buoy"": 1.0}"
leogap,leo_gap_min,120,13,statopt,769,154.65481204261417,152.28195094152534,252.91114305025604,0.11963589076723016,1.0,3509.344407207817,0.0,"{""cloud"": 1.0}"
leogap,leo_gap_min,120,13,cacgr,769,94.84022531762774,91.9191204258504,158.67611862154612,0.4694408322496749,1.0,236.3985108675126,0.0,"{""seabed"": 0.8362, ""auv"": 0.1534, ""sat"": 0.0091, ""uav"": 0.0013}"
leogap,leo_gap_min,120,14,cloud,750,646.5680742507665,679.6656268271603,830.5309316237027,0.0,1.0,9.600000000005632,0.0,"{""cloud"": 1.0}"
leogap,leo_gap_min,120,14,sensor,750,97.98043855673876,92.25455978263575,172.86686148732537,0.47333333333333333,1.0,259.8095238095044,0.0,"{""seabed"": 1.0}"
leogap,leo_gap_min,120,14,surface,750,297.418442702583,301.9230902119216,434.9640102233777,0.016,1.0,3640.1756220951925,0.0,"{""buoy"": 1.0}"
leogap,leo_gap_min,120,14,statopt,750,120.17224365978915,116.82647883589624,208.82489332973162,0.30133333333333334,1.0,3311.2571428571023,0.0,"{""cloud"": 0.8813, ""seabed"": 0.1187}"
leogap,leo_gap_min,120,14,cacgr,750,96.94432514542554,91.49499172513539,172.1045444664636,0.48,1.0,252.51991466665004,0.0,"{""seabed"": 0.8507, ""auv"": 0.1387, ""sat"": 0.0093, ""uav"": 0.0013}"
leogap,leo_gap_min,120,15,cloud,770,609.2626075944438,628.3314887569378,809.7442923584792,0.0,1.0,9.600000000004483,0.0,"{""cloud"": 1.0}"
leogap,leo_gap_min,120,15,sensor,770,100.421524694461,97.3391303289665,184.72587820852587,0.45064935064935063,1.0,254.96846011128886,0.0,"{""seabed"": 1.0}"
leogap,leo_gap_min,120,15,surface,770,250.0903677656121,251.93179620678754,374.2109107878323,0.023376623376623377,1.0,3560.4909298700773,0.0,"{""buoy"": 1.0}"
leogap,leo_gap_min,120,15,statopt,770,249.52272720991746,251.6895460257069,374.214624654499,0.024675324675324677,1.0,3560.4909298700773,0.0,"{""cloud"": 1.0}"
leogap,leo_gap_min,120,15,cacgr,770,98.52441165642499,94.48591502605944,181.50872840189297,0.4662337662337662,1.0,259.35990204078854,0.0,"{""seabed"": 0.8299, ""auv"": 0.1545, ""sat"": 0.0104, ""uav"": 0.0052}"
leogap,leo_gap_min,120,16,cloud,748,638.136438268923,653.6938386866689,823.819666304602,0.0,1.0,9.600000000006327,0.0,"{""cloud"": 1.0}"
leogap,leo_gap_min,120,16,sensor,748,97.27081949937322,95.58331038836992,173.66709973240677,0.4625668449197861,1.0,247.64553093960936,0.0,"{""seabed"": 1.0}"
leogap,leo_gap_min,120,16,surface,748,150.44653408892526,146.1988926368768,241.333986306853,0.1163101604278075,1.0,3638.365689839508,0.0,"{""buoy"": 1.0}"
leogap,leo_gap_min,120,16,statopt,748,149.6361909684497,145.22756233327758,240.1692303435948,0.11898395721925134,1.0,3638.365689839508,0.0,"{""cloud"": 1.0}"
leogap,leo_gap_min,120,16,cacgr,748,96.67308103657658,94.97834651740862,173.66709973240677,0.46657754010695185,1.0,230.33936745603927,0.0,"{""seabed"": 0.8516, ""auv"": 0.1417, ""sat"": 0.0053, ""uav"": 0.0013}"
leogap,leo_gap_min,120,17,cloud,733,694.7134892669993,707.0403388999264,855.4511376572597,0.0,1.0,9.60000000000642,0.0,"{""cloud"": 1.0}"
leogap,leo_gap_min,120,17,sensor,733,91.9191493618465,88.35900888320879,166.29457770872463,0.514324693042292,1.0,299.93412590140053,0.0,"{""seabed"": 1.0}"
leogap,leo_gap_min,120,17,surface,733,379.6394226533799,375.3562493139039,543.6195337498691,0.0,1.0,3974.1134125901185,0.0,"{""buoy"": 1.0}"
leogap,leo_gap_min,120,17,statopt,733,94.80038012069816,93.03145174568911,166.661442080729,0.47885402455661663,1.0,2286.311050477494,0.0,"{""seabed"": 0.5007, ""cloud"": 0.4993}"
leogap,leo_gap_min,120,17,cacgr,733,91.25618094223434,87.40134586963372,165.10540306712664,0.519781718963165,1.0,275.4765246540769,0.0,"{""seabed"": 0.8636, ""auv"": 0.131, ""sat"": 0.0055}"
leogap,leo_gap_min,120,18,cloud,782,699.3079917194059,713.6571573021645,854.6199672546619,0.0,1.0,9.600000000006132,0.0,"{""cloud"": 1.0}"
leogap,leo_gap_min,120,18,sensor,782,96.55465012064727,91.43450501009629,173.0126210818988,0.4833759590792839,1.0,242.23565948114083,0.0,"{""seabed"": 1.0}"
leogap,leo_gap_min,120,18,surface,782,127.52699978519954,125.47713566733225,218.7823322900913,0.2672634271099744,1.0,3184.3198421628886,0.0,"{""buoy"": 1.0}"
leogap,leo_gap_min,120,18,statopt,782,127.12273239603981,125.35168889533331,218.7850138900912,0.26982097186700765,1.0,3184.3198421628886,0.0,"{""cloud"": 1.0}"
leogap,leo_gap_min,120,18,cacgr,782,94.73354555881754,90.15084585507502,171.05979202840166,0.49744245524296676,1.0,248.83881622210455,0.0,"{""seabed"": 0.8453, ""auv"": 0.1407, ""sat"": 0.0141}"
leogap,leo_gap_min,120,19,cloud,753,766.7417798613509,786.6381550719129,921.976469351713,0.0,1.0,9.600000000007444,0.0,"{""cloud"": 1.0}"
leogap,leo_gap_min,120,19,sensor,753,97.53341849742858,93.985906398779,178.96247900804238,0.4674634794156706,1.0,309.3800037943556,0.0,"{""seabed"": 1.0}"
leogap,leo_gap_min,120,19,surface,753,407.7387203817119,423.11493515689705,558.62732403523,0.0,1.0,3633.394531587915,0.0,"{""buoy"": 1.0}"
leogap,leo_gap_min,120,19,statopt,753,99.33838997221696,95.63779664040412,180.032040916297,0.44754316069057104,1.0,2034.8210965661146,0.0,"{""cloud"": 0.5153, ""seabed"": 0.4847}"
leogap,leo_gap_min,120,19,cacgr,753,96.83195562417795,93.55236760912642,178.20789112803644,0.47277556440903057,1.0,274.08737620945215,0.0,"{""seabed"": 0.8353, ""auv"": 0.1594, ""sat"": 0.0053}"
leogap,leo_gap_min,120,20,cloud,812,752.2218374143823,766.1159421507948,938.9362099720482,0.0,1.0,9.600000000007316,0.0,"{""cloud"": 1.0}"
leogap,leo_gap_min,120,20,sensor,812,90.80321263636898,87.24150157928561,160.64428365163985,0.5332512315270936,1.0,294.8483462350384,0.0,"{""seabed"": 1.0}"
leogap,leo_gap_min,120,20,surface,812,404.20592393005944,411.04663346591616,551.8415666689372,0.0049261083743842365,1.0,3425.834482758592,0.0,"{""buoy"": 1.0}"
leogap,leo_gap_min,120,20,statopt,812,151.1048803045927,149.43057701991546,227.44729893807627,0.10714285714285714,1.0,3261.2193505981436,0.0,"{""cloud"": 0.7463, ""seabed"": 0.2537}"
leogap,leo_gap_min,120,20,cacgr,812,89.68121285858687,85.99289049948032,160.406148257407,0.5443349753694581,1.0,292.8403490499584,0.0,"{""seabed"": 0.8818, ""auv"": 0.1084, ""sat"": 0.0086, ""uav"": 0.0012}"
leogap,leo_gap_min,120,21,cloud,770,843.0449571530776,854.8449643699219,1037.1536380383602,0.0,1.0,9.600000000005952,0.0,"{""cloud"": 1.0}"
leogap,leo_gap_min,120,21,sensor,770,95.45549637269205,88.81551265099928,173.5981289966184,0.5064935064935064,1.0,279.1799628942457,0.0,"{""seabed"": 1.0}"
leogap,leo_gap_min,120,21,surface,770,358.5781229676285,363.1403672830148,494.4587559292593,0.007792207792207792,1.0,3731.265656400709,0.0,"{""buoy"": 1.0}"
leogap,leo_gap_min,120,21,statopt,770,121.80379906388904,114.58036593313652,216.16117363139804,0.3038961038961039,1.0,3196.0259802597157,0.0,"{""cloud"": 0.7312, ""seabed"": 0.2688}"
leogap,leo_gap_min,120,21,cacgr,770,94.6675747047317,88.49303953452697,172.39607735357987,0.512987012987013,1.0,247.93103079777111,0.0,"{""seabed"": 0.8156, ""auv"": 0.1779, ""sat"": 0.0065}"
leogap,leo_gap_min,120,22,cloud,813,669.782978113982,674.4996896654964,909.3288396988139,0.0,1.0,9.60000000000813,0.0,"{""cloud"": 1.0}"
leogap,leo_gap_min,120,22,sensor,813,103.87156502545918,100.52591659501438,180.23958086442227,0.4231242312423124,1.0,287.26620980494175,0.0,"{""seabed"": 1.0}"
leogap,leo_gap_min,120,22,surface,813,404.42053306956984,404.6613518102075,583.4139544558275,0.004920049200492005,1.0,3555.1181950447713,0.0,"{""buoy"": 1.0}"
leogap,leo_gap_min,120,22,statopt,813,131.6260895247104,131.66919905466662,215.40006729393033,0.23739237392373924,1.0,2983.2696144789697,0.0,"{""cloud"": 0.7651, ""seabed"": 0.2349}"
leogap,leo_gap_min,120,22,cacgr,813,102.75802243873339,99.70278025130743,178.02034107446335,0.43050430504305043,1.0,252.85467439816014,0.0,"{""seabed"": 0.8032, ""auv"": 0.1894, ""sat"": 0.0062, ""uav"": 0.0012}"
leogap,leo_gap_min,120,23,cloud,784,825.9305089965699,834.9095338983402,992.0005847132908,0.0,1.0,9.600000000007626,0.0,"{""cloud"": 1.0}"
leogap,leo_gap_min,120,23,sensor,784,105.71286161808395,96.72458752447386,195.6497467437306,0.4362244897959184,1.0,273.92966472302436,0.0,"{""seabed"": 1.0}"
leogap,leo_gap_min,120,23,surface,784,362.12725078185383,369.3331013005622,513.3454648505763,0.007653061224489796,1.0,3569.9013177842194,0.0,"{""buoy"": 1.0}"
leogap,leo_gap_min,120,23,statopt,784,114.0627699001925,104.42988620015906,204.88022012967093,0.38010204081632654,1.0,2914.2448979591563,0.0,"{""cloud"": 0.7436, ""seabed"": 0.2564}"
leogap,leo_gap_min,120,23,cacgr,784,104.48329173322108,96.04999584414297,194.72957565854023,0.4451530612244898,1.0,249.00489795918006,0.0,"{""seabed"": 0.8202, ""auv"": 0.1722, ""sat"": 0.0077}"
leogap,leo_gap_min,120,24,cloud,813,721.1461416285067,736.7102529088571,892.8999953352707,0.0,1.0,9.600000000007594,0.0,"{""cloud"": 1.0}"
leogap,leo_gap_min,120,24,sensor,813,102.60741578374787,99.18698717290414,182.25061099554662,0.43296432964329645,1.0,242.28290282898672,0.0,"{""seabed"": 1.0}"
leogap,leo_gap_min,120,24,surface,813,149.50341379509553,146.98315190718228,237.71393840131512,0.13776137761377613,1.0,3189.492796345044,0.0,"{""buoy"": 1.0}"
leogap,leo_gap_min,120,24,statopt,813,149.15797696246227,146.74540316154744,237.55047369921647,0.13776137761377613,1.0,3189.492796345044,0.0,"{""cloud"": 1.0}"
leogap,leo_gap_min,120,24,cacgr,813,101.18455836625358,98.54371790904115,179.3981884321849,0.4440344403444034,1.0,230.81544333153803,0.0,"{""seabed"": 0.8352, ""auv"": 0.155, ""sat"": 0.0098}"
leogap,leo_gap_min,120,25,cloud,675,788.3599084828741,808.4923727080968,934.1971102210094,0.0,1.0,9.60000000000538,0.0,"{""cloud"": 1.0}"
leogap,leo_gap_min,120,25,sensor,675,99.10867235794016,95.42752203080914,172.4067254382897,0.4666666666666667,1.0,273.16402116401025,0.0,"{""seabed"": 1.0}"
leogap,leo_gap_min,120,25,surface,675,339.1672529568939,348.29985846232495,467.56088008542224,0.02074074074074074,1.0,4302.61329608461,0.0,"{""buoy"": 1.0}"
leogap,leo_gap_min,120,25,statopt,675,230.7758258608828,238.89347049932863,336.73321617251094,0.035555555555555556,1.0,4094.7956412274666,0.0,"{""cloud"": 0.8726, ""seabed"": 0.1274}"
leogap,leo_gap_min,120,25,cacgr,675,97.88053288669654,93.9962684447802,171.94669774680136,0.47555555555555556,1.0,261.6585278306737,0.0,"{""seabed"": 0.8607, ""auv"": 0.1304, ""sat"": 0.0074, ""uav"": 0.0015}"
leogap,leo_gap_min,120,26,cloud,842,541.5127769143722,543.3811402292612,765.3331993818495,0.0,1.0,9.60000000000948,0.0,"{""cloud"": 1.0}"
leogap,leo_gap_min,120,26,sensor,842,99.7269876086955,99.19045780972486,171.23690368389774,0.4323040380047506,1.0,288.91041737358177,0.0,"{""seabed"": 1.0}"
leogap,leo_gap_min,120,26,surface,842,372.68726472412624,375.5210688007532,517.6268112388804,0.0,1.0,3307.237499830302,0.0,"{""buoy"": 1.0}"
leogap,leo_gap_min,120,26,statopt,842,283.19073662612556,290.84402558261996,392.0055580324042,0.011876484560570071,1.0,3328.9259860196394,0.0,"{""cloud"": 0.8705, ""seabed"": 0.1295}"
leogap,leo_gap_min,120,26,cacgr,842,98.85007660925876,97.70651401284498,169.18848880992562,0.43942992874109266,1.0,247.0518249066681,0.0,"{""seabed"": 0.8029, ""auv"": 0.1924, ""sat"": 0.0048}"
leogap,leo_gap_min,120,27,cloud,753,604.4175602698638,609.6532651890469,816.3429499708847,0.0,1.0,9.600000000009588,0.0,"{""cloud"": 1.0}"
leogap,leo_gap_min,120,27,sensor,753,94.15919382236068,89.0760443711155,169.23812546100768,0.5086321381142098,1.0,280.82754695503576,0.0,"{""seabed"": 1.0}"
leogap,leo_gap_min,120,27,surface,753,367.35157953894054,373.98420477047426,532.4522360010609,0.005312084993359893,1.0,3625.746173401602,0.0,"{""buoy"": 1.0}"
leogap,leo_gap_min,120,27,statopt,753,198.9403159822013,200.4043907478544,296.24089455071584,0.0199203187250996,1.0,3604.620680705723,0.0,"{""cloud"": 0.7596, ""seabed"": 0.2404}"
leogap,leo_gap_min,120,27,cacgr,753,92.83750715655984,87.78885242361575,169.03630670797227,0.5219123505976095,1.0,259.9464997154233,0.0,"{""seabed"": 0.826, ""auv"": 0.166, ""sat"": 0.008}"
leogap,leo_gap_min,120,28,cloud,756,662.1307574368341,682.599076426661,858.5703870283327,0.0,1.0,9.600000000006665,0.0,"{""cloud"": 1.0}"
leogap,leo_gap_min,120,28,sensor,756,100.07624307600469,94.785456363379,184.48276718188896,0.46296296296296297,1.0,267.5234315948462,0.0,"{""seabed"": 1.0}"
leogap,leo_gap_min,120,28,surface,756,316.88440974564026,313.5018255566263,489.3940319866399,0.0026455026455026454,1.0,3713.362854119387,0.0,"{""buoy"": 1.0}"
leogap,leo_gap_min,120,28,statopt,756,103.52668717952182,98.69040002974003,189.67283192310654,0.43386243386243384,1.0,2619.08238851093,0.0,"{""cloud"": 0.7632, ""seabed"": 0.2368}"
leogap,leo_gap_min,120,28,cacgr,756,98.0853574973549,93.06753004725985,182.17142822548013,0.4801587301587302,1.0,265.98224943309395,0.0,"{""seabed"": 0.8148, ""auv"": 0.1693, ""sat"": 0.0119, ""uav"": 0.004}"
leogap,leo_gap_min,120,29,cloud,782,741.5669451766731,756.5954470362892,900.9141261433696,0.0,1.0,9.6000000000075,0.0,"{""cloud"": 1.0}"
leogap,leo_gap_min,120,29,sensor,782,94.86248550574777,84.24231473913599,187.24885163562033,0.551150895140665,1.0,292.19912312752354,0.0,"{""seabed"": 1.0}"
leogap,leo_gap_min,120,29,surface,782,372.6277903721621,379.0672985897962,516.8851096366462,0.008951406649616368,1.0,3524.2832356594595,0.0,"{""buoy"": 1.0}"
leogap,leo_gap_min,120,29,statopt,782,117.01541504834815,105.72845781808161,214.6484467093536,0.3772378516624041,1.0,3050.154914139564,0.0,"{""cloud"": 0.624, ""seabed"": 0.376}"
leogap,leo_gap_min,120,29,cacgr,782,94.43493521264115,82.99853778092789,187.24885163562033,0.5562659846547314,1.0,251.36443989770814,0.0,"{""seabed"": 0.8197, ""auv"": 0.1765, ""sat"": 0.0038}"
