sweep,param,value,seed,policy,n,mean_min,p50_min,p95_min,on_time,delivered,energy_j,replans,b_where
miss,p_miss,0.0,0,cloud,764,629.336691983321,643.4511212429838,775.3538275438713,0.0,1.0,9.60000000000571,0.0,"{""cloud"": 1.0}"
miss,p_miss,0.0,0,sensor,764,53.63382930175517,53.72025850305696,79.77030372892709,0.9869109947643979,1.0,285.11518324607835,0.0,"{""seabed"": 1.0}"
miss,p_miss,0.0,0,surface,764,307.08009191484,314.00889750225457,422.8795871241856,0.01832460732984293,1.0,3629.669564697053,0.0,"{""buoy"": 1.0}"
miss,p_miss,0.0,0,statopt,764,58.25570630889461,58.370806876287475,91.43948658839882,0.943717277486911,1.0,2675.448017950626,0.0,"{""cloud"": 0.6414, ""seabed"": 0.3586}"
miss,p_miss,0.0,0,cacgr,764,52.892316689366616,53.56344677763785,78.81289326805603,0.9908376963350786,1.0,304.54461331339166,0.0,"{""seabed"": 0.9084, ""auv"": 0.0772, ""sat"": 0.0144}"
miss,p_miss,0.0,1,cloud,727,527.4115101520973,530.117495998639,713.5356985108822,0.0,1.0,9.600000000007828,0.0,"{""cloud"": 1.0}"
miss,p_miss,0.0,1,sensor,727,50.16068107115189,49.176568081276976,78.97720976126041,0.9931224209078404,1.0,273.91982707800565,0.0,"{""seabed"": 1.0}"
miss,p_miss,0.0,1,surface,727,254.80936735177207,258.5882292604302,377.95698375531424,0.03576341127922971,1.0,3857.4863147965875,0.0,"{""buoy"": 1.0}"
miss,p_miss,0.0,1,statopt,727,59.09676317528139,57.960736518458965,91.51567216509511,0.9422283356258597,1.0,2896.243011986616,0.0,"{""cloud"": 0.7428, ""seabed"": 0.2572}"
miss,p_miss,0.0,1,cacgr,727,49.836538164939114,48.970674795625385,77.160516354314,0.9944979367262724,1.0,278.80301198663204,0.0,"{""seabed"": 0.9147, ""auv"": 0.077, ""sat"": 0.0083}"
miss,p_miss,0.0,2,cloud,757,667.9238359253239,660.1702646916723,807.9665756745648,0.0,1.0,9.600000000003769,0.0,"{""cloud"": 1.0}"
miss,p_miss,0.0,2,sensor,757,52.04819041156683,51.82185200432317,80.92351211419047,0.9907529722589168,1.0,281.4961313455384,0.0,"{""seabed"": 1.0}"
miss,p_miss,0.0,2,surface,757,331.8205237352244,338.9837840109175,441.15628997571974,0.003963011889035667,1.0,3689.6226306850044,0.0,"{""buoy"": 1.0}"
miss,p_miss,0.0,2,statopt,757,53.03401425898621,52.77832014336563,82.00036519672014,0.9841479524438573,1.0,2290.5827514625294,0.0,"{""cloud"": 0.6328, ""seabed"": 0.3672}"
miss,p_miss,0.0,2,cacgr,757,51.50618958071001,51.688283912325524,79.7049806044443,0.9933949801849405,1.0,287.40939799962325,0.0,"{""seabed"": 0.9247, ""auv"": 0.0661, ""sat"": 0.0079, ""uav"": 0.0013}"
miss,p_miss,0.0,3,cloud,758,562.2790360217656,599.9538018876563,693.9464154424596,0.0,1.0,9.600000000007029,0.0,"{""cloud"": 1.0}"
miss,p_miss,0.0,3,sensor,758,52.386689531261645,52.58714533517876,79.5697592666785,0.9894459102902374,1.0,252.320392009013,0.0,"{""seabed"": 1.0}"
miss,p_miss,0.0,3,surface,758,190.0584604916073,186.35592895758737,288.05535497874394,0.06464379947229551,1.0,3654.5074044477374,0.0,"{""buoy"": 1.0}"
miss,p_miss,0.0,3,statopt,758,189.2382483312349,186.14881982284177,287.0869860047221,0.06728232189973615,1.0,3654.5074044477374,0.0,"{""cloud"": 1.0}"
miss,p_miss,0.0,3,cacgr,758,51.756770151998694,52.35946736748195,78.64073283726057,0.9934036939313984,1.0,269.8607885412421,0.0,"{""seabed"": 0.9024, ""auv"": 0.0831, ""sat"": 0.0145}"
miss,p_miss,0.0,4,cloud,790,622.203682889514,620.2105514490611,768.2859051703614,0.0,1.0,9.600000000003964,0.0,"{""cloud"": 1.0}"
miss,p_miss,0.0,4,sensor,790,50.2464863144051,49.52221985419455,79.50667766401736,0.9860759493670886,1.0,268.77215189872175,0.0,"{""seabed"": 1.0}"
miss,p_miss,0.0,4,surface,790,280.9075177822951,291.3618850966442,370.03668903073105,0.013924050632911392,1.0,3539.194473779348,0.0,"{""buoy"": 1.0}"
miss,p_miss,0.0,4,statopt,790,196.07216619351973,200.26027732293974,267.9431294798226,0.04556962025316456,1.0,3491.445555732332,0.0,"{""cloud"": 0.8848, ""seabed"": 0.1152}"
miss,p_miss,0.0,4,cacgr,790,49.92109533858918,49.42058274639024,77.72868823596488,0.9873417721518988,1.0,299.20293989148803,0.0,"{""seabed"": 0.9228, ""auv"": 0.062, ""sat"": 0.0152}"
miss,p_miss,0.0,5,cloud,763,610.6704987251568,626.862786218375,703.4659513391309,0.0,1.0,9.600000000006274,0.0,"{""cloud"": 1.0}"
miss,p_miss,0.0,5,sensor,763,52.923441598285756,52.43244369196643,80.14742503072179,0.9803407601572739,1.0,287.89215502712926,0.0,"{""seabed"": 1.0}"
miss,p_miss,0.0,5,surface,763,276.7019721856612,268.036991053751,423.6304952458878,0.019659239842726082,1.0,3705.556673282119,0.0,"{""buoy"": 1.0}"
miss,p_miss,0.0,5,statopt,763,99.16169776741744,100.28747613412415,143.18279945531296,0.3722149410222805,1.0,3500.897351057813,0.0,"{""cloud"": 0.8506, ""seabed"": 0.1494}"
miss,p_miss,0.0,5,cacgr,763,52.72588232976696,52.43244369196643,78.83728355045999,0.981651376146789,1.0,277.60844785618764,0.0,"{""seabed"": 0.9096, ""auv"": 0.0852, ""sat"": 0.0052}"
miss,p_miss,0.0,6,cloud,729,586.2409115788183,598.4305083485327,745.9114120506196,0.0,1.0,9.600000000008261,0.0,"{""cloud"": 1.0}"
miss,p_miss,0.0,6,sensor,729,50.44120802065902,49.68787147846936,79.13360659515132,0.99039780521262,1.0,266.7658240250655,0.0,"{""seabed"": 1.0}"
miss,p_miss,0.0,6,surface,729,270.797666753329,274.4962676318634,395.5488808559981,0.02194787379972565,1.0,3780.267679404232,0.0,"{""buoy"": 1.0}"
miss,p_miss,0.0,6,statopt,729,164.6252053173202,156.284577731753,259.45850510438856,0.08093278463648834,1.0,3783.2462322554925,0.0,"{""cloud"": 0.8985, ""seabed"": 0.1015}"
miss,p_miss,0.0,6,cacgr,729,50.18310466864669,49.53704399537116,78.1321085542875,0.99039780521262,1.0,266.67532039974856,0.0,"{""seabed"": 0.8957, ""auv"": 0.096, ""sat"": 0.0069, ""uav"": 0.0014}"
miss,p_miss,0.0,7,cloud,757,621.7230418293867,650.8915001016678,729.7745355350216,0.0,1.0,9.600000000007762,0.0,"{""cloud"": 1.0}"
miss,p_miss,0.0,7,sensor,757,52.15632249115866,51.86782800198077,80.52702908055696,0.9907529722589168,1.0,266.49330062274504,0.0,"{""seabed"": 1.0}"
miss,p_miss,0.0,7,surface,757,267.81367280991407,268.1372787776726,374.4733152902117,0.031704095112285335,1.0,3580.1304789582528,0.0,"{""buoy"": 1.0}"
miss,p_miss,0.0,7,statopt,757,178.9074811985631,186.50939219772263,231.55280708663733,0.03830911492734478,1.0,3532.182149990523,0.0,"{""cloud"": 0.86, ""seabed"": 0.14}"
miss,p_miss,0.0,7,cacgr,757,52.063705536340905,51.8569634924456,80.40473071993924,0.9920739762219286,1.0,263.3110186827584,0.0,"{""seabed"": 0.9273, ""auv"": 0.0674, ""sat"": 0.0053}"
miss,p_miss,0.0,8,cloud,772,537.6285059512867,536.5887135012184,760.943050713984,0.0,1.0,9.600000000006183,0.0,"{""cloud"": 1.0}"
miss,p_miss,0.0,8,sensor,772,49.873757327398984,48.51391018355001,81.97312761838215,0.9831606217616581,1.0,279.7202072538606,0.0,"{""seabed"": 1.0}"
miss,p_miss,0.0,8,surface,772,309.86018170020213,301.6500741672371,436.4059672297121,0.015544041450777202,1.0,3625.359928941482,0.0,"{""buoy"": 1.0}"
miss,p_miss,0.0,8,statopt,772,72.67240878152573,71.46560178690387,116.73903190269746,0.7512953367875648,1.0,3306.960284233854,0.0,"{""cloud"": 0.8705, ""seabed"": 0.1295}"
miss,p_miss,0.0,8,cacgr,772,48.951580761879335,47.91834398565752,78.69199565279759,0.9870466321243523,1.0,307.5142324204058,0.0,"{""seabed"": 0.8834, ""auv"": 0.0959, ""sat"": 0.0207}"
miss,p_miss,0.0,9,cloud,819,690.6218506919237,711.2067745893856,809.5478260985305,0.0,1.0,9.600000000006688,0.0,"{""cloud"": 1.0}"
miss,p_miss,0.0,9,sensor,819,51.183681865249746,50.52515312772072,79.78611056469816,0.9938949938949939,1.0,269.5911390196926,0.0,"{""seabed"": 1.0}"
miss,p_miss,0.0,9,surface,819,311.02110057698263,322.4339110142925,430.40697247554914,0.028083028083028084,1.0,3504.621583115251,0.0,"{""buoy"": 1.0}"
miss,p_miss,0.0,9,statopt,819,55.95846755872854,55.85454746983523,84.79599206739236,0.9682539682539683,1.0,2634.4786324785982,0.0,"{""cloud"": 0.7497, ""seabed"": 0.2503}"
miss,p_miss,0.0,9,cacgr,819,50.43095669435402,49.791143320471264,78.20586184164706,0.9963369963369964,1.0,284.4518095237927,0.0,"{""seabed"": 0.8962, ""auv"": 0.0891, ""sat"": 0.0147}"
miss,p_miss,0.0,10,cloud,786,626.2295017793682,641.6365271622958,754.4856620250342,0.0,1.0,9.600000000004725,0.0,"{""cloud"": 1.0}"
miss,p_miss,0.0,10,sensor,786,50.51947972139986,49.534332010399524,77.17745925305917,0.9949109414758269,1.0,279.1537622682638,0.0,"{""seabed"": 1.0}"
miss,p_miss,0.0,10,surface,786,304.3572264101746,320.19236661970905,420.4500702797654,0.020356234096692113,1.0,3604.4651748454826,0.0,"{""buoy"": 1.0}"
miss,p_miss,0.0,10,statopt,786,50.47298065127073,49.5215640411494,77.17745858639252,0.9961832061068703,1.0,1886.6964740094372,0.0,"{""cloud"": 0.6132, ""seabed"": 0.3868}"
miss,p_miss,0.0,10,cacgr,786,50.025101326429194,49.21835650324436,75.5476677794731,0.9961832061068703,1.0,288.7648302435444,0.0,"{""seabed"": 0.902, ""auv"": 0.0852, ""sat"": 0.0115, ""uav"": 0.0013}"
miss,p_miss,0.0,11,cloud,770,641.5272688519166,644.1019843640593,725.9467114909481,0.0,1.0,9.600000000005995,0.0,"{""cloud"": 1.0}"
miss,p_miss,0.0,11,sensor,770,53.334039357658085,53.539879681957956,80.93240644937448,0.987012987012987,1.0,295.6456400742069,0.0,"{""seabed"": 1.0}"
miss,p_miss,0.0,11,surface,770,325.95764210457526,326.96447569855843,439.0539045281654,0.01948051948051948,1.0,3601.4239525046087,0.0,"{""buoy"": 1.0}"
miss,p_miss,0.0,11,statopt,770,101.11997303344785,99.5723146244986,170.45889046169833,0.42337662337662335,1.0,3308.456413209621,0.0,"{""cloud"": 0.7442, ""seabed"": 0.2558}"
miss,p_miss,0.0,11,cacgr,770,52.712526886905245,53.22298150938077,79.06928338285681,0.990909090909091,1.0,318.4710619666007,0.0,"{""seabed"": 0.9234, ""auv"": 0.0623, ""sat"": 0.0143}"
miss,p_miss,0.0,12,cloud,792,685.0739190344472,694.7728048952807,800.0142496042556,0.0,1.0,9.600000000006,0.0,"{""cloud"": 1.0}"
miss,p_miss,0.0,12,sensor,792,51.40780845580876,50.249017595510786,82.46912516377546,0.9772727272727273,1.0,259.1338383838163,0.0,"{""seabed"": 1.0}"
miss,p_miss,0.0,12,surface,792,270.355262050449,288.53894257444693,375.5977350696029,0.06060606060606061,1.0,3533.8066378065864,0.0,"{""buoy"": 1.0}"
miss,p_miss,0.0,12,statopt,792,94.88279895471534,89.55849440015056,160.5037704418461,0.5050505050505051,1.0,3224.945177489133,0.0,"{""cloud"": 0.8801, ""seabed"": 0.1199}"
miss,p_miss,0.0,12,cacgr,792,50.79164334846958,49.781510561801525,81.08461666376459,0.9810606060606061,1.0,272.10116305914306,0.0,"{""seabed"": 0.8965, ""auv"": 0.0896, ""sat"": 0.0126, ""uav"": 0.0013}"
miss,p_miss,0.0,13,cloud,769,595.5086124036962,613.6455513501753,683.8955795271987,0.0,1.0,9.600000000004503,0.0,"{""cloud"": 1.0}"
miss,p_miss,0.0,13,sensor,769,51.60384703221499,50.56431368494256,79.96405712320008,0.9843953185955787,1.0,246.53836150841536,0.0,"{""seabed"": 1.0}"
miss,p_miss,0.0,13,surface,769,110.26217601513854,102.27719498498242,187.25181599132935,0.3940182054616385,1.0,3509.344407207817,0.0,"{""buoy"": 1.0}"
miss,p_miss,0.0,13,statopt,769,109.51327209600979,101.41114542210295,186.83828054128068,0.40052015604681407,1.0,3509.344407207817,0.0,"{""cloud"": 1.0}"
miss,p_miss,0.0,13,cacgr,769,51.13071428496628,50.3026730037207,77.58844700278148,0.988296488946684,1.0,259.14845431911704,0.0,"{""seabed"": 0.8999, ""auv"": 0.0871, ""sat"": 0.013}"
miss,p_miss,0.0,14,cloud,750,595.9308872645263,617.5912708750116,736.7901141030967,0.0,1.0,9.600000000005632,0.0,"{""cloud"": 1.0}"
miss,p_miss,0.0,14,sensor,750,52.96512689527155,51.75200861320603,83.18845825525203,0.9853333333333333,1.0,259.8095238095044,0.0,"{""seabed"": 1.0}"
miss,p_miss,0.0,14,surface,750,253.32801355522258,263.9876129802934,352.3686805021533,0.030666666666666665,1.0,3640.1756220951925,0.0,"{""buoy"": 1.0}"
miss,p_miss,0.0,14,statopt,750,76.31305542412548,72.75569723883152,119.54349818945573,0.704,1.0,3311.2571428571023,0.0,"{""cloud"": 0.8813, ""seabed"": 0.1187}"
miss,p_miss,0.0,14,cacgr,750,52.65354782691309,51.79031970588906,82.12645173954249,0.988,1.0,269.3565775237917,0.0,"{""seabed"": 0.904, ""auv"": 0.0853, ""sat"": 0.0107}"
miss,p_miss,0.0,15,cloud,770,567.9445978672295,607.2544111405225,702.1696947739157,0.0,1.0,9.600000000004483,0.0,"{""cloud"": 1.0}"
miss,p_miss,0.0,15,sensor,770,52.35004132006013,51.35610989457667,80.9462203557601,0.9922077922077922,1.0,254.96846011128886,0.0,"{""seabed"": 1.0}"
miss,p_miss,0.0,15,surface,770,199.0149475121976,207.06515763446575,276.8266123017941,0.06493506493506493,1.0,3560.4909298700773,0.0,"{""buoy"": 1.0}"
miss,p_miss,0.0,15,statopt,770,196.5912348498052,205.58137590111576,274.3366141590179,0.06493506493506493,1.0,3560.4909298700773,0.0,"{""cloud"": 1.0}"
miss,p_miss,0.0,15,cacgr,770,51.5861148897159,51.148555797861114,78.82812898536592,0.9961038961038962,1.0,281.0954953617537,0.0,"{""seabed"": 0.8974, ""auv"": 0.0844, ""sat"": 0.0182}"
miss,p_miss,0.0,16,cloud,748,596.7902599629119,607.8398373252586,745.0934620957029,0.0,1.0,9.600000000006327,0.0,"{""cloud"": 1.0}"
miss,p_miss,0.0,16,sensor,748,51.91596160718687,52.16315822115224,78.2664645420846,0.9959893048128342,1.0,247.64553093960936,0.0,"{""seabed"": 1.0}"
miss,p_miss,0.0,16,surface,748,104.91508485688396,106.57278956716806,154.86133664054623,0.3315508021390374,1.0,3638.365689839508,0.0,"{""buoy"": 1.0}"
miss,p_miss,0.0,16,statopt,748,104.40447625398454,106.12064050688451,153.74058366546475,0.3355614973262032,1.0,3638.365689839508,0.0,"{""cloud"": 1.0}"
miss,p_miss,0.0,16,cacgr,748,51.47407599735037,52.08095356286594,76.66075252233026,0.9973262032085561,1.0,266.70238961035125,0.0,"{""seabed"": 0.9211, ""auv"": 0.0655, ""sat"": 0.0134}"
miss,p_miss,0.0,17,cloud,733,594.9463837246224,606.1395751182533,707.0631413078255,0.0,1.0,9.60000000000642,0.0,"{""cloud"": 1.0}"
miss,p_miss,0.0,17,sensor,733,52.35524527054384,51.87778232498531,81.48815137075871,0.9863574351978172,1.0,299.93412590140053,0.0,"{""seabed"": 1.0}"
miss,p_miss,0.0,17,surface,733,328.1333700550944,323.3320249492589,461.5737236777194,0.0068212824010914054,1.0,3974.1134125901185,0.0,"{""buoy"": 1.0}"
miss,p_miss,0.0,17,statopt,733,54.972121837191416,54.34992424003455,84.76362576863572,0.9727148703956344,1.0,2286.311050477494,0.0,"{""seabed"": 0.5007, ""cloud"": 0.4993}"
miss,p_miss,0.0,17,cacgr,733,51.7217960779629,51.09631730671884,80.45373423378123,0.9877216916780355,1.0,303.3725324498283,0.0,"{""seabed"": 0.9181, ""auv"": 0.0723, ""sat"": 0.0095}"
miss,p_miss,0.0,18,cloud,782,574.3370664465377,593.6312950446663,675.1598806497694,0.0,1.0,9.600000000006132,0.0,"{""cloud"": 1.0}"
miss,p_miss,0.0,18,sensor,782,50.64684738462339,50.34495632022793,75.27806144689369,0.9961636828644501,1.0,242.23565948114083,0.0,"{""seabed"": 1.0}"
miss,p_miss,0.0,18,surface,782,79.89647094888257,75.35464394783824,135.31697795991866,0.6470588235294118,1.0,3184.3198421628886,0.0,"{""buoy"": 1.0}"
miss,p_miss,0.0,18,statopt,782,79.02537834441245,74.44017252259188,134.70354493507946,0.6560102301790282,1.0,3184.3198421628886,0.0,"{""cloud"": 1.0}"
miss,p_miss,0.0,18,cacgr,782,50.11090876272534,50.18522540142421,73.58769534645904,0.9987212276214834,1.0,258.28484033609396,0.0,"{""seabed"": 0.9143, ""auv"": 0.0729, ""sat"": 0.0128}"
miss,p_miss,0.0,19,cloud,753,639.7206001607798,648.0099287221999,732.0392709828985,0.0,1.0,9.600000000007444,0.0,"{""cloud"": 1.0}"
miss,p_miss,0.0,19,sensor,753,55.539797725731816,54.745358432519424,83.28081860602717,0.9853917662682603,1.0,309.3800037943556,0.0,"{""seabed"": 1.0}"
miss,p_miss,0.0,19,surface,753,357.529779611453,358.7971831604756,495.3104347222527,0.006640106241699867,1.0,3633.394531587915,0.0,"{""buoy"": 1.0}"
miss,p_miss,0.0,19,statopt,753,56.41296118461908,55.884045992641404,84.66700350660102,0.9747675962815405,1.0,2034.8210965661146,0.0,"{""cloud"": 0.5153, ""seabed"": 0.4847}"
miss,p_miss,0.0,19,cacgr,753,54.90339479055808,54.50816274579605,82.84254837624707,0.9880478087649402,1.0,317.4871531018856,0.0,"{""seabed"": 0.8964, ""auv"": 0.0903, ""sat"": 0.0133}"
miss,p_miss,0.0,20,cloud,812,652.1720837228291,648.4713712034114,760.9582147968467,0.0,1.0,9.600000000007316,0.0,"{""cloud"": 1.0}"
miss,p_miss,0.0,20,sensor,812,50.92402910966457,50.69760268738755,81.30876522913759,0.9815270935960592,1.0,294.8483462350384,0.0,"{""seabed"": 1.0}"
miss,p_miss,0.0,20,surface,812,360.78558344310375,365.0849944187352,499.200090956351,0.009852216748768473,1.0,3425.834482758592,0.0,"{""buoy"": 1.0}"
miss,p_miss,0.0,20,statopt,812,108.12585902093555,110.29714054183545,152.2564781738689,0.2660098522167488,1.0,3261.2193505981436,0.0,"{""cloud"": 0.7463, ""seabed"": 0.2537}"
miss,p_miss,0.0,20,cacgr,812,50.36870172278722,50.002856634356974,78.67895023769407,0.9864532019704434,1.0,304.93674595354713,0.0,"{""seabed"": 0.9236, ""auv"": 0.0653, ""sat"": 0.0111}"
miss,p_miss,0.0,21,cloud,770,628.9125168953838,637.0247058713883,753.6371393659109,0.0,1.0,9.600000000005952,0.0,"{""cloud"": 1.0}"
miss,p_miss,0.0,21,sensor,770,51.38364027239665,51.26582176924627,80.50522418944182,0.9844155844155844,1.0,279.1799628942457,0.0,"{""seabed"": 1.0}"
miss,p_miss,0.0,21,surface,770,309.4687255805918,314.24053771154587,411.5865963127987,0.016883116883116882,1.0,3731.265656400709,0.0,"{""buoy"": 1.0}"
miss,p_miss,0.0,21,statopt,770,77.25908270200213,73.2866595692154,128.75391747790155,0.6844155844155844,1.0,3196.0259802597157,0.0,"{""cloud"": 0.7312, ""seabed"": 0.2688}"
miss,p_miss,0.0,21,cacgr,770,51.085830353356734,51.24836159953884,79.86205777027325,0.987012987012987,1.0,276.6570686456365,0.0,"{""seabed"": 0.8935, ""auv"": 0.0974, ""sat"": 0.0091}"
miss,p_miss,0.0,22,cloud,813,630.6808256678379,659.0450334440181,820.7220076060402,0.0,1.0,9.60000000000813,0.0,"{""cloud"": 1.0}"
miss,p_miss,0.0,22,sensor,813,53.05244395312419,53.48964990884197,80.30144733735514,0.993849938499385,1.0,287.26620980494175,0.0,"{""seabed"": 1.0}"
miss,p_miss,0.0,22,surface,813,346.49560687665326,352.9762799009923,476.00164287982614,0.014760147601476014,1.0,3555.1181950447713,0.0,"{""buoy"": 1.0}"
miss,p_miss,0.0,22,statopt,813,75.37401233399933,70.74203677423648,130.39761647891243,0.7257072570725708,1.0,2983.2696144789697,0.0,"{""cloud"": 0.7651, ""seabed"": 0.2349}"
miss,p_miss,0.0,22,cacgr,813,52.661111261629124,53.433449409602325,79.26724409241959,0.996309963099631,1.0,297.8460137058379,0.0,"{""seabed"": 0.8893, ""auv"": 0.0959, ""sat"": 0.0148}"
miss,p_miss,0.0,23,cloud,784,675.9925234789845,678.1600676222373,822.4531108415771,0.0,1.0,9.600000000007626,0.0,"{""cloud"": 1.0}"
miss,p_miss,0.0,23,sensor,784,52.41718512998357,51.59576277622455,83.67700762054504,0.9783163265306123,1.0,273.92966472302436,0.0,"{""seabed"": 1.0}"
miss,p_miss,0.0,23,surface,784,313.28260915361534,318.90430856531054,434.68232008328886,0.012755102040816327,1.0,3569.9013177842194,0.0,"{""buoy"": 1.0}"
miss,p_miss,0.0,23,statopt,784,64.97045496066845,63.10188631030657,114.21142216223483,0.8252551020408163,1.0,2914.2448979591563,0.0,"{""cloud"": 0.7436, ""seabed"": 0.2564}"
miss,p_miss,0.0,23,cacgr,784,51.809188290308136,51.51176078000656,82.96969323263531,0.9821428571428571,1.0,279.7729096209847,0.0,"{""seabed"": 0.8839, ""auv"": 0.1033, ""sat"": 0.0128}"
miss,p_miss,0.0,24,cloud,813,607.5859423835824,617.9947819744183,723.7825288873913,0.0,1.0,9.600000000007594,0.0,"{""cloud"": 1.0}"
miss,p_miss,0.0,24,sensor,813,52.680623741398975,53.362156286449924,81.68553740047099,0.991389913899139,1.0,242.28290282898672,0.0,"{""seabed"": 1.0}"
miss,p_miss,0.0,24,surface,813,98.78019015756686,103.26556486329355,147.28046285386554,0.3849938499384994,1.0,3189.492796345044,0.0,"{""buoy"": 1.0}"
miss,p_miss,0.0,24,statopt,813,97.84466877691803,102.09132583057047,146.7718137949872,0.3948339483394834,1.0,3189.492796345044,0.0,"{""cloud"": 1.0}"
miss,p_miss,0.0,24,cacgr,813,51.83711882625845,53.073300448700806,79.92778571565943,0.993849938499385,1.0,262.09516780878135,0.0,"{""seabed"": 0.8918, ""auv"": 0.0923, ""sat"": 0.016}"
miss,p_miss,0.0,25,cloud,675,640.4481804394543,646.5677681359007,775.037018536088,0.0,1.0,9.60000000000538,0.0,"{""cloud"": 1.0}"
miss,p_miss,0.0,25,sensor,675,52.36014735519552,52.12385851511353,79.10050668905254,0.9955555555555555,1.0,273.16402116401025,0.0,"{""seabed"": 1.0}"
miss,p_miss,0.0,25,surface,675,294.7702861363408,305.53001623824406,413.3212452567339,0.034074074074074076,1.0,4302.61329608461,0.0,"{""buoy"": 1.0}"
miss,p_miss,0.0,25,statopt,675,185.87336168404786,199.14176406201514,280.22421039465405,0.07555555555555556,1.0,4094.7956412274666,0.0,"{""cloud"": 0.8726, ""seabed"": 0.1274}"
miss,p_miss,0.0,25,cacgr,675,51.941044665303046,51.92254025482107,77.91673769358246,0.997037037037037,1.0,268.35216253967155,0.0,"{""seabed"": 0.9022, ""auv"": 0.0904, ""sat"": 0.0074}"
miss,p_miss,0.0,26,cloud,842,530.7601984930717,543.3811402292612,724.0084821775785,0.0,1.0,9.60000000000948,0.0,"{""cloud"": 1.0}"
miss,p_miss,0.0,26,sensor,842,52.14725080979138,52.31273383879034,78.88544806974728,0.9916864608076009,1.0,288.91041737358177,0.0,"{""seabed"": 1.0}"
miss,p_miss,0.0,26,surface,842,338.7174416657728,341.07021481851615,470.48983157980496,0.0011876484560570072,1.0,3307.237499830302,0.0,"{""buoy"": 1.0}"
miss,p_miss,0.0,26,statopt,842,238.0465279669343,253.6793295764354,339.44443184132405,0.048693586698337295,1.0,3328.9259860196394,0.0,"{""cloud"": 0.8705, ""seabed"": 0.1295}"
miss,p_miss,0.0,26,cacgr,842,51.77975171829757,52.195349041803034,77.6701439754906,0.994061757719715,1.0,291.5998642687311,0.0,"{""seabed"": 0.9002, ""auv"": 0.0891, ""sat"": 0.0107}"
miss,p_miss,0.0,27,cloud,753,582.541377000007,609.6532651890469,748.2237811288308,0.0,1.0,9.600000000009588,0.0,"{""cloud"": 1.0}"
miss,p_miss,0.0,27,sensor,753,50.62400139094973,49.18074466802791,82.0767720153577,0.9867197875166003,1.0,280.82754695503576,0.0,"{""seabed"": 1.0}"
miss,p_miss,0.0,27,surface,753,322.6687870764544,322.6685459154777,451.95366882378164,0.0199203187250996,1.0,3625.746173401602,0.0,"{""buoy"": 1.0}"
miss,p_miss,0.0,27,statopt,753,152.0296104855166,157.78366395369375,209.1284525608331,0.08100929614873838,1.0,3604.620680705723,0.0,"{""cloud"": 0.7596, ""seabed"": 0.2404}"
miss,p_miss,0.0,27,cacgr,753,50.73822221354298,49.706524384031944,81.3635981709987,0.9867197875166003,1.0,271.66379055207636,0.0,"{""seabed"": 0.923, ""auv"": 0.073, ""sat"": 0.004}"
miss,p_miss,0.0,28,cloud,756,601.0065464355241,629.1895887636646,748.616981215988,0.0,1.0,9.600000000006665,0.0,"{""cloud"": 1.0}"
miss,p_miss,0.0,28,sensor,756,53.09161642320658,51.96197048274301,86.16654166618888,0.9708994708994709,1.0,267.5234315948462,0.0,"{""seabed"": 1.0}"
miss,p_miss,0.0,28,surface,756,265.0668308434445,265.37699885351816,391.7964176998873,0.026455026455026454,1.0,3713.362854119387,0.0,"{""buoy"": 1.0}"
miss,p_miss,0.0,28,statopt,756,55.65595889819566,53.870448218409095,90.03760694483114,0.9497354497354498,1.0,2619.08238851093,0.0,"{""cloud"": 0.7632, ""seabed"": 0.2368}"
miss,p_miss,0.0,28,cacgr,756,52.44516113901696,51.6006498081927,84.761013947767,0.9748677248677249,1.0,279.1065457293881,0.0,"{""seabed"": 0.9153, ""auv"": 0.0728, ""sat"": 0.0119}"
miss,p_miss,0.0,29,cloud,782,636.6560718349533,648.1535313000313,730.6115446463413,0.0,1.0,9.6000000000075,0.0,"{""cloud"": 1.0}"
miss,p_miss,0.0,29,sensor,782,49.286405185514305,47.68452843165566,78.35024798924941,0.9910485933503836,1.0,292.19912312752354,0.0,"{""seabed"": 1.0}"
miss,p_miss,0.0,29,surface,782,326.07220960931346,323.17302330035807,452.91834029610015,0.010230179028132993,1.0,3524.2832356594595,0.0,"{""buoy"": 1.0}"
miss,p_miss,0.0,29,statopt,782,68.07058838795392,66.93329183080532,110.53069298711594,0.8081841432225064,1.0,3050.154914139564,0.0,"{""cloud"": 0.624, ""seabed"": 0.376}"
miss,p_miss,0.0,29,cacgr,782,49.270605304648484,47.95520682016925,78.17491754522206,0.9910485933503836,1.0,282.49803142127325,0.0,"{""seabed"": 0.9015, ""auv"": 0.0934, ""sat"": 0.0051}"
miss,p_miss,0.1,0,cloud,764,660.9974987721496,666.8143130102978,829.9593646841619,0.0,1.0,9.60000000000571,0.2094240837696335,"{""cloud"": 1.0}"
miss,p_miss,0.1,0,sensor,764,64.00659777921204,57.44545918385647,141.75255413797598,0.8612565445026178,1.0,285.11518324607835,0.14921465968586387,"{""seabed"": 1.0}"
miss,p_miss,0.1,0,surface,764,328.73853201752416,337.0783833696375,464.8188041300378,0.01832460732984293,1.0,3622.1896305160512,0.11910994764397906,"{""buoy"": 1.0}"
miss,p_miss,0.1,0,statopt,764,68.57743348371031,61.959953993602085,151.44899004629264,0.8180628272251309,1.0,2675.448017950626,0.14659685863874344,"{""cloud"": 0.6414, ""seabed"": 0.3586}"
miss,p_miss,0.1,0,cacgr,764,62.68258694463669,56.39250691990374,141.75255413797598,0.8651832460732984,1.0,352.8294719521361,0.1544502617801047,"{""seabed"": 0.9306, ""auv"": 0.0419, ""sat"": 0.0262, ""buoy"": 0.0013}"
miss,p_miss,0.1,1,cloud,727,607.0212152315081,585.5065897777689,967.8097352861249,0.0,1.0,9.600000000009569,0.40990371389270974,"{""cloud"": 1.0}"
miss,p_miss,0.1,1,sensor,727,66.6165686087244,54.05494063816092,149.04867465019564,0.8225584594222833,1.0,273.91982707800565,0.18707015130674004,"{""seabed"": 1.0}"
miss,p_miss,0.1,1,surface,727,310.78551118663574,323.5322825019675,441.72172606307623,0.03576341127922971,1.0,3869.2801477696717,0.2585969738651995,"{""buoy"": 1.0}"
miss,p_miss,0.1,1,statopt,727,76.56274790232841,64.27861147987302,165.51648195087546,0.7675378266850069,1.0,2896.243011986616,0.19944979367262725,"{""cloud"": 0.7428, ""seabed"": 0.2572}"
miss,p_miss,0.1,1,cacgr,727,65.82387120877016,53.21089105915368,148.95039296353454,0.8253094910591472,1.0,325.5701351149479,0.18707015130674004,"{""seabed"": 0.9546, ""auv"": 0.0248, ""sat"": 0.0206}"
miss,p_miss,0.1,2,cloud,757,762.4304177280849,727.3119585734305,1187.9292715079123,0.0,1.0,9.600000000004576,0.9365918097754293,"{""cloud"": 1.0}"
miss,p_miss,0.1,2,sensor,757,75.64226935824958,57.65288275645568,169.75003432033378,0.7767503302509907,1.0,281.4961313455384,0.30250990752972257,"{""seabed"": 1.0}"
miss,p_miss,0.1,2,surface,757,362.7627093332891,367.36138817447716,503.9507494718946,0.003963011889035667,1.0,3768.872215889757,0.2655217965653897,"{""buoy"": 1.0}"
miss,p_miss,0.1,2,statopt,757,75.61718242989758,58.43128600346972,169.75114365366719,0.7807133421400264,1.0,2290.5827514625294,0.28797886393659183,"{""cloud"": 0.6328, ""seabed"": 0.3672}"
miss,p_miss,0.1,2,cacgr,757,74.2990799948968,56.0526459268401,169.11452816971502,0.7846763540290621,1.0,325.64617958105276,0.2985468956406869,"{""seabed"": 0.9551, ""auv"": 0.0251, ""sat"": 0.0172, ""uav"": 0.0013, ""buoy"": 0.0013}"
miss,p_miss,0.1,3,cloud,758,647.6234817636243,641.7734223848794,1077.2844172083692,0.0,1.0,9.600000000007661,0.4472295514511873,"{""cloud"": 1.0}"
miss,p_miss,0.1,3,sensor,758,62.204372489600196,55.975779199230175,125.08469171722173,0.899736147757256,1.0,252.320392009013,0.1517150395778364,"{""seabed"": 1.0}"
miss,p_miss,0.1,3,surface,758,209.44376586055242,197.7764089773785,347.50136049825727,0.06464379947229551,1.0,3707.269747455651,0.19261213720316622,"{""buoy"": 1.0}"
miss,p_miss,0.1,3,statopt,758,209.0863952441626,197.77879564404526,344.74324329567827,0.06464379947229551,1.0,3707.269747455651,0.20316622691292877,"{""cloud"": 1.0}"
miss,p_miss,0.1,3,cacgr,758,61.01603812376873,55.13942760386508,120.4162807406742,0.9063324538258575,1.0,318.3124502072791,0.15567282321899736,"{""seabed"": 0.9459, ""auv"": 0.0264, ""sat"": 0.0264, ""uav"": 0.0013}"
miss,p_miss,0.1,4,cloud,790,675.1939271062257,661.4470307767273,954.2090068657031,0.0,1.0,9.600000000005346,0.6721518987341772,"{""cloud"": 1.0}"
miss,p_miss,0.1,4,sensor,790,65.15048230974715,54.552301430948624,144.4318946171101,0.8430379746835444,1.0,268.77215189872175,0.2468354430379747,"{""seabed"": 1.0}"
miss,p_miss,0.1,4,surface,790,315.0392480210006,321.2969271226051,445.40657196276806,0.010126582278481013,1.0,3557.2771703435433,0.32151898734177214,"{""buoy"": 1.0}"
miss,p_miss,0.1,4,statopt,790,213.19956031653794,212.6015959407255,323.2226676990052,0.03670886075949367,1.0,3477.1608075225663,0.23544303797468355,"{""cloud"": 0.8848, ""seabed"": 0.1152}"
miss,p_miss,0.1,4,cacgr,790,63.9176605277501,53.879058440010766,140.34612329833152,0.8493670886075949,1.0,321.1568954791917,0.23924050632911392,"{""seabed"": 0.9633, ""sat"": 0.019, ""auv"": 0.0177}"
miss,p_miss,0.1,5,cloud,763,677.5305790331089,679.3755275321663,962.1600593045044,0.0,1.0,9.60000000000676,0.5727391874180865,"{""cloud"": 1.0}"
miss,p_miss,0.1,5,sensor,763,62.735940304207176,56.02587450725744,136.55195590350587,0.8741808650065531,1.0,287.89215502712926,0.1559633027522936,"{""seabed"": 1.0}"
miss,p_miss,0.1,5,surface,763,293.95999166006783,289.9478917700913,433.16641139940907,0.019659239842726082,1.0,3709.3017936715596,0.17693315858453473,"{""buoy"": 1.0}"
miss,p_miss,0.1,5,statopt,763,110.43462241801808,104.4092365773396,206.12081095447655,0.33682830930537355,1.0,3500.897351057813,0.1782437745740498,"{""cloud"": 0.8506, ""seabed"": 0.1494}"
miss,p_miss,0.1,5,cacgr,763,62.039313596856964,55.12396831503211,136.1386766550195,0.8741808650065531,1.0,316.69936416399446,0.16120576671035386,"{""seabed"": 0.9567, ""auv"": 0.0288, ""sat"": 0.0131, ""uav"": 0.0013}"
miss,p_miss,0.1,6,cloud,729,665.5440018485939,646.3774648100596,984.4334469545406,0.0,1.0,9.600000000009219,0.6899862825788752,"{""cloud"": 1.0}"
miss,p_miss,0.1,6,sensor,729,62.807255303243856,53.749986202382324,147.58434759048046,0.8847736625514403,1.0,266.7658240250655,0.17695473251028807,"{""seabed"": 1.0}"
miss,p_miss,0.1,6,surface,729,294.2917177070328,301.55353155220706,417.37938982760386,0.02194787379972565,1.0,3944.8672514206883,0.22496570644718794,"{""buoy"": 1.0}"
miss,p_miss,0.1,6,statopt,729,188.253101974263,186.6313297770775,287.0782114482484,0.037037037037037035,1.0,3826.354966725409,0.20438957475994513,"{""cloud"": 0.8985, ""seabed"": 0.1015}"
miss,p_miss,0.1,6,cacgr,729,61.41997910839599,52.33203640076269,146.4515168278701,0.8888888888888888,1.0,322.23207556337724,0.1755829903978052,"{""seabed"": 0.9287, ""auv"": 0.048, ""sat"": 0.0192, ""buoy"": 0.0027, ""uav"": 0.0014}"
miss,p_miss,0.1,7,cloud,757,722.3982480847183,724.7318847528362,983.0041557347897,0.0,1.0,9.60000000000893,0.8877146631439894,"{""cloud"": 1.0}"
miss,p_miss,0.1,7,sensor,757,77.2713222680437,60.99831208006508,180.9224499037664,0.7701453104359313,1.0,266.49330062274504,0.31968295904887717,"{""seabed"": 1.0}"
miss,p_miss,0.1,7,surface,757,313.48048567350617,316.79805589433187,465.22041161498964,0.019815059445178335,1.0,3599.0080513304015,0.261558784676354,"{""buoy"": 1.0}"
miss,p_miss,0.1,7,statopt,757,204.42874105844191,197.34567757789168,311.7852611652397,0.022457067371202115,1.0,3532.370858501563,0.3143989431968296,"{""cloud"": 0.86, ""seabed"": 0.14}"
miss,p_miss,0.1,7,cacgr,757,76.16221993300587,60.03701556468562,177.21839069529992,0.774108322324967,1.0,329.35930311378047,0.31968295904887717,"{""seabed"": 0.9657, ""sat"": 0.0185, ""auv"": 0.0132, ""uav"": 0.0013, ""buoy"": 0.0013}"
miss,p_miss,0.1,8,cloud,772,635.7387350785974,606.0276806890197,1287.6153858793366,0.0,1.0,9.60000000000805,0.6178756476683938,"{""cloud"": 1.0}"
miss,p_miss,0.1,8,sensor,772,65.05365590248884,56.68570239897126,134.31839025225247,0.8212435233160622,1.0,279.7202072538606,0.23704663212435234,"{""seabed"": 1.0}"
miss,p_miss,0.1,8,surface,772,320.9750243121125,318.1224615472655,446.06144390950936,0.015544041450777202,1.0,3625.359431532156,0.211139896373057,"{""buoy"": 1.0}"
miss,p_miss,0.1,8,statopt,772,86.58450344421645,83.06434536681269,153.23656190764757,0.5867875647668394,1.0,3306.960284233854,0.2266839378238342,"{""cloud"": 0.8705, ""seabed"": 0.1295}"
miss,p_miss,0.1,8,cacgr,772,63.15403254805561,54.99938476948458,132.85818202663074,0.8316062176165803,1.0,349.4062848260306,0.23056994818652848,"{""seabed"": 0.9288, ""auv"": 0.0402, ""sat"": 0.0298, ""buoy"": 0.0013}"
miss,p_miss,0.1,9,cloud,819,774.3642472618068,785.9228941234246,998.8883997427171,0.0,1.0,9.60000000000742,0.9487179487179487,"{""cloud"": 1.0}"
miss,p_miss,0.1,9,sensor,819,64.50418795513058,56.12864441891834,145.05949181887945,0.833943833943834,1.0,269.5911390196926,0.23443223443223443,"{""seabed"": 1.0}"
miss,p_miss,0.1,9,surface,819,331.59901889357684,340.8125618148821,471.95821938366606,0.028083028083028084,1.0,3497.6439644164884,0.24175824175824176,"{""buoy"": 1.0}"
miss,p_miss,0.1,9,statopt,819,68.86179114483947,61.285450626405996,144.77253087029425,0.8107448107448108,1.0,2634.4786324785982,0.22832722832722832,"{""cloud"": 0.7497, ""seabed"": 0.2503}"
miss,p_miss,0.1,9,cacgr,819,62.78414590899383,54.79574820132645,144.68643220984958,0.8400488400488401,1.0,342.395258328955,0.23443223443223443,"{""seabed"": 0.9292, ""auv"": 0.0391, ""sat"": 0.0305, ""buoy"": 0.0012}"
miss,p_miss,0.1,10,cloud,786,702.6069337444308,698.010135654253,957.3987753097964,0.0,1.0,9.600000000004586,0.7340966921119593,"{""cloud"": 1.0}"
miss,p_miss,0.1,10,sensor,786,66.4729414900303,54.373438187182124,157.71257047790158,0.8384223918575063,1.0,279.1537622682638,0.19720101781170485,"{""seabed"": 1.0}"
miss,p_miss,0.1,10,surface,786,336.77577057090457,343.9408397191381,502.0800440581259,0.019083969465648856,1.0,3615.3746972009917,0.20610687022900764,"{""buoy"": 1.0}"
miss,p_miss,0.1,10,statopt,786,66.78706461823693,54.45523619788572,159.43554020850036,0.8371501272264631,1.0,1886.6964740094372,0.19720101781170485,"{""cloud"": 0.6132, ""seabed"": 0.3868}"
miss,p_miss,0.1,10,cacgr,786,65.35998086896359,53.2036841431357,156.5718359033132,0.8396946564885496,1.0,339.8669720101748,0.2010178117048346,"{""seabed"": 0.9275, ""auv"": 0.0445, ""sat"": 0.0267, ""uav"": 0.0013}"
miss,p_miss,0.1,11,cloud,770,712.0843699421309,706.3290905690445,865.9571273199427,0.0,1.0,9.600000000006618,0.6896103896103896,"{""cloud"": 1.0}"
miss,p_miss,0.1,11,sensor,770,75.88846999693058,60.89295958196076,168.79256091394387,0.7545454545454545,1.0,295.6456400742069,0.33636363636363636,"{""seabed"": 1.0}"
miss,p_miss,0.1,11,surface,770,356.33301544798064,359.0897057565517,506.7793923898299,0.01948051948051948,1.0,3671.9193944341055,0.2753246753246753,"{""buoy"": 1.0}"
miss,p_miss,0.1,11,statopt,770,121.41560687929699,112.81694176178414,222.73162671708755,0.3246753246753247,1.0,3308.45641320962,0.2974025974025974,"{""cloud"": 0.7442, ""seabed"": 0.2558}"
miss,p_miss,0.1,11,cacgr,770,74.82669220996893,60.14177147307,167.55473865599836,0.7571428571428571,1.0,348.59195547309304,0.33636363636363636,"{""seabed"": 0.9377, ""auv"": 0.039, ""sat"": 0.0234}"
miss,p_miss,0.1,12,cloud,792,830.7377333497959,761.3605477849233,1299.5749255793203,0.0,1.0,9.600000000006565,0.6805555555555556,"{""cloud"": 1.0}"
miss,p_miss,0.1,12,sensor,792,63.86623200171566,54.90168468078191,142.64867164789467,0.8421717171717171,1.0,259.1338383838163,0.16792929292929293,"{""seabed"": 1.0}"
miss,p_miss,0.1,12,surface,792,300.93677256446693,318.45464355956824,424.4401994072201,0.06060606060606061,1.0,3634.817223665174,0.19696969696969696,"{""buoy"": 1.0}"
miss,p_miss,0.1,12,statopt,792,110.10108723173177,110.50153089791444,181.0464919570645,0.36742424242424243,1.0,3239.374222222177,0.15404040404040403,"{""cloud"": 0.8801, ""seabed"": 0.1199}"
miss,p_miss,0.1,12,cacgr,792,62.819955027371925,53.63363542100014,140.95706456696942,0.8446969696969697,1.0,324.4678675324454,0.17424242424242425,"{""seabed"": 0.9444, ""auv"": 0.029, ""sat"": 0.024, ""uav"": 0.0013, ""buoy"": 0.0013}"
miss,p_miss,0.1,13,cloud,769,658.3840447452978,661.2102110727054,927.1244181947376,0.0,1.0,9.60000000000649,0.45253576072821844,"{""cloud"": 1.0}"
miss,p_miss,0.1,13,sensor,769,66.97334735452803,55.1348038814472,163.2155377308391,0.8374512353706112,1.0,246.53836150841536,0.1976592977893368,"{""seabed"": 1.0}"
miss,p_miss,0.1,13,surface,769,123.78688601004065,111.05250784787326,235.7237232353743,0.3589076723016905,1.0,3509.344407207817,0.1859557867360208,"{""buoy"": 1.0}"
miss,p_miss,0.1,13,statopt,769,122.8750598620072,110.28037781660551,234.06402995490512,0.36540962288686607,1.0,3509.344407207817,0.1846553966189857,"{""cloud"": 1.0}"
miss,p_miss,0.1,13,cacgr,769,65.77108189357388,53.323103100113805,162.06403108353672,0.8413524057217165,1.0,316.12274018201776,0.19895968790637192,"{""seabed"": 0.935, ""auv"": 0.0351, ""sat"": 0.0299}"
miss,p_miss,0.1,14,cloud,750,640.0126599602048,635.1147024284968,877.6718409222506,0.0,1.0,9.600000000005632,0.48133333333333334,"{""cloud"": 1.0}"
miss,p_miss,0.1,14,sensor,750,66.3006078088749,56.642899005451184,152.286038641982,0.84,1.0,259.8095238095044,0.156,"{""seabed"": 1.0}"
miss,p_miss,0.1,14,surface,750,271.6903766988393,275.62670563396983,380.2727817521673,0.030666666666666665,1.0,3640.1745980951923,0.20133333333333334,"{""buoy"": 1.0}"
miss,p_miss,0.1,14,statopt,750,88.92968459269186,80.56250189022234,167.38072650707554,0.58,1.0,3311.2571428571023,0.15333333333333332,"{""cloud"": 0.8813, ""seabed"": 0.1187}"
miss,p_miss,0.1,14,cacgr,750,65.55809719085579,55.77229770230648,150.346240300683,0.8413333333333334,1.0,300.37983116188593,0.15733333333333333,"{""seabed"": 0.9347, ""auv"": 0.0467, ""sat"": 0.0187}"
miss,p_miss,0.1,15,cloud,770,614.7301711485981,618.0088314671681,876.1384065938006,0.0,1.0,9.600000000004483,0.7038961038961039,"{""cloud"": 1.0}"
miss,p_miss,0.1,15,sensor,770,76.5857453433191,59.75505059052363,163.6323806643313,0.7298701298701299,1.0,254.96846011128886,0.37532467532467534,"{""seabed"": 1.0}"
miss,p_miss,0.1,15,surface,770,228.91075573230438,231.94013949153756,359.0055792009726,0.04155844155844156,1.0,3630.9858730982746,0.35584415584415585,"{""buoy"": 1.0}"
miss,p_miss,0.1,15,statopt,770,229.75337421696543,232.45855731456248,359.00806066763914,0.04155844155844156,1.0,3630.9858730982746,0.38831168831168833,"{""cloud"": 1.0}"
miss,p_miss,0.1,15,cacgr,770,75.85356131716995,58.69390110110684,163.11520176258242,0.7311688311688311,1.0,318.65449202223397,0.37922077922077924,"{""seabed"": 0.9429, ""auv"": 0.0325, ""sat"": 0.0234, ""uav"": 0.0013}"
miss,p_miss,0.1,16,cloud,748,672.5591856090829,686.6743675263202,1019.5400721173959,0.0,1.0,9.600000000006647,0.68048128342246,"{""cloud"": 1.0}"
miss,p_miss,0.1,16,sensor,748,62.53504319140265,55.53054311626377,140.70453203545247,0.8823529411764706,1.0,247.64553093960936,0.13101604278074866,"{""seabed"": 1.0}"
miss,p_miss,0.1,16,surface,748,114.00071927192766,112.7906201531651,193.04786279747296,0.3048128342245989,1.0,3638.365689839508,0.11764705882352941,"{""buoy"": 1.0}"
miss,p_miss,0.1,16,statopt,748,113.46754121090434,112.47548705293521,192.69698093150285,0.3088235294117647,1.0,3638.365689839508,0.11764705882352941,"{""cloud"": 1.0}"
miss,p_miss,0.1,16,cacgr,748,61.43170636977131,54.177669768732265,140.70453203545247,0.8810160427807486,1.0,340.8159639419008,0.14037433155080214,"{""seabed"": 0.9425, ""sat"": 0.0361, ""auv"": 0.0201, ""buoy"": 0.0013}"
miss,p_miss,0.1,17,cloud,733,682.7194330544527,674.9791093421321,971.5878028461082,0.0,1.0,9.600000000006315,0.9181446111869032,"{""cloud"": 1.0}"
miss,p_miss,0.1,17,sensor,733,70.89887890515814,57.66216320683016,169.68764368728972,0.8403819918144612,1.0,299.93412590140053,0.2646657571623465,"{""seabed"": 1.0}"
miss,p_miss,0.1,17,surface,733,378.1093240119796,398.4391987294138,524.8250029078775,0.0068212824010914054,1.0,4036.4794231143856,0.3178717598908595,"{""buoy"": 1.0}"
miss,p_miss,0.1,17,statopt,733,72.61976111143036,60.04318834351919,170.77461907364255,0.8376534788540245,1.0,2286.311050477494,0.24693042291950887,"{""seabed"": 0.5007, ""cloud"": 0.4993}"
miss,p_miss,0.1,17,cacgr,733,69.6319180388819,56.729715730700505,167.88435026795452,0.844474761255116,1.0,327.4293547456788,0.2660300136425648,"{""seabed"": 0.9454, ""auv"": 0.0396, ""sat"": 0.015}"
miss,p_miss,0.1,18,cloud,782,641.377769374814,616.7924170274608,953.6168145562959,0.0,1.0,9.600000000006482,0.4373401534526854,"{""cloud"": 1.0}"
miss,p_miss,0.1,18,sensor,782,71.92266687851038,58.34487897739976,159.06262364137655,0.782608695652174,1.0,242.23565948114083,0.289002557544757,"{""seabed"": 1.0}"
miss,p_miss,0.1,18,surface,782,99.88590371316081,93.75069019884698,180.66520052970068,0.48081841432225064,1.0,3184.3198421628886,0.2749360613810742,"{""buoy"": 1.0}"
miss,p_miss,0.1,18,statopt,782,99.37794571244532,93.25794336892274,180.66676546303407,0.4846547314578005,1.0,3184.3198421628886,0.27621483375959077,"{""cloud"": 1.0}"
miss,p_miss,0.1,18,cacgr,782,70.80386036876176,57.158392058451014,158.71096820936683,0.782608695652174,1.0,320.0089975885585,0.2928388746803069,"{""seabed"": 0.9284, ""auv"": 0.0384, ""sat"": 0.0332}"
miss,p_miss,0.1,19,cloud,753,709.5439188173129,681.9284776916194,910.299534646985,0.0,1.0,9.600000000008661,0.7529880478087649,"{""cloud"": 1.0}"
miss,p_miss,0.1,19,sensor,753,71.80363743173287,61.08678462040286,164.63523476610678,0.8180610889774237,1.0,309.3800037943556,0.20451527224435592,"{""seabed"": 1.0}"
miss,p_miss,0.1,19,surface,753,398.5879185095903,402.25894872031546,578.5531396916808,0.006640106241699867,1.0,3728.2598216656984,0.1806108897742364,"{""buoy"": 1.0}"
miss,p_miss,0.1,19,statopt,753,71.5345324796501,61.12650408472367,166.9733071738898,0.8233731739707836,1.0,2034.8210965661146,0.1899070385126162,"{""cloud"": 0.5153, ""seabed"": 0.4847}"
miss,p_miss,0.1,19,cacgr,753,70.57751032325872,59.84807789204642,162.2210089842259,0.8233731739707836,1.0,342.9178815405119,0.2058432934926959,"{""seabed"": 0.9442, ""auv"": 0.0385, ""sat"": 0.0173}"
miss,p_miss,0.1,20,cloud,812,755.9228574026696,735.902995371788,1093.0396092272788,0.0,1.0,9.600000000009333,1.0849753694581281,"{""cloud"": 1.0}"
miss,p_miss,0.1,20,sensor,812,73.26072124653028,56.3944227203962,208.08434219107355,0.7869458128078818,1.0,294.8483462350384,0.3485221674876847,"{""seabed"": 1.0}"
miss,p_miss,0.1,20,surface,812,441.15560327343644,423.77239583579757,678.4095440229219,0.0024630541871921183,1.0,3439.9204278676766,0.4408866995073892,"{""buoy"": 1.0}"
miss,p_miss,0.1,20,statopt,812,131.6202908975798,120.934701987073,253.02466264730978,0.1896551724137931,1.0,3261.571209570698,0.3583743842364532,"{""cloud"": 0.7463, ""seabed"": 0.2537}"
miss,p_miss,0.1,20,cacgr,812,72.80629042170636,55.954699341184,208.08434219107355,0.7906403940886699,1.0,330.5965883180785,0.35344827586206895,"{""seabed"": 0.9643, ""auv"": 0.0197, ""sat"": 0.0148, ""buoy"": 0.0012}"
miss,p_miss,0.1,21,cloud,770,783.6676729677148,742.134805035774,1281.110509787918,0.0,1.0,9.600000000007087,1.3064935064935066,"{""cloud"": 1.0}"
miss,p_miss,0.1,21,sensor,770,75.243245108656,57.83176123740006,175.85380549847363,0.7701298701298701,1.0,279.1799628942457,0.32987012987012987,"{""seabed"": 1.0}"
miss,p_miss,0.1,21,surface,770,365.7949931043664,376.01023055337816,519.396771831054,0.016883116883116882,1.0,3868.5529469387425,0.41948051948051945,"{""buoy"": 1.0}"
miss,p_miss,0.1,21,statopt,770,98.30516672004173,83.67850548231962,206.67309405667615,0.5545454545454546,1.0,3196.0259802597157,0.2883116883116883,"{""cloud"": 0.7312, ""seabed"": 0.2688}"
miss,p_miss,0.1,21,cacgr,770,74.22850401879286,57.2326827714496,175.48366624101212,0.7753246753246753,1.0,316.10041558441173,0.33636363636363636,"{""seabed"": 0.9584, ""auv"": 0.0247, ""sat"": 0.0156, ""buoy"": 0.0013}"
miss,p_miss,0.1,22,cloud,813,685.4532380877317,679.407603257131,862.3473735145915,0.0,1.0,9.60000000000813,0.5990159901599016,"{""cloud"": 1.0}"
miss,p_miss,0.1,22,sensor,813,73.16139559293983,58.86748505840854,163.88900745156644,0.8216482164821648,1.0,287.26620980494175,0.29274292742927427,"{""seabed"": 1.0}"
miss,p_miss,0.1,22,surface,813,362.0548092036625,365.80869576626174,492.7465506149874,0.014760147601476014,1.0,3555.1181950447713,0.25092250922509224,"{""buoy"": 1.0}"
miss,p_miss,0.1,22,statopt,813,92.11767242558655,79.72909588942323,175.30403027068783,0.6076260762607626,1.0,2983.2696144789697,0.25461254612546125,"{""cloud"": 0.7651, ""seabed"": 0.2349}"
miss,p_miss,0.1,22,cacgr,813,72.5209338756418,58.33958078014742,163.8890063848998,0.8228782287822878,1.0,338.88916731680246,0.2952029520295203,"{""seabed"": 0.936, ""auv"": 0.0394, ""sat"": 0.0234, ""buoy"": 0.0012}"
miss,p_miss,0.1,23,cloud,784,751.7424686450929,721.4417682427585,1000.1436201337262,0.0,1.0,9.600000000008615,0.9795918367346939,"{""cloud"": 1.0}"
miss,p_miss,0.1,23,sensor,784,69.40564353955568,61.062554760032675,152.67897575999586,0.8048469387755102,1.0,273.92966472302436,0.2857142857142857,"{""seabed"": 1.0}"
miss,p_miss,0.1,23,surface,784,345.7401015435956,353.69241271742817,478.99936477714164,0.012755102040816327,1.0,3650.0703673469,0.36096938775510207,"{""buoy"": 1.0}"
miss,p_miss,0.1,23,statopt,784,83.09387453558415,70.96967722436735,179.99802628162948,0.6887755102040817,1.0,2914.2448979591563,0.29846938775510207,"{""cloud"": 0.7436, ""seabed"": 0.2564}"
miss,p_miss,0.1,23,cacgr,784,67.9020344020918,59.187737547337626,152.34714437543397,0.8086734693877551,1.0,340.5883402332281,0.2857142857142857,"{""seabed"": 0.9362, ""auv"": 0.0344, ""sat"": 0.0281, ""uav"": 0.0013}"
miss,p_miss,0.1,24,cloud,813,677.3164026197283,666.769712689904,941.5497590007727,0.0,1.0,9.600000000007485,0.8708487084870848,"{""cloud"": 1.0}"
miss,p_miss,0.1,24,sensor,813,63.76301378938789,59.21278633279653,124.4467396771138,0.8536285362853628,1.0,242.28290282898672,0.2066420664206642,"{""seabed"": 1.0}"
miss,p_miss,0.1,24,surface,813,110.23981179635511,112.01000263634874,173.24054287699576,0.3173431734317343,1.0,3189.492796345044,0.2029520295202952,"{""buoy"": 1.0}"
miss,p_miss,0.1,24,statopt,813,109.17579540628041,111.20120082007391,172.77301212806069,0.32595325953259535,1.0,3189.492796345044,0.1992619926199262,"{""cloud"": 1.0}"
miss,p_miss,0.1,24,cacgr,813,62.626111520068335,57.98764662117853,124.3528243808179,0.8585485854858549,1.0,298.0249727639718,0.2115621156211562,"{""seabed"": 0.9397, ""auv"": 0.0357, ""sat"": 0.0197, ""buoy"": 0.0049}"
miss,p_miss,0.1,25,cloud,675,731.8255034182272,698.5727296930908,1120.399320473785,0.0,1.0,9.600000000006274,0.7481481481481481,"{""cloud"": 1.0}"
miss,p_miss,0.1,25,sensor,675,70.28416503401048,57.73000672355944,165.36845540917764,0.8237037037037037,1.0,273.16402116401025,0.25925925925925924,"{""seabed"": 1.0}"
miss,p_miss,0.1,25,surface,675,325.5590429435002,330.57388643451606,490.0837502182943,0.01925925925925926,1.0,4336.472885502598,0.2562962962962963,"{""buoy"": 1.0}"
miss,p_miss,0.1,25,statopt,675,200.959629619132,213.40045017728892,305.60059711102434,0.057777777777777775,1.0,4095.0072743279957,0.25925925925925924,"{""cloud"": 0.8726, ""seabed"": 0.1274}"
miss,p_miss,0.1,25,cacgr,675,69.22712675594794,56.71269390728897,164.2623295555921,0.8281481481481482,1.0,303.41447517459056,0.2562962962962963,"{""seabed"": 0.9393, ""auv"": 0.0459, ""sat"": 0.0148}"
miss,p_miss,0.1,26,cloud,842,570.7383105259033,556.4201000041945,962.7714307804176,0.0,1.0,9.600000000010517,0.24821852731591448,"{""cloud"": 1.0}"
miss,p_miss,0.1,26,sensor,842,60.43612083323997,56.89340960478557,106.22834370662149,0.8871733966745843,1.0,288.91041737358177,0.19239904988123516,"{""seabed"": 1.0}"
miss,p_miss,0.1,26,surface,842,360.260528167504,354.2000145136334,516.0389594834895,0.0011876484560570072,1.0,3307.236587716289,0.18883610451306412,"{""buoy"": 1.0}"
miss,p_miss,0.1,26,statopt,842,251.37305295351814,265.1081282348348,351.8579882994267,0.032066508313539195,1.0,3335.0339037665008,0.22209026128266032,"{""cloud"": 0.8705, ""seabed"": 0.1295}"
miss,p_miss,0.1,26,cacgr,842,59.61945984997303,56.004684959806035,104.8359972635455,0.8895486935866983,1.0,328.1037459110771,0.19358669833729217,"{""seabed"": 0.9335, ""auv"": 0.0463, ""sat"": 0.0166, ""buoy"": 0.0036}"
miss,p_miss,0.1,27,cloud,753,648.5628740986747,637.7970643565098,1050.8117462034502,0.0,1.0,9.600000000010038,0.351925630810093,"{""cloud"": 1.0}"
miss,p_miss,0.1,27,sensor,753,64.6730294955445,54.51254632544514,146.18660494544173,0.8393094289508632,1.0,280.82754695503576,0.22177954847277556,"{""seabed"": 1.0}"
miss,p_miss,0.1,27,surface,753,365.8353645109712,379.12413973427005,511.2542377860871,0.013280212483399735,1.0,3898.9314665148627,0.3094289508632138,"{""buoy"": 1.0}"
miss,p_miss,0.1,27,statopt,753,166.3759229598829,165.0890710411273,271.19320382307177,0.05843293492695883,1.0,3612.2088635932205,0.22709163346613545,"{""cloud"": 0.7596, ""seabed"": 0.2404}"
miss,p_miss,0.1,27,cacgr,753,64.08380802002425,54.08832726168961,145.35422299877783,0.8406374501992032,1.0,308.8495150066388,0.2244355909694555,"{""seabed"": 0.9615, ""auv"": 0.0266, ""sat"": 0.012}"
miss,p_miss,0.1,28,cloud,756,693.7399314965264,650.9282175530329,1165.5402621958544,0.0,1.0,9.6000000000073,0.2830687830687831,"{""cloud"": 1.0}"
miss,p_miss,0.1,28,sensor,756,60.88757378771678,54.74014403005882,118.93282608937695,0.8809523809523809,1.0,267.5234315948462,0.1402116402116402,"{""seabed"": 1.0}"
miss,p_miss,0.1,28,surface,756,289.670014886952,287.70509783501234,453.6129241490261,0.026455026455026454,1.0,3898.533309145841,0.15079365079365079,"{""buoy"": 1.0}"
miss,p_miss,0.1,28,statopt,756,63.991862902538074,58.048875436703625,122.72388366937503,0.8544973544973545,1.0,2619.08238851093,0.14417989417989419,"{""cloud"": 0.7632, ""seabed"": 0.2368}"
miss,p_miss,0.1,28,cacgr,756,59.722847308929765,53.69777940988764,118.93282608937695,0.8849206349206349,1.0,326.07538926680337,0.14947089947089948,"{""seabed"": 0.9471, ""auv"": 0.0278, ""sat"": 0.0238, ""buoy"": 0.0013}"
miss,p_miss,0.1,29,cloud,782,699.151308643562,709.4216840236398,867.9246538087932,0.0,1.0,9.600000000008254,0.7595907928388747,"{""cloud"": 1.0}"
miss,p_miss,0.1,29,sensor,782,64.64312617756676,53.631627993824715,151.57662935233827,0.8452685421994884,1.0,292.19912312752354,0.23145780051150894,"{""seabed"": 1.0}"
miss,p_miss,0.1,29,surface,782,352.6291871961132,354.0748227818642,496.43465959187586,0.010230179028132993,1.0,3524.289128242582,0.14066496163682865,"{""buoy"": 1.0}"
miss,p_miss,0.1,29,statopt,782,81.70966572581617,73.09989559621087,157.3608235585552,0.6726342710997443,1.0,3050.154914139564,0.21227621483375958,"{""cloud"": 0.624, ""seabed"": 0.376}"
miss,p_miss,0.1,29,cacgr,782,64.02668103492955,53.084077559002495,151.4236980746015,0.8465473145780051,1.0,304.79152502741334,0.23529411764705882,"{""seabed"": 0.954, ""auv"": 0.0384, ""sat"": 0.0077}"
miss,p_miss,0.2,0,cloud,764,752.331559213589,714.4998309217196,1210.0366353007557,0.0,1.0,9.60000000000571,1.0798429319371727,"{""cloud"": 1.0}"
miss,p_miss,0.2,0,sensor,764,76.45227896870865,62.09798566297219,168.2051084442887,0.7486910994764397,1.0,285.11518324607835,0.3586387434554974,"{""seabed"": 1.0}"
miss,p_miss,0.2,0,surface,764,380.772435888722,383.1309523013949,577.2280400672599,0.010471204188481676,1.0,3868.9998145100685,0.4816753926701571,"{""buoy"": 1.0}"
miss,p_miss,0.2,0,statopt,764,82.55314252972272,65.69798166093896,173.5470093270795,0.6989528795811518,1.0,2675.448017950626,0.3730366492146597,"{""cloud"": 0.6414, ""seabed"": 0.3586}"
miss,p_miss,0.2,0,cacgr,764,75.78086306129619,61.49261408096778,169.19613126468712,0.75,1.0,364.13708601346775,0.3730366492146597,"{""seabed"": 0.9437, ""auv"": 0.0288, ""sat"": 0.0236, ""buoy"": 0.0039}"
miss,p_miss,0.2,1,cloud,727,690.4338383301596,625.1583446501594,1494.4344768866056,0.0,1.0,9.600000000012152,1.188445667125172,"{""cloud"": 1.0}"
miss,p_miss,0.2,1,sensor,727,85.06516769649716,66.16026110472328,165.61387670364275,0.6492434662998624,1.0,273.91982707800565,0.4731774415405777,"{""seabed"": 1.0}"
miss,p_miss,0.2,1,surface,727,381.120872726283,375.9461228828082,612.398385422987,0.0343878954607978,1.0,3861.4332623304927,0.7469050894085282,"{""buoy"": 1.0}"
miss,p_miss,0.2,1,statopt,727,94.3636694571481,76.0268390011508,181.24411958075245,0.6011004126547456,1.0,2896.243011986616,0.47730398899587345,"{""cloud"": 0.7428, ""seabed"": 0.2572}"
miss,p_miss,0.2,1,cacgr,727,84.6864932161406,65.11007130314835,166.41842023576436,0.6506189821182944,1.0,318.35850218116923,0.4759284731774415,"{""seabed"": 0.9574, ""auv"": 0.0248, ""sat"": 0.0165, ""buoy"": 0.0014}"
miss,p_miss,0.2,2,cloud,757,843.1624241846513,800.8464430339126,1418.2017220237763,0.0,1.0,9.600000000004576,2.2417437252311756,"{""cloud"": 1.0}"
miss,p_miss,0.2,2,sensor,757,87.65097905002023,63.91123442325758,206.96393173917144,0.6961690885072656,1.0,281.4961313455384,0.6618229854689565,"{""seabed"": 1.0}"
miss,p_miss,0.2,2,surface,757,406.0544182728551,408.7817179141196,602.6787956122321,0.003963011889035667,1.0,3776.4203026985897,0.9920739762219286,"{""buoy"": 1.0}"
miss,p_miss,0.2,2,statopt,757,87.99024528910238,64.38563273086159,204.21747489391205,0.6961690885072656,1.0,2290.5827514625294,0.6433289299867899,"{""cloud"": 0.6328, ""seabed"": 0.3672}"
miss,p_miss,0.2,2,cacgr,757,86.92366075689758,62.98708298788503,209.8652014652877,0.7014531043593131,1.0,315.56829922626883,0.6618229854689565,"{""seabed"": 0.9604, ""auv"": 0.0238, ""sat"": 0.0119, ""buoy"": 0.0026, ""uav"": 0.0013}"
miss,p_miss,0.2,3,cloud,758,812.4518938536756,690.8426591773864,1781.5859792415717,0.0,1.0,9.60000000000952,1.2427440633245384,"{""cloud"": 1.0}"
miss,p_miss,0.2,3,sensor,758,81.07871497699725,61.719564273762565,187.85818810552536,0.7295514511873351,1.0,252.320392009013,0.4182058047493404,"{""seabed"": 1.0}"
miss,p_miss,0.2,3,surface,758,234.4181597165963,220.24719482842872,391.2951249131671,0.05672823218997362,1.0,3756.264799095303,0.45118733509234826,"{""buoy"": 1.0}"
miss,p_miss,0.2,3,statopt,758,233.53749792351016,219.7442766613989,390.67234886930385,0.05672823218997362,1.0,3756.264799095303,0.4525065963060686,"{""cloud"": 1.0}"
miss,p_miss,0.2,3,cacgr,758,79.91590381277068,60.371246996041236,183.96937396219906,0.7321899736147758,1.0,319.64852529208855,0.42744063324538256,"{""seabed"": 0.9512, ""sat"": 0.0251, ""auv"": 0.0211, ""buoy"": 0.0026}"
miss,p_miss,0.2,4,cloud,790,705.2616798905116,682.1956670185797,1038.739285300773,0.0,1.0,9.600000000005346,1.110126582278481,"{""cloud"": 1.0}"
miss,p_miss,0.2,4,sensor,790,79.45628916664711,60.50928231562356,220.26268140126996,0.7278481012658228,1.0,268.77215189872175,0.5556962025316455,"{""seabed"": 1.0}"
miss,p_miss,0.2,4,surface,790,341.6602113307918,335.60700799128523,535.9011237651694,0.007594936708860759,1.0,3568.1299963833294,0.6974683544303798,"{""buoy"": 1.0}"
miss,p_miss,0.2,4,statopt,790,230.49455112301072,217.49808214098974,399.2185775930814,0.0189873417721519,1.0,3477.1608075225663,0.5367088607594936,"{""cloud"": 0.8848, ""seabed"": 0.1152}"
miss,p_miss,0.2,4,cacgr,790,78.35557146158582,59.785317079201164,217.33297170654524,0.7329113924050633,1.0,321.1568954791917,0.5468354430379747,"{""seabed"": 0.9633, ""sat"": 0.0177, ""auv"": 0.0177, ""buoy"": 0.0013}"
miss,p_miss,0.2,5,cloud,763,737.2190167960302,716.9991953281685,1118.4435683146608,0.0,1.0,9.60000000000676,1.2096985583224116,"{""cloud"": 1.0}"
miss,p_miss,0.2,5,sensor,763,76.84859254881754,62.1260946067637,171.17521739347418,0.7483617300131061,1.0,287.89215502712926,0.35124508519003933,"{""seabed"": 1.0}"
miss,p_miss,0.2,5,surface,763,308.5627796374435,305.79312171042983,448.1785492805448,0.01310615989515072,1.0,3709.30078711848,0.3420707732634338,"{""buoy"": 1.0}"
miss,p_miss,0.2,5,statopt,763,122.20132957830087,111.93943382224747,230.71898166211653,0.2961992136304063,1.0,3508.3860820070736,0.33682830930537355,"{""cloud"": 0.8506, ""seabed"": 0.1494}"
miss,p_miss,0.2,5,cacgr,763,75.77844028445557,61.66188815256804,170.19473914668663,0.7509829619921363,1.0,318.13115806026957,0.35386631716906947,"{""seabed"": 0.9581, ""auv"": 0.0275, ""sat"": 0.0131, ""uav"": 0.0013}"
miss,p_miss,0.2,6,cloud,729,719.9546560463164,717.8183624714661,1104.0659374738977,0.0,1.0,9.600000000010416,1.168724279835391,"{""cloud"": 1.0}"
miss,p_miss,0.2,6,sensor,729,77.83783225357223,58.85733685703496,232.30150288000613,0.7818930041152263,1.0,266.7658240250655,0.45816186556927296,"{""seabed"": 1.0}"
miss,p_miss,0.2,6,surface,729,309.3744880169452,308.43437259522375,467.4374734820346,0.02194787379972565,1.0,3929.1849312168843,0.48148148148148145,"{""buoy"": 1.0}"
miss,p_miss,0.2,6,statopt,729,201.19058488187687,192.04164189846804,321.2422076218176,0.03429355281207133,1.0,3825.9630535762817,0.4567901234567901,"{""cloud"": 0.8985, ""seabed"": 0.1015}"
miss,p_miss,0.2,6,cacgr,729,76.42112377992903,57.651447606240374,231.46043930781389,0.7873799725651578,1.0,319.28177652359653,0.4567901234567901,"{""seabed"": 0.9328, ""auv"": 0.0453, ""sat"": 0.0178, ""buoy"": 0.0027, ""uav"": 0.0014}"
miss,p_miss,0.2,7,cloud,757,841.8959467137369,823.4560056841692,1447.1849368026074,0.0,1.0,9.600000000010704,1.3249669749009247,"{""cloud"": 1.0}"
miss,p_miss,0.2,7,sensor,757,90.93091258647154,66.76949131658694,242.09484375818835,0.6710700132100397,1.0,266.49330062274504,0.5389696169088507,"{""seabed"": 1.0}"
miss,p_miss,0.2,7,surface,757,354.0983593252508,367.139999750843,523.3426917367614,0.010568031704095112,1.0,3651.8517607095314,0.47820343461030385,"{""buoy"": 1.0}"
miss,p_miss,0.2,7,statopt,757,220.7486786037175,207.72267122979585,370.08836180414914,0.01453104359313078,1.0,3548.033157652347,0.5112285336856011,"{""cloud"": 0.86, ""seabed"": 0.14}"
miss,p_miss,0.2,7,cacgr,757,89.332653480737,66.04953763705052,240.97789658643788,0.6803170409511229,1.0,326.9233597282362,0.5323645970937912,"{""seabed"": 0.9709, ""sat"": 0.0172, ""auv"": 0.0092, ""uav"": 0.0013, ""buoy"": 0.0013}"
miss,p_miss,0.2,8,cloud,772,714.0928739509685,640.2174882690762,1502.7259273670597,0.0,1.0,9.600000000008515,1.36139896373057,"{""cloud"": 1.0}"
miss,p_miss,0.2,8,sensor,772,79.37582338066409,66.8483720532873,155.34077230741366,0.677461139896373,1.0,279.7202072538606,0.5025906735751295,"{""seabed"": 1.0}"
miss,p_miss,0.2,8,surface,772,340.00069144021495,340.1637395589804,472.9082369081051,0.015544041450777202,1.0,3629.0584041450343,0.43005181347150256,"{""buoy"": 1.0}"
miss,p_miss,0.2,8,statopt,772,100.20159557570899,94.09805167538731,176.74331352079022,0.4676165803108808,1.0,3306.960284233854,0.4844559585492228,"{""cloud"": 0.8705, ""seabed"": 0.1295}"
miss,p_miss,0.2,8,cacgr,772,77.24394161400336,64.87892215117039,154.04961654942795,0.6917098445595855,1.0,346.4080017764378,0.4883419689119171,"{""seabed"": 0.9313, ""auv"": 0.0389, ""sat"": 0.0285, ""buoy"": 0.0013}"
miss,p_miss,0.2,9,cloud,819,878.8033117121471,855.4981957707098,1466.7765758160651,0.0,1.0,9.60000000000742,1.5335775335775337,"{""cloud"": 1.0}"
miss,p_miss,0.2,9,sensor,819,72.98250550331636,60.238404423074826,161.04022653989995,0.7545787545787546,1.0,269.5911390196926,0.34798534798534797,"{""seabed"": 1.0}"
miss,p_miss,0.2,9,surface,819,353.41671839323203,356.7042958470925,515.8017856197777,0.028083028083028084,1.0,3501.137696842795,0.3431013431013431,"{""buoy"": 1.0}"
miss,p_miss,0.2,9,statopt,819,76.52091150286533,63.721534760171686,164.4538966014593,0.7301587301587301,1.0,2634.4786324785982,0.33821733821733824,"{""cloud"": 0.7497, ""seabed"": 0.2503}"
miss,p_miss,0.2,9,cacgr,819,71.02385257509148,58.40441167707953,160.87451139373678,0.7643467643467643,1.0,343.25727402754234,0.3492063492063492,"{""seabed"": 0.9328, ""auv"": 0.0354, ""sat"": 0.0293, ""buoy"": 0.0024}"
miss,p_miss,0.2,10,cloud,786,835.7498801056644,772.3984599499219,1299.551676555902,0.0,1.0,9.600000000007197,1.6564885496183206,"{""cloud"": 1.0}"
miss,p_miss,0.2,10,sensor,786,93.47553715176225,65.91151200106397,245.67814552334616,0.6437659033078881,1.0,279.1537622682638,0.55470737913486,"{""seabed"": 1.0}"
miss,p_miss,0.2,10,surface,786,369.72061611805293,370.184410229362,581.2125089859458,0.01272264631043257,1.0,3619.0004565612207,0.6323155216284987,"{""buoy"": 1.0}"
miss,p_miss,0.2,10,statopt,786,93.06672508525655,65.91333733439679,244.30908385453913,0.648854961832061,1.0,1886.6964740094372,0.5432569974554707,"{""cloud"": 0.6132, ""seabed"": 0.3868}"
miss,p_miss,0.2,10,cacgr,786,92.17963088673486,64.5894628442665,243.49228827713551,0.6501272264631043,1.0,337.130625954195,0.55470737913486,"{""seabed"": 0.9313, ""auv"": 0.042, ""sat"": 0.0229, ""buoy"": 0.0025, ""uav"": 0.0013}"
miss,p_miss,0.2,11,cloud,770,808.0969417027342,774.649760871982,1184.4633860194472,0.0,1.0,9.600000000009738,1.5402597402597402,"{""cloud"": 1.0}"
miss,p_miss,0.2,11,sensor,770,121.25910843849314,71.95097686467082,534.422180177596,0.6116883116883117,1.0,295.6456400742069,0.8805194805194805,"{""seabed"": 1.0}"
miss,p_miss,0.2,11,surface,770,439.0115999109547,425.00040697245026,879.5083160274582,0.01038961038961039,1.0,3809.207183673436,0.9688311688311688,"{""buoy"": 1.0}"
miss,p_miss,0.2,11,statopt,770,157.68941778940336,125.57964365015687,293.2454597053915,0.24935064935064935,1.0,3308.45641320962,0.7428571428571429,"{""cloud"": 0.7442, ""seabed"": 0.2558}"
miss,p_miss,0.2,11,cacgr,770,120.05203484144788,70.61928721033765,534.422180177596,0.6155844155844156,1.0,356.01210834878873,0.8805194805194805,"{""seabed"": 0.9377, ""auv"": 0.0364, ""sat"": 0.0234, ""buoy"": 0.0026}"
miss,p_miss,0.2,12,cloud,792,914.4818660462272,830.5168461831587,1750.0346108875383,0.0,1.0,9.600000000006565,2.0303030303030303,"{""cloud"": 1.0}"
miss,p_miss,0.2,12,sensor,792,89.65694141621589,67.27876446182754,221.73281734277816,0.648989898989899,1.0,259.1338383838163,0.5744949494949495,"{""seabed"": 1.0}"
miss,p_miss,0.2,12,surface,792,325.87693380709436,337.27276184012203,557.4747459290104,0.05303030303030303,1.0,3634.817223665174,0.6212121212121212,"{""buoy"": 1.0}"
miss,p_miss,0.2,12,statopt,792,136.6920935115071,131.02806058359843,272.9438867675947,0.2878787878787879,1.0,3239.374222222177,0.5820707070707071,"{""cloud"": 0.8801, ""seabed"": 0.1199}"
miss,p_miss,0.2,12,cacgr,792,89.02249837918589,66.9314258665023,220.48013844018712,0.6502525252525253,1.0,321.45511717169495,0.5883838383838383,"{""seabed"": 0.947, ""auv"": 0.0278, ""sat"": 0.0177, ""buoy"": 0.0063, ""uav"": 0.0013}"
miss,p_miss,0.2,13,cloud,769,879.763378209925,886.1910032369906,1324.5002282087482,0.0,1.0,9.600000000010407,2.2769830949284784,"{""cloud"": 1.0}"
miss,p_miss,0.2,13,sensor,769,82.33291685845445,58.37566507823722,209.71755790959605,0.7477243172951885,1.0,246.53836150841536,0.3966189856957087,"{""seabed"": 1.0}"
miss,p_miss,0.2,13,surface,769,138.54575602290626,123.26400959262192,277.51725393764167,0.29908972691807545,1.0,3501.9136065390453,0.41222366710013003,"{""buoy"": 1.0}"
miss,p_miss,0.2,13,statopt,769,137.8457934615895,123.04731400986735,277.14259199063287,0.30429128738621586,1.0,3501.9136065390453,0.41092327698309494,"{""cloud"": 1.0}"
miss,p_miss,0.2,13,cacgr,769,81.01644364821924,57.01628760940172,202.78585760511712,0.7516254876462939,1.0,316.7347825375814,0.39791937581274384,"{""seabed"": 0.9376, ""auv"": 0.0325, ""sat"": 0.0299}"
miss,p_miss,0.2,14,cloud,750,752.3044740603035,687.8830658319507,1291.088378628649,0.0,1.0,9.600000000007494,1.2853333333333334,"{""cloud"": 1.0}"
miss,p_miss,0.2,14,sensor,750,87.93321927719339,66.5542819535914,190.54219519427645,0.6773333333333333,1.0,259.8095238095044,0.4266666666666667,"{""seabed"": 1.0}"
miss,p_miss,0.2,14,surface,750,305.5345953775611,308.0630499283776,464.41747040088126,0.02266666666666667,1.0,3647.7941577142396,0.48,"{""buoy"": 1.0}"
miss,p_miss,0.2,14,statopt,750,109.76044746885192,94.4716761714626,224.3902584867646,0.4666666666666667,1.0,3311.2571428571023,0.42,"{""cloud"": 0.8813, ""seabed"": 0.1187}"
miss,p_miss,0.2,14,cacgr,750,86.81077224989353,65.60833521821696,189.73502039089408,0.6813333333333333,1.0,297.34122392379084,0.424,"{""seabed"": 0.9373, ""auv"": 0.0453, ""sat"": 0.0173}"
miss,p_miss,0.2,15,cloud,770,794.1003779411869,716.349826603588,1434.164418393485,0.0,1.0,9.600000000004483,1.896103896103896,"{""cloud"": 1.0}"
miss,p_miss,0.2,15,sensor,770,89.789412106032,68.53863952031698,212.9338590535868,0.638961038961039,1.0,254.96846011128886,0.5584415584415584,"{""seabed"": 1.0}"
miss,p_miss,0.2,15,surface,770,257.3920074895485,263.18845874120404,423.77189123054706,0.02987012987012987,1.0,3690.351085714228,0.5675324675324676,"{""buoy"": 1.0}"
miss,p_miss,0.2,15,statopt,770,258.2272812653659,263.3614721401473,423.7750046972136,0.02987012987012987,1.0,3690.351085714228,0.5961038961038961,"{""cloud"": 1.0}"
miss,p_miss,0.2,15,cacgr,770,89.11622319393105,67.16186319448073,212.9338590535868,0.6402597402597403,1.0,315.25003933206705,0.5623376623376624,"{""seabed"": 0.9442, ""auv"": 0.0325, ""sat"": 0.0221, ""uav"": 0.0013}"
miss,p_miss,0.2,16,cloud,748,814.7530173747862,752.4340039411455,1442.749638843534,0.0,1.0,9.600000000008398,1.7299465240641712,"{""cloud"": 1.0}"
miss,p_miss,0.2,16,sensor,748,73.63165393040452,59.92818530619309,162.38797958758414,0.803475935828877,1.0,247.64553093960936,0.3235294117647059,"{""seabed"": 1.0}"
miss,p_miss,0.2,16,surface,748,127.9456368082203,117.75510223531982,228.12990064477316,0.2647058823529412,1.0,3642.184886172587,0.3382352941176471,"{""buoy"": 1.0}"
miss,p_miss,0.2,16,statopt,748,127.39532541005696,116.94298514432849,227.58435551463626,0.2660427807486631,1.0,3642.184886172587,0.3382352941176471,"{""cloud"": 1.0}"
miss,p_miss,0.2,16,cacgr,748,72.4250837434276,58.466661099774925,163.26448981657612,0.8061497326203209,1.0,346.2082236821604,0.33288770053475936,"{""seabed"": 0.9492, ""sat"": 0.0361, ""auv"": 0.012, ""buoy"": 0.0027}"
miss,p_miss,0.2,17,cloud,733,804.1591746940101,745.3897341027497,1282.1102590013875,0.0,1.0,9.600000000009404,1.5948158253751705,"{""cloud"": 1.0}"
miss,p_miss,0.2,17,sensor,733,85.37766989925954,62.190467169309095,206.16242826910053,0.7094133697135061,1.0,299.93412590140053,0.4733969986357435,"{""seabed"": 1.0}"
miss,p_miss,0.2,17,surface,733,482.06241048940996,502.6148951570479,707.8210187521961,0.0068212824010914054,1.0,4098.861673747798,0.7203274215552524,"{""buoy"": 1.0}"
miss,p_miss,0.2,17,statopt,733,87.00368539204774,65.09213067477565,207.52641879690952,0.7080491132332879,1.0,2286.311050477494,0.4542974079126876,"{""seabed"": 0.5007, ""cloud"": 0.4993}"
miss,p_miss,0.2,17,cacgr,733,84.19893746266479,61.10290739413322,205.2221985955412,0.713506139154161,1.0,330.7286133697294,0.4829467939972715,"{""seabed"": 0.9563, ""auv"": 0.0286, ""sat"": 0.0136, ""buoy"": 0.0014}"
miss,p_miss,0.2,18,cloud,782,756.4867795817091,693.7631616245438,1263.6606262883618,0.0,1.0,9.600000000008045,1.3721227621483376,"{""cloud"": 1.0}"
miss,p_miss,0.2,18,sensor,782,88.96033680509798,67.39701771944884,225.72632085145253,0.6406649616368286,1.0,242.23565948114083,0.5421994884910486,"{""seabed"": 1.0}"
miss,p_miss,0.2,18,surface,782,115.32207430510432,103.24743112627282,266.74842120373273,0.4156010230179028,1.0,3184.3198421628886,0.5076726342710998,"{""buoy"": 1.0}"
miss,p_miss,0.2,18,statopt,782,114.60466554616475,102.69573846542517,266.59339293208876,0.4194373401534527,1.0,3184.3198421628886,0.5051150895140665,"{""cloud"": 1.0}"
miss,p_miss,0.2,18,cacgr,782,87.46397584933477,65.1316564298743,223.64059041593595,0.6432225063938619,1.0,320.61086532695805,0.5421994884910486,"{""seabed"": 0.9309, ""auv"": 0.0358, ""sat"": 0.0294, ""buoy"": 0.0038}"
miss,p_miss,0.2,19,cloud,753,827.7273720577703,787.1833556997311,1170.178174832749,0.0,1.0,9.600000000010692,1.9707835325365206,"{""cloud"": 1.0}"
miss,p_miss,0.2,19,sensor,753,92.412271183026,71.90228715965398,180.7888724811949,0.6387782204515272,1.0,309.3800037943556,0.4847277556440903,"{""seabed"": 1.0}"
miss,p_miss,0.2,19,surface,753,410.49426806841024,409.57880999823345,582.9184018822947,0.0026560424966799467,1.0,3716.8727027129366,0.33731739707835323,"{""buoy"": 1.0}"
miss,p_miss,0.2,19,statopt,753,94.60820619362305,72.21007096407266,187.65894869049862,0.6308100929614874,1.0,2034.8210965661146,0.49667994687915007,"{""cloud"": 0.5153, ""seabed"": 0.4847}"
miss,p_miss,0.2,19,cacgr,753,91.3283169226265,70.86398574713078,179.91016243779725,0.646746347941567,1.0,339.4365686966493,0.4847277556440903,"{""seabed"": 0.9456, ""auv"": 0.0385, ""sat"": 0.0159}"
miss,p_miss,0.2,20,cloud,812,841.9886023642646,796.3229894050938,1151.0145284703624,0.0,1.0,9.600000000009333,2.0541871921182264,"{""cloud"": 1.0}"
miss,p_miss,0.2,20,sensor,812,94.89133071483228,73.94211280148144,224.68223373871996,0.5751231527093597,1.0,294.8483462350384,0.7364532019704434,"{""seabed"": 1.0}"
miss,p_miss,0.2,20,surface,812,472.6923830037155,482.92542902106976,684.6426706810483,0.0024630541871921183,1.0,3538.4482702322102,0.6527093596059114,"{""buoy"": 1.0}"
miss,p_miss,0.2,20,statopt,812,153.7354039970298,134.39233239496488,300.4128828308199,0.1416256157635468,1.0,3261.9230685432526,0.7697044334975369,"{""cloud"": 0.7463, ""seabed"": 0.2537}"
miss,p_miss,0.2,20,cacgr,812,93.78947747424068,73.06274863088389,223.4524997241777,0.5812807881773399,1.0,328.6335228712099,0.7327586206896551,"{""seabed"": 0.9692, ""auv"": 0.016, ""sat"": 0.0135, ""buoy"": 0.0012}"
miss,p_miss,0.2,21,cloud,770,940.1309743242243,809.9723367171551,1790.9971776837597,0.0,1.0,9.600000000007087,2.275324675324675,"{""cloud"": 1.0}"
miss,p_miss,0.2,21,sensor,770,97.23170289082546,67.9354183246666,268.8502750515944,0.6402597402597403,1.0,279.1799628942457,0.6675324675324675,"{""seabed"": 1.0}"
miss,p_miss,0.2,21,surface,770,443.55998098375665,456.43208704642166,669.0924330155611,0.016883116883116882,1.0,3979.869702411844,0.8389610389610389,"{""buoy"": 1.0}"
miss,p_miss,0.2,21,statopt,770,117.6294455101524,98.41237768258677,278.16348547606884,0.43506493506493504,1.0,3196.211502782907,0.5961038961038961,"{""cloud"": 0.7312, ""seabed"": 0.2688}"
miss,p_miss,0.2,21,cacgr,770,96.26276524511964,67.13180316965081,268.8502750515944,0.6480519480519481,1.0,317.29556126159144,0.6714285714285714,"{""seabed"": 0.9623, ""auv"": 0.0208, ""sat"": 0.013, ""buoy"": 0.0039}"
miss,p_miss,0.2,22,cloud,813,823.9268711316724,773.0820585805806,1448.1978738559594,0.0,1.0,9.600000000009633,1.6174661746617467,"{""cloud"": 1.0}"
miss,p_miss,0.2,22,sensor,813,90.17554808856008,67.71000240813154,253.95831717787308,0.6728167281672817,1.0,287.26620980494175,0.5756457564575646,"{""seabed"": 1.0}"
miss,p_miss,0.2,22,surface,813,418.56196166446136,429.39571256987585,581.0134188082243,0.014760147601476014,1.0,3678.116591108729,0.5362853628536285,"{""buoy"": 1.0}"
miss,p_miss,0.2,22,statopt,813,108.2952272230568,94.96738624650074,218.52001753962,0.4735547355473555,1.0,2983.2696144789697,0.5116851168511685,"{""cloud"": 0.7651, ""seabed"": 0.2349}"
miss,p_miss,0.2,22,cacgr,813,89.68765177278668,66.84738120465676,252.74399400491208,0.6740467404674046,1.0,341.2769984888286,0.5817958179581796,"{""seabed"": 0.941, ""auv"": 0.0344, ""sat"": 0.0221, ""buoy"": 0.0025}"
miss,p_miss,0.2,23,cloud,784,892.9849424942701,826.8254019524604,1435.3555146536976,0.0,1.0,9.600000000010521,2.0969387755102042,"{""cloud"": 1.0}"
miss,p_miss,0.2,23,sensor,784,99.41335381060453,70.88994246937682,264.26132391088,0.639030612244898,1.0,273.92966472302436,0.6479591836734694,"{""seabed"": 1.0}"
miss,p_miss,0.2,23,surface,784,420.7773339056857,426.79652462566605,635.0959614582229,0.012755102040816327,1.0,3650.0747755101647,0.8456632653061225,"{""buoy"": 1.0}"
miss,p_miss,0.2,23,statopt,784,113.805989797396,83.28444292189087,307.3683254843602,0.5548469387755102,1.0,2914.2448979591563,0.6696428571428571,"{""cloud"": 0.7436, ""seabed"": 0.2564}"
miss,p_miss,0.2,23,cacgr,784,97.92997699581738,69.76193681850587,262.67981429039287,0.6441326530612245,1.0,339.74767434401514,0.6530612244897959,"{""seabed"": 0.9439, ""auv"": 0.0281, ""sat"": 0.0255, ""uav"": 0.0013, ""buoy"": 0.0013}"
miss,p_miss,0.2,24,cloud,813,792.2365505844592,753.339316207659,1190.107249590222,0.0,1.0,9.60000000000958,2.018450184501845,"{""cloud"": 1.0}"
miss,p_miss,0.2,24,sensor,813,96.06602446767214,73.19214231572042,245.0402212956018,0.6125461254612546,1.0,242.28290282898672,0.6703567035670357,"{""seabed"": 1.0}"
miss,p_miss,0.2,24,surface,813,139.83419595942607,131.8502699119223,258.17913049354354,0.22632226322263221,1.0,3193.0071172025387,0.6199261992619927,"{""buoy"": 1.0}"
miss,p_miss,0.2,24,statopt,813,139.270401476203,131.49767003804058,258.18139076021004,0.23247232472324722,1.0,3193.0071172025387,0.6236162361623616,"{""cloud"": 1.0}"
miss,p_miss,0.2,24,cacgr,813,95.18009954574246,72.35272324249065,245.0402212956018,0.6137761377613776,1.0,289.1064271305154,0.6777367773677737,"{""seabed"": 0.9459, ""auv"": 0.0332, ""sat"": 0.0148, ""buoy"": 0.0062}"
miss,p_miss,0.2,25,cloud,675,770.7851278003326,761.2645898683654,1164.9913047027196,0.0,1.0,9.600000000006192,1.2785185185185186,"{""cloud"": 1.0}"
miss,p_miss,0.2,25,sensor,675,88.1659017206877,64.23764641842742,207.7117342346611,0.6948148148148148,1.0,273.16402116401025,0.482962962962963,"{""seabed"": 1.0}"
miss,p_miss,0.2,25,surface,675,341.9959626820616,343.48857543290165,532.7848707710876,0.01925925925925926,1.0,4336.472885502598,0.46814814814814815,"{""buoy"": 1.0}"
miss,p_miss,0.2,25,statopt,675,218.09013926517244,222.74321427410177,362.07829960136667,0.057777777777777775,1.0,4095.0072743279957,0.46814814814814815,"{""cloud"": 0.8726, ""seabed"": 0.1274}"
miss,p_miss,0.2,25,cacgr,675,87.35907139427637,63.80974777483595,209.8324836491789,0.6977777777777778,1.0,303.41447517459056,0.48148148148148145,"{""seabed"": 0.9393, ""auv"": 0.0459, ""sat"": 0.0148}"
miss,p_miss,0.2,26,cloud,842,632.7441842582808,617.2265395938853,1082.5733118726966,0.0,1.0,9.6000000000104,1.0391923990498813,"{""cloud"": 1.0}"
miss,p_miss,0.2,26,sensor,842,73.37322230385733,64.79697211765682,143.71095036828586,0.7826603325415677,1.0,288.91041737358177,0.39548693586698336,"{""seabed"": 1.0}"
miss,p_miss,0.2,26,surface,842,372.9622797576945,373.36132118007106,531.744733302212,0.0011876484560570072,1.0,3297.0526392941642,0.4156769596199525,"{""buoy"": 1.0}"
miss,p_miss,0.2,26,statopt,842,265.6177726572873,275.37121081396424,372.47860654878315,0.029691211401425176,1.0,3335.711636511666,0.43942992874109266,"{""cloud"": 0.8705, ""seabed"": 0.1295}"
miss,p_miss,0.2,26,cacgr,842,72.38861216346064,63.297186141909364,141.54516786394476,0.7874109263657957,1.0,326.14220916184047,0.39429928741092635,"{""seabed"": 0.9394, ""auv"": 0.0416, ""sat"": 0.0154, ""buoy"": 0.0036}"
miss,p_miss,0.2,27,cloud,753,701.8278379121042,689.5584096015538,1157.3032639378505,0.0,1.0,9.600000000010922,0.9309428950863213,"{""cloud"": 1.0}"
miss,p_miss,0.2,27,sensor,753,73.6915556202708,59.88370759390867,162.1004747954381,0.7675962815405046,1.0,280.82754695503576,0.4037184594953519,"{""seabed"": 1.0}"
miss,p_miss,0.2,27,surface,753,394.2286688757085,408.6663660579497,581.0351334229102,0.00796812749003984,1.0,3883.7535708593887,0.5936254980079682,"{""buoy"": 1.0}"
miss,p_miss,0.2,27,statopt,753,179.77093525552826,172.48266285188973,295.64423990479736,0.0451527224435591,1.0,3612.2088635932205,0.450199203187251,"{""cloud"": 0.7596, ""seabed"": 0.2404}"
miss,p_miss,0.2,27,cacgr,753,73.01486367037786,59.136941992330684,160.41404186074908,0.7702523240371846,1.0,305.72815511288053,0.4037184594953519,"{""seabed"": 0.9641, ""auv"": 0.0252, ""sat"": 0.0106}"
miss,p_miss,0.2,28,cloud,756,756.5951501550677,680.4695952785822,1483.2769142935779,0.0,1.0,9.600000000007213,1.0383597883597884,"{""cloud"": 1.0}"
miss,p_miss,0.2,28,sensor,756,88.56086265563981,65.62903718470734,228.29688125490048,0.6917989417989417,1.0,267.5234315948462,0.5079365079365079,"{""seabed"": 1.0}"
miss,p_miss,0.2,28,surface,756,309.98274833969236,311.18081228771615,492.579108561965,0.018518518518518517,1.0,3898.533309145841,0.44576719576719576,"{""buoy"": 1.0}"
miss,p_miss,0.2,28,statopt,756,92.23634596243352,68.86070747999905,235.19065556908893,0.6732804232804233,1.0,2619.08238851093,0.5238095238095238,"{""cloud"": 0.7632, ""seabed"": 0.2368}"
miss,p_miss,0.2,28,cacgr,756,87.57582814267872,63.929251626806156,228.29688125490048,0.6944444444444444,1.0,326.07538926680337,0.5198412698412699,"{""seabed"": 0.9471, ""auv"": 0.0278, ""sat"": 0.0238, ""buoy"": 0.0013}"
miss,p_miss,0.2,29,cloud,782,802.9831756931474,785.5060412926152,1130.6722524933657,0.0,1.0,9.600000000008393,2.1240409207161126,"{""cloud"": 1.0}"
miss,p_miss,0.2,29,sensor,782,85.902421081887,63.133943599834005,213.74812882144343,0.6713554987212276,1.0,292.19912312752354,0.5792838874680307,"{""seabed"": 1.0}"
miss,p_miss,0.2,29,surface,782,399.1107630815083,407.66101348123203,554.979470347074,0.010230179028132993,1.0,3549.8635937157264,0.40025575447570333,"{""buoy"": 1.0}"
miss,p_miss,0.2,29,statopt,782,103.89775769127898,86.89583866938277,232.88833583939967,0.5217391304347826,1.0,3050.154914139564,0.5882352941176471,"{""cloud"": 0.624, ""seabed"": 0.376}"
miss,p_miss,0.2,29,cacgr,782,85.36198157717791,62.8865046580544,213.74812882144343,0.6739130434782609,1.0,303.00840131531965,0.5856777493606138,"{""seabed"": 0.9604, ""auv"": 0.0332, ""sat"": 0.0064}"
miss,p_miss,0.3,0,cloud,764,824.4734083491435,813.6772504978919,1316.6265517745767,0.0,1.0,9.60000000000704,1.9214659685863875,"{""cloud"": 1.0}"
miss,p_miss,0.3,0,sensor,764,97.0417883483585,70.91301859072283,236.63318259082052,0.6243455497382199,1.0,285.11518324607835,0.6321989528795812,"{""seabed"": 1.0}"
miss,p_miss,0.3,0,surface,764,412.18952534440024,408.50850908099113,654.974359530937,0.0,1.0,3872.737017202664,0.831151832460733,"{""buoy"": 1.0}"
miss,p_miss,0.3,0,statopt,764,100.87917729698408,74.48425766580034,237.60253393468716,0.5916230366492147,1.0,2675.448017950626,0.612565445026178,"{""cloud"": 0.6414, ""seabed"": 0.3586}"
miss,p_miss,0.3,0,cacgr,764,96.07490104810712,69.93712397482619,236.63318259082052,0.6295811518324608,1.0,365.415928197462,0.6465968586387435,"{""seabed"": 0.949, ""auv"": 0.0236, ""sat"": 0.0223, ""buoy"": 0.0052}"
miss,p_miss,0.3,1,cloud,727,951.3497071933181,876.2898661334206,1798.2473125620772,0.0,1.0,9.600000000012797,3.370013755158184,"{""cloud"": 1.0}"
miss,p_miss,0.3,1,sensor,727,116.9080480458849,87.60696532678412,270.6942071935955,0.5089408528198074,1.0,273.91982707800565,0.9972489683631361,"{""seabed"": 1.0}"
miss,p_miss,0.3,1,surface,727,439.0642230358149,459.82619820821543,643.666345886959,0.027510316368638238,1.0,3991.111548830785,1.453920220082531,"{""buoy"": 1.0}"
miss,p_miss,0.3,1,statopt,727,124.92182253530869,100.11991649625561,274.0570407267047,0.4511691884456671,1.0,2904.102574179581,0.9697386519944979,"{""cloud"": 0.7428, ""seabed"": 0.2572}"
miss,p_miss,0.3,1,cacgr,727,116.31777633376548,87.03759525303946,270.6942071935955,0.5116918844566712,1.0,319.4769738651937,0.9986244841815681,"{""seabed"": 0.9615, ""auv"": 0.0206, ""sat"": 0.0165, ""buoy"": 0.0014}"
miss,p_miss,0.3,2,cloud,757,959.9998010222894,907.3621713887235,1485.2757422997904,0.0,1.0,9.60000000000511,3.6763540290620873,"{""cloud"": 1.0}"
miss,p_miss,0.3,2,sensor,757,113.61248046134097,84.09733048066943,342.6739484470064,0.5389696169088507,1.0,281.4961313455384,1.011889035667107,"{""seabed"": 1.0}"
miss,p_miss,0.3,2,surface,757,462.98009350753944,442.87787339960147,771.8400634455244,0.003963011889035667,1.0,3878.325815436844,1.5402906208718625,"{""buoy"": 1.0}"
miss,p_miss,0.3,2,statopt,757,112.9753983613307,83.92989205460314,340.2689594316687,0.5442536327608983,1.0,2290.5827514625294,0.9815059445178336,"{""cloud"": 0.6328, ""seabed"": 0.3672}"
miss,p_miss,0.3,2,cacgr,757,112.86491602831781,81.9944912627029,349.41776353767585,0.5468956406869221,1.0,315.9735225514248,1.0092470277410832,"{""seabed"": 0.9617, ""auv"": 0.0225, ""sat"": 0.0119, ""buoy"": 0.0026, ""uav"": 0.0013}"
miss,p_miss,0.3,3,cloud,758,860.3590507701865,712.9802249168863,1781.5859792415717,0.0,1.0,9.600000000010066,1.8179419525065963,"{""cloud"": 1.0}"
miss,p_miss,0.3,3,sensor,758,96.51901830344669,67.30868838376173,244.95839253523357,0.6609498680738787,1.0,252.320392009013,0.6240105540897097,"{""seabed"": 1.0}"
miss,p_miss,0.3,3,surface,758,250.3225170825202,236.30330165467214,459.07031574296644,0.029023746701846966,1.0,3771.340550320331,0.679419525065963,"{""buoy"": 1.0}"
miss,p_miss,0.3,3,statopt,758,249.24759835462882,235.58085962037373,458.8917369801308,0.029023746701846966,1.0,3771.340550320331,0.6781002638522428,"{""cloud"": 1.0}"
miss,p_miss,0.3,3,cacgr,758,95.15933667818459,65.64702457355773,240.3267051120286,0.6649076517150396,1.0,316.50063837162105,0.6319261213720316,"{""seabed"": 0.9538, ""sat"": 0.0224, ""auv"": 0.0198, ""buoy"": 0.004}"
miss,p_miss,0.3,4,cloud,790,818.4841862461341,726.0177915086445,1484.5583791245035,0.0,1.0,9.600000000005899,1.781012658227848,"{""cloud"": 1.0}"
miss,p_miss,0.3,4,sensor,790,111.46452186290902,78.61583748741077,298.65602330558437,0.5518987341772152,1.0,268.77215189872175,0.9582278481012658,"{""seabed"": 1.0}"
miss,p_miss,0.3,4,surface,790,388.29911065852616,383.7761991033356,647.0291429247897,0.007594936708860759,1.0,3647.6901670885695,1.1037974683544305,"{""buoy"": 1.0}"
miss,p_miss,0.3,4,statopt,790,263.9210099025231,242.75754927187347,466.15388507363696,0.0189873417721519,1.0,3491.626867558733,0.8886075949367088,"{""cloud"": 0.8848, ""seabed"": 0.1152}"
miss,p_miss,0.3,4,cacgr,790,110.41325530590076,76.88514014199312,297.0619220792272,0.5556962025316455,1.0,314.86346184447217,0.9531645569620253,"{""seabed"": 0.9671, ""auv"": 0.0165, ""sat"": 0.0139, ""buoy"": 0.0025}"
miss,p_miss,0.3,5,cloud,763,909.4902508265956,882.5961473560118,1366.5707170808366,0.0,1.0,9.600000000006931,2.5688073394495414,"{""cloud"": 1.0}"
miss,p_miss,0.3,5,sensor,763,102.45257147228193,77.26237380098586,243.19835095490458,0.5688073394495413,1.0,287.89215502712926,0.7706422018348624,"{""seabed"": 1.0}"
miss,p_miss,0.3,5,surface,763,364.1470971012669,370.30548804176453,512.1671163492373,0.01310615989515072,1.0,3735.505557760678,0.781127129750983,"{""buoy"": 1.0}"
miss,p_miss,0.3,5,statopt,763,148.77423306210895,130.05282800805585,281.0652377882203,0.21887287024901703,1.0,3508.3860820070736,0.7758846657929227,"{""cloud"": 0.8506, ""seabed"": 0.1494}"
miss,p_miss,0.3,5,cacgr,763,101.35777334912457,76.58288504339725,242.24139422473542,0.5740498034076016,1.0,319.73933031265653,0.7758846657929227,"{""seabed"": 0.9633, ""auv"": 0.0223, ""sat"": 0.0118, ""uav"": 0.0013, ""buoy"": 0.0013}"
miss,p_miss,0.3,6,cloud,729,820.5098296709981,792.0603628467596,1344.540334222266,0.0,0.9876543209876543,9.600000000009997,1.8751714677640603,"{""cloud"": 0.9877, ""-"": 0.0123}"
miss,p_miss,0.3,6,sensor,729,87.03786916261038,65.613398099062,232.30150288000613,0.6803840877914952,1.0,266.7658240250655,0.6063100137174211,"{""seabed"": 1.0}"
miss,p_miss,0.3,6,surface,729,325.9147770233231,331.65274392853195,465.4583936843432,0.0205761316872428,1.0,3968.3744025082815,0.607681755829904,"{""buoy"": 1.0}"
miss,p_miss,0.3,6,statopt,729,210.3508501572002,206.056587448202,321.2422076218176,0.03155006858710562,1.0,3825.9630535762817,0.598079561042524,"{""cloud"": 0.8985, ""seabed"": 0.1015}"
miss,p_miss,0.3,6,cacgr,729,85.55406759275502,64.37594673055864,231.46043930781389,0.6872427983539094,1.0,315.6858525573022,0.6021947873799726,"{""seabed"": 0.9342, ""auv"": 0.0453, ""sat"": 0.0165, ""buoy"": 0.0027, ""uav"": 0.0014}"
miss,p_miss,0.3,7,cloud,757,1142.4097812894963,1188.326354257943,1761.5021341816787,0.0,1.0,9.60000000001151,4.686922060766182,"{""cloud"": 1.0}"
miss,p_miss,0.3,7,sensor,757,111.90819585748544,84.07980667715698,264.3864338178417,0.5297225891677675,1.0,266.49330062274504,0.8731836195508587,"{""seabed"": 1.0}"
miss,p_miss,0.3,7,surface,757,396.2094887184297,398.7728110619357,651.3384277265219,0.010568031704095112,1.0,3655.619970560444,0.9128137384412153,"{""buoy"": 1.0}"
miss,p_miss,0.3,7,statopt,757,244.54396490614266,221.39432219497368,420.65921884522714,0.01453104359313078,1.0,3559.166832987315,0.8441215323645971,"{""cloud"": 0.86, ""seabed"": 0.14}"
miss,p_miss,0.3,7,cacgr,757,110.92191871915428,82.28428479793753,264.3864338178417,0.535006605019815,1.0,312.807488809195,0.8718626155878467,"{""seabed"": 0.9749, ""sat"": 0.0132, ""auv"": 0.0092, ""buoy"": 0.0026}"
miss,p_miss,0.3,8,cloud,772,806.5716081314666,761.5175061082906,1534.10705824444,0.0,1.0,9.600000000008515,2.2577720207253886,"{""cloud"": 1.0}"
miss,p_miss,0.3,8,sensor,772,101.74431150979984,91.1078538237524,218.8397694102477,0.4948186528497409,1.0,279.7202072538606,0.8795336787564767,"{""seabed"": 1.0}"
miss,p_miss,0.3,8,surface,772,368.13750417899905,363.86605907383614,521.5504993366047,0.011658031088082901,1.0,3632.7548897112806,0.8031088082901554,"{""buoy"": 1.0}"
miss,p_miss,0.3,8,statopt,772,121.5821009111897,116.51500985990376,226.4716491350093,0.3484455958549223,1.0,3306.960284233854,0.8523316062176166,"{""cloud"": 0.8705, ""seabed"": 0.1295}"
miss,p_miss,0.3,8,cacgr,772,99.55866873984745,88.8116030564796,217.22854728330915,0.5090673575129534,1.0,343.6410288674812,0.8639896373056994,"{""seabed"": 0.9339, ""auv"": 0.0376, ""sat"": 0.0233, ""buoy"": 0.0052}"
miss,p_miss,0.3,9,cloud,819,1089.5279407315386,1113.4169198652016,1860.0976210519975,0.0,1.0,9.600000000009526,3.3443223443223444,"{""cloud"": 1.0}"
miss,p_miss,0.3,9,sensor,819,94.7220448403152,71.15386901914631,212.4125443474334,0.6019536019536019,1.0,269.5911390196926,0.717948717948718,"{""seabed"": 1.0}"
miss,p_miss,0.3,9,surface,819,380.03599796497565,382.7198355371818,553.7159188987663,0.028083028083028084,1.0,3501.13488365598,0.6361416361416361,"{""buoy"": 1.0}"
miss,p_miss,0.3,9,statopt,819,96.64829963413612,75.82386412240957,201.32794704374095,0.5775335775335775,1.0,2634.4786324785982,0.6984126984126984,"{""cloud"": 0.7497, ""seabed"": 0.2503}"
miss,p_miss,0.3,9,cacgr,819,92.23958227620481,68.43105109426888,201.30581584204162,0.612942612942613,1.0,340.50036211405876,0.7118437118437119,"{""seabed"": 0.9365, ""auv"": 0.033, ""sat"": 0.0281, ""buoy"": 0.0024}"
miss,p_miss,0.3,10,cloud,786,958.0448269807001,906.0959206682294,1730.201849077654,0.0,1.0,9.600000000008308,2.657760814249364,"{""cloud"": 1.0}"
miss,p_miss,0.3,10,sensor,786,108.49070388302114,76.45393643601892,261.0325143731121,0.539440203562341,1.0,279.1537622682638,0.7709923664122137,"{""seabed"": 1.0}"
miss,p_miss,0.3,10,surface,786,424.09157207723285,419.99533318456486,631.4664041071592,0.01272264631043257,1.0,3691.698849872744,0.8956743002544529,"{""buoy"": 1.0}"
miss,p_miss,0.3,10,statopt,786,107.79095576039053,75.91897425226784,261.0115596955418,0.544529262086514,1.0,1886.6964740094372,0.7569974554707379,"{""cloud"": 0.6132, ""seabed"": 0.3868}"
miss,p_miss,0.3,10,cacgr,786,107.05177986425542,74.60011526407821,261.009611695542,0.5470737913486005,1.0,340.07110141766304,0.77735368956743,"{""seabed"": 0.9415, ""auv"": 0.0318, ""sat"": 0.0229, ""buoy"": 0.0025, ""uav"": 0.0013}"
miss,p_miss,0.3,11,cloud,770,1020.716911903744,841.8189201007748,1859.03156798182,0.0,1.0,9.600000000011494,3.57012987012987,"{""cloud"": 1.0}"
miss,p_miss,0.3,11,sensor,770,141.49316819667015,83.10743445868769,534.422180177596,0.5363636363636364,1.0,295.6456400742069,1.1779220779220778,"{""seabed"": 1.0}"
miss,p_miss,0.3,11,surface,770,510.86520651263834,515.2298353562098,885.4284680384885,0.01038961038961039,1.0,4017.0008875695426,1.6311688311688313,"{""buoy"": 1.0}"
miss,p_miss,0.3,11,statopt,770,176.36553903314748,133.672908613695,479.463602924241,0.23506493506493506,1.0,3308.45641320962,1.0220779220779221,"{""cloud"": 0.7442, ""seabed"": 0.2558}"
miss,p_miss,0.3,11,cacgr,770,139.65095127331261,82.05986781299325,534.422180177596,0.5415584415584416,1.0,355.50818849721253,1.1766233766233767,"{""seabed"": 0.9468, ""auv"": 0.0286, ""sat"": 0.0208, ""buoy"": 0.0039}"
miss,p_miss,0.3,12,cloud,792,1058.829361368612,976.9428782758046,2193.741153687361,0.0,1.0,9.600000000006371,3.460858585858586,"{""cloud"": 1.0}"
miss,p_miss,0.3,12,sensor,792,109.10925884486205,77.1900178539015,297.7773215598658,0.553030303030303,1.0,259.1338383838163,0.8143939393939394,"{""seabed"": 1.0}"
miss,p_miss,0.3,12,surface,792,359.03625650369133,367.14956568939044,580.9838082309276,0.04671717171717172,1.0,3645.6373102452594,0.9053030303030303,"{""buoy"": 1.0}"
miss,p_miss,0.3,12,statopt,792,156.56869579123162,142.91594689145683,328.6047309535239,0.2398989898989899,1.0,3239.374222222177,0.8472222222222222,"{""cloud"": 0.8801, ""seabed"": 0.1199}"
miss,p_miss,0.3,12,cacgr,792,107.92367771615547,76.26761523359552,294.93569003770364,0.5555555555555556,1.0,318.53254834052586,0.821969696969697,"{""seabed"": 0.9495, ""auv"": 0.0265, ""sat"": 0.0164, ""buoy"": 0.0063, ""uav"": 0.0013}"
miss,p_miss,0.3,13,cloud,769,1062.2497545383223,1031.0687910589113,1752.6497261828767,0.0,1.0,9.600000000013758,4.522756827048115,"{""cloud"": 1.0}"
miss,p_miss,0.3,13,sensor,769,100.37643209269696,71.54769324822446,259.85738038323353,0.6215864759427828,1.0,246.53836150841536,0.7152145643693107,"{""seabed"": 1.0}"
miss,p_miss,0.3,13,surface,769,156.26653781726637,132.19362212879926,322.79795613396976,0.23667100130039012,1.0,3505.628507523626,0.741222366710013,"{""buoy"": 1.0}"
miss,p_miss,0.3,13,statopt,769,155.65124872967672,132.1001069460291,317.86156950384145,0.24057217165149544,1.0,3505.628507523626,0.741222366710013,"{""cloud"": 1.0}"
miss,p_miss,0.3,13,cacgr,769,98.39992798285557,69.65567343159988,255.85359185648286,0.6319895968790638,1.0,314.29040876830794,0.7087126137841352,"{""seabed"": 0.9428, ""auv"": 0.0286, ""sat"": 0.0286}"
miss,p_miss,0.3,14,cloud,750,878.2450474404851,718.822586838139,1928.4847966610969,0.0,1.0,9.600000000010652,2.026666666666667,"{""cloud"": 1.0}"
miss,p_miss,0.3,14,sensor,750,109.03935802870765,86.46069337061077,234.32518629448387,0.516,1.0,259.8095238095044,0.7866666666666666,"{""seabed"": 1.0}"
miss,p_miss,0.3,14,surface,750,330.68380801960024,333.8685324230655,504.498533847166,0.02266666666666667,1.0,3762.075263999953,0.816,"{""buoy"": 1.0}"
miss,p_miss,0.3,14,statopt,750,135.03766992041102,111.48590703124901,272.0869340148355,0.36666666666666664,1.0,3311.2571428571023,0.828,"{""cloud"": 0.8813, ""seabed"": 0.1187}"
miss,p_miss,0.3,14,cacgr,750,108.1695622241658,85.4937700290256,232.74468977473583,0.5186666666666667,1.0,295.07302125712454,0.792,"{""seabed"": 0.9427, ""auv"": 0.0413, ""sat"": 0.0133, ""buoy"": 0.0027}"
miss,p_miss,0.3,15,cloud,770,896.2298213185376,750.7399011026888,1635.4788603062348,0.0,1.0,9.600000000004483,3.1311688311688313,"{""cloud"": 1.0}"
miss,p_miss,0.3,15,sensor,770,111.68978118491945,82.75529555174847,247.06386415018875,0.5272727272727272,1.0,254.96846011128886,0.8480519480519481,"{""seabed"": 1.0}"
miss,p_miss,0.3,15,surface,770,290.188744721742,284.32375153517995,483.4322401004911,0.02987012987012987,1.0,3705.194383673412,0.8922077922077922,"{""buoy"": 1.0}"
miss,p_miss,0.3,15,statopt,770,289.1327609870488,283.30614492491856,483.43524703382445,0.02987012987012987,1.0,3705.194383673412,0.9,"{""cloud"": 1.0}"
miss,p_miss,0.3,15,cacgr,770,110.39719063102102,80.64837882691933,245.99713462577105,0.5324675324675324,1.0,316.2132927643489,0.8454545454545455,"{""seabed"": 0.9481, ""auv"": 0.0286, ""sat"": 0.0208, ""uav"": 0.0013, ""buoy"": 0.0013}"
miss,p_miss,0.3,16,cloud,748,1080.0559791955275,802.0680010949613,2958.7676382296045,0.0,1.0,9.600000000012294,2.7807486631016043,"{""cloud"": 1.0}"
miss,p_miss,0.3,16,sensor,748,106.52524222486804,71.19675995612546,336.5596518774295,0.6390374331550802,1.0,247.64553093960936,0.7459893048128342,"{""seabed"": 1.0}"
miss,p_miss,0.3,16,surface,748,162.6401041773539,132.61364770620762,423.93491655991,0.16443850267379678,1.0,3642.184886172587,0.7767379679144385,"{""buoy"": 1.0}"
miss,p_miss,0.3,16,statopt,748,161.92479979901614,132.34797301835582,421.89480813991236,0.16711229946524064,1.0,3642.184886172587,0.7767379679144385,"{""cloud"": 1.0}"
miss,p_miss,0.3,16,cacgr,748,104.4506067234656,69.70217654372131,334.76424203094126,0.6457219251336899,1.0,336.0090854086691,0.7433155080213903,"{""seabed"": 0.9545, ""sat"": 0.0321, ""auv"": 0.0107, ""buoy"": 0.0027}"
miss,p_miss,0.3,17,cloud,733,1055.053615752192,863.117682641887,2385.374800033853,0.0,1.0,9.600000000013202,3.432469304229195,"{""cloud"": 1.0}"
miss,p_miss,0.3,17,sensor,733,108.521713725823,72.91403836220222,330.0887793508175,0.5784447476125512,1.0,299.93412590140053,0.7926330150068213,"{""seabed"": 1.0}"
miss,p_miss,0.3,17,surface,733,604.2758866317821,582.4930788738224,1090.975137552798,0.0068212824010914054,1.0,4208.002716039748,1.2264665757162347,"{""buoy"": 1.0}"
miss,p_miss,0.3,17,statopt,733,110.2071945817494,75.9924055431009,294.0644376369255,0.5716234652114598,1.0,2286.311050477494,0.7748976807639836,"{""seabed"": 0.5007, ""cloud"": 0.4993}"
miss,p_miss,0.3,17,cacgr,733,107.69211248352121,71.99638949700457,330.0887793508175,0.582537517053206,1.0,329.41968177744735,0.8130968622100955,"{""seabed"": 0.9659, ""auv"": 0.0205, ""sat"": 0.0095, ""buoy"": 0.0041}"
miss,p_miss,0.3,18,cloud,782,920.4795427055101,809.3376454395705,1890.4721600717824,0.0,1.0,9.600000000009887,2.6138107416879794,"{""cloud"": 1.0}"
miss,p_miss,0.3,18,sensor,782,111.84754815272258,85.83067637932861,268.7224200633692,0.5127877237851662,1.0,242.23565948114083,0.8900255754475703,"{""seabed"": 1.0}"
miss,p_miss,0.3,18,surface,782,137.7747571568979,123.39089681620733,319.4581397866302,0.3030690537084399,1.0,3195.2792751186794,0.8375959079283888,"{""buoy"": 1.0}"
miss,p_miss,0.3,18,statopt,782,137.1912497489305,122.44132392850842,319.4612111199634,0.3069053708439898,1.0,3195.2792751186794,0.8388746803069054,"{""cloud"": 1.0}"
miss,p_miss,0.3,18,cacgr,782,110.41856802145193,85.13470600482263,266.41078256472235,0.5166240409207161,1.0,319.0642580927595,0.8976982097186701,"{""seabed"": 0.9399, ""auv"": 0.0281, ""sat"": 0.0243, ""buoy"": 0.0077}"
miss,p_miss,0.3,19,cloud,753,1036.436253665894,1052.404108431311,1407.8109354047879,0.0,1.0,9.600000000010082,4.130146082337317,"{""cloud"": 1.0}"
miss,p_miss,0.3,19,sensor,753,107.9079897011571,85.02977800328216,228.7879957925333,0.5205843293492696,1.0,309.3800037943556,0.7237715803452855,"{""seabed"": 1.0}"
miss,p_miss,0.3,19,surface,753,480.81435518498677,501.47892751494874,700.9678584216925,0.0026560424966799467,1.0,3910.384880288351,0.7795484727755644,"{""buoy"": 1.0}"
miss,p_miss,0.3,19,statopt,753,109.77758328949636,86.75701930207815,231.67290616156689,0.5139442231075697,1.0,2034.8210965661146,0.7343957503320053,"{""cloud"": 0.5153, ""seabed"": 0.4847}"
miss,p_miss,0.3,19,cacgr,753,106.4215057214739,83.25864158163508,228.2358444475867,0.5325365205843293,1.0,340.84843285904753,0.7211155378486056,"{""seabed"": 0.9495, ""auv"": 0.0345, ""sat"": 0.0159}"
miss,p_miss,0.3,20,cloud,812,959.1915266479168,969.6919503562308,1426.316742728622,0.0,1.0,9.600000000010327,3.2204433497536944,"{""cloud"": 1.0}"
miss,p_miss,0.3,20,sensor,812,120.34190853315415,104.44159753317048,277.89477921843553,0.45073891625615764,1.0,294.8483462350384,1.2438423645320198,"{""seabed"": 1.0}"
miss,p_miss,0.3,20,surface,812,531.992536545588,533.7990250057367,780.5869323144481,0.0024630541871921183,1.0,3563.0693539760505,1.1169950738916257,"{""buoy"": 1.0}"
miss,p_miss,0.3,20,statopt,812,182.01280265816538,163.05289289645438,333.51381773212137,0.10591133004926108,1.0,3268.9598933145407,1.2980295566502462,"{""cloud"": 0.7463, ""seabed"": 0.2537}"
miss,p_miss,0.3,20,cacgr,812,119.45331396929295,102.68463490085512,275.66644304019275,0.45566502463054187,1.0,328.6335228712099,1.2401477832512315,"{""seabed"": 0.9692, ""auv"": 0.016, ""sat"": 0.0135, ""buoy"": 0.0012}"
miss,p_miss,0.3,21,cloud,770,1080.657961240509,906.36506155508,2183.3581230828477,0.0,1.0,9.600000000009015,3.296103896103896,"{""cloud"": 1.0}"
miss,p_miss,0.3,21,sensor,770,124.46167471919638,102.59732887192773,335.18496932929014,0.4727272727272727,1.0,279.1799628942457,1.0662337662337662,"{""seabed"": 1.0}"
miss,p_miss,0.3,21,surface,770,488.07144942060637,478.7872989507505,751.9737251639344,0.00909090909090909,1.0,4057.7838011131385,1.1636363636363636,"{""buoy"": 1.0}"
miss,p_miss,0.3,21,statopt,770,144.01599808750004,124.27685564526885,346.8636656417087,0.2922077922077922,1.0,3196.211502782907,0.9818181818181818,"{""cloud"": 0.7312, ""seabed"": 0.2688}"
miss,p_miss,0.3,21,cacgr,770,123.74108965039802,99.56276701344686,335.18496932929014,0.4792207792207792,1.0,314.54873825602556,1.0714285714285714,"{""seabed"": 0.9662, ""auv"": 0.0182, ""sat"": 0.0117, ""buoy"": 0.0039}"
miss,p_miss,0.3,22,cloud,813,971.8152630144584,844.6106634433047,2308.169025302647,0.0,1.0,9.600000000009203,2.6863468634686347,"{""cloud"": 1.0}"
miss,p_miss,0.3,22,sensor,813,109.69988458081473,87.31435078018549,262.26515449135366,0.5227552275522755,1.0,287.26620980494175,0.9532595325953259,"{""seabed"": 1.0}"
miss,p_miss,0.3,22,surface,813,490.87986728284415,493.11462678572803,731.3056589728124,0.00984009840098401,1.0,3846.8153280618144,0.959409594095941,"{""buoy"": 1.0}"
miss,p_miss,0.3,22,statopt,813,129.13203726818523,105.45151577736397,306.0203724151285,0.3997539975399754,1.0,2983.2696144789697,0.9028290282902829,"{""cloud"": 0.7651, ""seabed"": 0.2349}"
miss,p_miss,0.3,22,cacgr,813,108.9768411098474,86.69324771859829,262.05855011157183,0.5264452644526445,1.0,341.0193762783211,0.959409594095941,"{""seabed"": 0.9496, ""auv"": 0.0271, ""sat"": 0.0197, ""buoy"": 0.0037}"
miss,p_miss,0.3,23,cloud,784,1006.8211350040349,890.5656030123225,1626.7199506574798,0.0,1.0,9.600000000011356,3.3431122448979593,"{""cloud"": 1.0}"
miss,p_miss,0.3,23,sensor,784,122.68010056329153,91.55459298133695,271.71840650570323,0.49362244897959184,1.0,273.92966472302436,1.0012755102040816,"{""seabed"": 1.0}"
miss,p_miss,0.3,23,surface,784,460.8951846806663,477.5365721061525,642.0305946534677,0.007653061224489796,1.0,3788.552373177802,1.1313775510204083,"{""buoy"": 1.0}"
miss,p_miss,0.3,23,statopt,784,134.15048469261052,101.58524898233402,307.3683254843602,0.42857142857142855,1.0,2914.2448979591563,0.985969387755102,"{""cloud"": 0.7436, ""seabed"": 0.2564}"
miss,p_miss,0.3,23,cacgr,784,120.56972913903131,89.10941714951078,270.98245995956773,0.5063775510204082,1.0,333.0603565597586,0.9936224489795918,"{""seabed"": 0.9464, ""auv"": 0.0281, ""sat"": 0.0204, ""buoy"": 0.0038, ""uav"": 0.0013}"
miss,p_miss,0.3,24,cloud,813,848.3354355074282,765.4449400145843,1422.8370503318768,0.0,1.0,9.600000000011029,2.821648216482165,"{""cloud"": 1.0}"
miss,p_miss,0.3,24,sensor,813,112.5871008801351,89.92897845863627,250.89095854333755,0.5006150061500615,1.0,242.28290282898672,0.8991389913899139,"{""seabed"": 1.0}"
miss,p_miss,0.3,24,surface,813,153.04763704719943,139.60856930888548,293.63322982583514,0.2066420664206642,1.0,3196.520493410586,0.8302583025830258,"{""buoy"": 1.0}"
miss,p_miss,0.3,24,statopt,813,152.01720666448094,138.6171589367547,292.7920063079187,0.2115621156211562,1.0,3196.520493410586,0.8302583025830258,"{""cloud"": 1.0}"
miss,p_miss,0.3,24,cacgr,813,111.57644302436587,89.48746607700377,250.89095854333755,0.5030750307503075,1.0,289.3958862765354,0.9052890528905289,"{""seabed"": 0.9471, ""auv"": 0.032, ""sat"": 0.0135, ""buoy"": 0.0074}"
miss,p_miss,0.3,25,cloud,675,860.1213546101021,846.4097042813638,1363.7298806060644,0.0,1.0,9.600000000006192,1.8711111111111112,"{""cloud"": 1.0}"
miss,p_miss,0.3,25,sensor,675,109.74809389662957,81.55130680411457,260.7123073395114,0.5407407407407407,1.0,273.16402116401025,0.7674074074074074,"{""seabed"": 1.0}"
miss,p_miss,0.3,25,surface,675,380.32352381769095,375.6290115686148,598.0213444673449,0.005925925925925926,1.0,4315.312846560801,0.8311111111111111,"{""buoy"": 1.0}"
miss,p_miss,0.3,25,statopt,675,242.1313058257513,241.98746589307848,401.7033733342991,0.03259259259259259,1.0,4103.260680804187,0.762962962962963,"{""cloud"": 0.8726, ""seabed"": 0.1274}"
miss,p_miss,0.3,25,cacgr,675,108.99918678474955,80.90818493805165,260.7123073395114,0.5451851851851852,1.0,296.45037443385,0.7659259259259259,"{""seabed"": 0.9452, ""auv"": 0.043, ""sat"": 0.0119}"
miss,p_miss,0.3,26,cloud,842,786.6665350733276,631.1505577045457,2323.3783402694476,0.0,1.0,9.600000000012475,1.342042755344418,"{""cloud"": 1.0}"
miss,p_miss,0.3,26,sensor,842,100.0926320761287,73.43761197652033,252.71769996758343,0.6448931116389549,1.0,288.91041737358177,0.7565320665083135,"{""seabed"": 1.0}"
miss,p_miss,0.3,26,surface,842,428.60034139796613,424.67357907268246,590.5976868684892,0.0011876484560570072,1.0,3514.1993837800756,0.8824228028503563,"{""buoy"": 1.0}"
miss,p_miss,0.3,26,statopt,842,328.1911607783295,328.98107891477036,539.7889309871487,0.023752969121140142,1.0,3435.1293459110525,0.9513064133016627,"{""cloud"": 0.8705, ""seabed"": 0.1295}"
miss,p_miss,0.3,26,cacgr,842,99.67215502836856,72.68992732563966,255.336817108645,0.6472684085510689,1.0,331.10214672546425,0.7660332541567696,"{""seabed"": 0.9454, ""auv"": 0.0344, ""sat"": 0.0166, ""buoy"": 0.0036}"
miss,p_miss,0.3,27,cloud,753,842.1816445145873,799.8870257467277,1509.4553732491981,0.0,1.0,9.600000000010706,1.8379814077025232,"{""cloud"": 1.0}"
miss,p_miss,0.3,27,sensor,753,94.73487177928538,68.2995360837438,239.1993412512746,0.6573705179282868,1.0,280.82754695503576,0.6772908366533864,"{""seabed"": 1.0}"
miss,p_miss,0.3,27,surface,753,453.24539528014145,458.3652633649569,687.3577222009401,0.005312084993359893,1.0,4081.0555052171953,1.0106241699867198,"{""buoy"": 1.0}"
miss,p_miss,0.3,27,statopt,753,201.16875347209634,183.17281554791018,382.16909368973603,0.027888446215139442,1.0,3612.3985745399104,0.7330677290836654,"{""cloud"": 0.7596, ""seabed"": 0.2404}"
miss,p_miss,0.3,27,cacgr,753,95.49010924539098,68.29953341707709,239.28819724833542,0.6560424966799469,1.0,314.39619685069135,0.6972111553784861,"{""seabed"": 0.9681, ""auv"": 0.0199, ""sat"": 0.0106, ""buoy"": 0.0013}"
miss,p_miss,0.3,28,cloud,756,868.7286882767332,774.2344743638907,1608.3492001209947,0.0,1.0,9.60000000000829,1.835978835978836,"{""cloud"": 1.0}"
miss,p_miss,0.3,28,sensor,756,108.64905191352813,82.92391671435593,289.0025256265356,0.5462962962962963,1.0,267.5234315948462,0.794973544973545,"{""seabed"": 1.0}"
miss,p_miss,0.3,28,surface,756,349.89310278115414,335.50407608357284,581.3029477663632,0.0,1.0,3936.3221405895288,0.8412698412698413,"{""buoy"": 1.0}"
miss,p_miss,0.3,28,statopt,756,111.68621795002676,85.47048176279107,290.116180591161,0.533068783068783,1.0,2619.08238851093,0.7976190476190477,"{""cloud"": 0.7632, ""seabed"": 0.2368}"
miss,p_miss,0.3,28,cacgr,756,107.5489580531,82.06169245544685,285.8621714154327,0.5502645502645502,1.0,323.588982615254,0.8029100529100529,"{""seabed"": 0.9524, ""auv"": 0.0238, ""sat"": 0.0212, ""buoy"": 0.0026}"
miss,p_miss,0.3,29,cloud,782,1064.5929812342627,1076.3089731660161,1409.3511558104603,0.0,1.0,9.600000000009105,4.757033248081841,"{""cloud"": 1.0}"
miss,p_miss,0.3,29,sensor,782,109.03325113033708,76.55913541570784,289.85544079507537,0.5664961636828645,1.0,292.19912312752354,0.8542199488491049,"{""seabed"": 1.0}"
miss,p_miss,0.3,29,surface,782,454.4901769240812,458.3481573966754,660.7620447977266,0.0038363171355498722,1.0,3685.033370843965,0.8516624040920716,"{""buoy"": 1.0}"
miss,p_miss,0.3,29,statopt,782,124.79969186305773,99.39925049538166,275.2759307686761,0.4296675191815857,1.0,3050.154914139564,0.8414322250639387,"{""cloud"": 0.624, ""seabed"": 0.376}"
miss,p_miss,0.3,29,cacgr,782,108.49281164608834,76.46543484146872,289.85544079507537,0.5690537084398977,1.0,304.7414228717682,0.8657289002557544,"{""seabed"": 0.9668, ""auv"": 0.0269, ""sat"": 0.0064}"
miss,p_miss,0.4,0,cloud,764,922.3334070911502,856.670229445723,1526.4936296891456,0.0,1.0,9.600000000008068,3.393979057591623,"{""cloud"": 1.0}"
miss,p_miss,0.4,0,sensor,764,124.7283789921387,109.53845456732476,272.9152148208496,0.4463350785340314,1.0,285.11518324607835,1.044502617801047,"{""seabed"": 1.0}"
miss,p_miss,0.4,0,surface,764,464.8088756209209,459.1063130932546,723.521338937681,0.0,1.0,3872.735006731458,1.3586387434554974,"{""buoy"": 1.0}"
miss,p_miss,0.4,0,statopt,764,127.65444096887873,113.5080024833181,270.94361434508,0.42277486910994766,1.0,2675.448017950626,1.0157068062827226,"{""cloud"": 0.6414, ""seabed"": 0.3586}"
miss,p_miss,0.4,0,cacgr,764,124.27833258340141,109.32898870501201,273.32289693556237,0.4489528795811518,1.0,351.9991952131688,1.0654450261780104,"{""seabed"": 0.9555, ""auv"": 0.0223, ""sat"": 0.017, ""buoy"": 0.0052}"
miss,p_miss,0.4,1,cloud,727,1201.794227382484,1070.6659710787392,2395.852660190361,0.0,1.0,9.600000000016339,4.678129298486932,"{""cloud"": 1.0}"
miss,p_miss,0.4,1,sensor,727,145.45348802847445,136.51085338485234,327.3515936266391,0.3713892709766162,1.0,273.91982707800565,1.4662998624484183,"{""seabed"": 1.0}"
miss,p_miss,0.4,1,surface,727,497.13358090198096,514.1343317301204,737.1181060747838,0.027510316368638238,1.0,4030.406718805236,1.8651994497936726,"{""buoy"": 1.0}"
miss,p_miss,0.4,1,statopt,727,152.84898208252258,140.10332521204012,347.9924248252631,0.3204951856946355,1.0,2904.102574179581,1.4154057771664375,"{""cloud"": 0.7428, ""seabed"": 0.2572}"
miss,p_miss,0.4,1,cacgr,727,144.59750574321572,134.03338116966236,327.3515936266391,0.37551581843191195,1.0,312.912741992527,1.4649243466299862,"{""seabed"": 0.967, ""auv"": 0.0179, ""sat"": 0.0124, ""buoy"": 0.0028}"
miss,p_miss,0.4,2,cloud,757,1179.5491874949123,1127.0347562036109,1937.5399199484705,0.0,1.0,9.600000000007416,5.40554821664465,"{""cloud"": 1.0}"
miss,p_miss,0.4,2,sensor,757,154.72785189768567,128.27648045851998,402.128946492053,0.3725231175693527,1.0,281.4961313455384,1.5574636723910171,"{""seabed"": 1.0}"
miss,p_miss,0.4,2,surface,757,580.5560539887132,579.6928567630517,872.8464854258235,0.003963011889035667,1.0,4006.651407435331,2.4953764861294583,"{""buoy"": 1.0}"
miss,p_miss,0.4,2,statopt,757,154.1877039016612,129.79921927072476,397.00180673400547,0.3725231175693527,1.0,2290.5827514625294,1.5257595772787318,"{""cloud"": 0.6328, ""seabed"": 0.3672}"
miss,p_miss,0.4,2,cacgr,757,153.66744751911125,127.11451989215033,402.1289438253864,0.37912813738441214,1.0,313.41542177769395,1.5521796565389696,"{""seabed"": 0.9657, ""auv"": 0.0198, ""sat"": 0.0106, ""buoy"": 0.0026, ""uav"": 0.0013}"
miss,p_miss,0.4,3,cloud,758,915.942369508882,766.1849777348875,1933.4195812534344,0.0,1.0,9.600000000010066,2.4868073878627968,"{""cloud"": 1.0}"
miss,p_miss,0.4,3,sensor,758,109.75155018523346,79.38273783475488,263.6675445722964,0.5554089709762533,1.0,252.320392009013,0.8456464379947229,"{""seabed"": 1.0}"
miss,p_miss,0.4,3,surface,758,264.16858455230783,248.01704520062717,465.64192842456544,0.01978891820580475,1.0,3771.340550320331,0.9129287598944591,"{""buoy"": 1.0}"
miss,p_miss,0.4,3,statopt,758,262.91395113315576,245.10701445952466,463.324523488543,0.01978891820580475,1.0,3771.340550320331,0.9129287598944591,"{""cloud"": 1.0}"
miss,p_miss,0.4,3,cacgr,758,108.44727969096692,78.28610249994739,262.4004824072461,0.5593667546174143,1.0,316.50063837162105,0.8522427440633246,"{""seabed"": 0.9538, ""sat"": 0.0211, ""auv"": 0.0198, ""buoy"": 0.0053}"
miss,p_miss,0.4,4,cloud,790,1168.408438783469,999.3655851135644,2762.5179110572044,0.0,1.0,9.600000000011205,3.8784810126582276,"{""cloud"": 1.0}"
miss,p_miss,0.4,4,sensor,790,169.4222344330803,128.92607975446705,465.49605966842984,0.34050632911392403,1.0,268.77215189872175,1.6645569620253164,"{""seabed"": 1.0}"
miss,p_miss,0.4,4,surface,790,511.5581346652324,515.6195041987295,788.6390916176987,0.0012658227848101266,1.0,3673.0134278480637,1.888607594936709,"{""buoy"": 1.0}"
miss,p_miss,0.4,4,statopt,790,349.0025664989708,342.7088143231477,561.1478202871328,0.01139240506329114,1.0,3538.6426563471596,1.5784810126582278,"{""cloud"": 0.8848, ""seabed"": 0.1152}"
miss,p_miss,0.4,4,cacgr,790,168.78312973719707,127.91694042308093,465.49605966842984,0.3430379746835443,1.0,319.80726799275453,1.6658227848101266,"{""seabed"": 0.9722, ""sat"": 0.0127, ""auv"": 0.0114, ""buoy"": 0.0038}"
miss,p_miss,0.4,5,cloud,763,1082.6352476154304,1034.5366777823833,1673.798047531668,0.0,1.0,9.600000000006789,4.448230668414155,"{""cloud"": 1.0}"
miss,p_miss,0.4,5,sensor,763,133.4005738118668,119.29716388942701,280.84329352805094,0.418086500655308,1.0,287.89215502712926,1.1769331585845346,"{""seabed"": 1.0}"
miss,p_miss,0.4,5,surface,763,420.75326416744036,422.35378403694824,613.858198050555,0.009174311926605505,1.0,3881.521971166403,1.27129750982962,"{""buoy"": 1.0}"
miss,p_miss,0.4,5,statopt,763,183.09795530762992,165.00352357057855,341.34863116991824,0.14678899082568808,1.0,3515.874812956334,1.2070773263433814,"{""cloud"": 0.8506, ""seabed"": 0.1494}"
miss,p_miss,0.4,5,cacgr,763,133.37767957126184,117.11838715478565,281.15920428305833,0.42201834862385323,1.0,325.42762538848467,1.203145478374836,"{""seabed"": 0.9712, ""auv"": 0.0131, ""sat"": 0.0118, ""buoy"": 0.0026, ""uav"": 0.0013}"
miss,p_miss,0.4,6,cloud,729,978.3918014157384,964.3027486718022,1647.3995111881363,0.0,0.9876543209876543,9.600000000010088,3.0960219478738,"{""cloud"": 0.9877, ""-"": 0.0123}"
miss,p_miss,0.4,6,sensor,729,117.93606966938572,73.45699937828564,292.1936147576668,0.5596707818930041,1.0,266.7658240250655,1.0342935528120714,"{""seabed"": 1.0}"
miss,p_miss,0.4,6,surface,729,380.3113821569828,364.8966024774197,634.7340893705849,0.0205761316872428,1.0,3952.696823045221,1.2386831275720165,"{""buoy"": 1.0}"
miss,p_miss,0.4,6,statopt,729,253.68816674598528,229.8592225752373,523.7182476588307,0.02606310013717421,1.0,3830.4701864784965,1.0960219478737998,"{""cloud"": 0.8985, ""seabed"": 0.1015}"
miss,p_miss,0.4,6,cacgr,729,116.84972480589245,71.94454409659399,290.5893168184447,0.5637860082304527,1.0,315.75948391140764,1.045267489711934,"{""seabed"": 0.9492, ""auv"": 0.0329, ""sat"": 0.0096, ""buoy"": 0.0069, ""uav"": 0.0014}"
miss,p_miss,0.4,7,cloud,757,1286.6463636827878,1313.5606547309624,2015.5364746097005,0.0,0.9867899603698811,9.600000000011669,5.92338177014531,"{""cloud"": 0.9868, ""-"": 0.0132}"
miss,p_miss,0.4,7,sensor,757,136.24896570218073,121.29195781116141,304.0042421471988,0.41215323645970936,0.9933949801849405,266.49330062274504,1.334214002642008,"{""seabed"": 1.0}"
miss,p_miss,0.4,7,surface,757,469.04025603009615,494.66963635870826,,0.0,0.9471598414795245,3987.7489790526106,1.6459709379128138,"{""buoy"": 1.0}"
miss,p_miss,0.4,7,statopt,757,274.8264047604949,246.18403998801878,473.9738932683443,0.0,0.9920739762219286,3570.8666338554035,1.3725231175693526,"{""cloud"": 0.852, ""seabed"": 0.14, ""-"": 0.0079}"
miss,p_miss,0.4,7,cacgr,757,135.13346031267037,120.70067829020579,304.3625638495549,0.41611624834874505,0.9920739762219286,314.0703501792648,1.3461030383091148,"{""seabed"": 0.9789, ""sat"": 0.0106, ""buoy"": 0.0053, ""auv"": 0.0053}"
miss,p_miss,0.4,8,cloud,772,983.9411758617247,948.3775066662109,2172.8202059552846,0.0,1.0,9.600000000010015,3.5725388601036268,"{""cloud"": 1.0}"
miss,p_miss,0.4,8,sensor,772,157.49206485946198,132.48399236564575,369.6311922163519,0.33031088082901555,1.0,279.7202072538606,1.555699481865285,"{""seabed"": 1.0}"
miss,p_miss,0.4,8,surface,772,417.9592728083177,406.92165684509234,666.9036472871551,0.006476683937823834,1.0,3651.2572139155727,1.3898963730569949,"{""buoy"": 1.0}"
miss,p_miss,0.4,8,statopt,772,176.69486770760764,151.28418798510756,399.28196900898826,0.23316062176165803,1.0,3306.960284233854,1.5155440414507773,"{""cloud"": 0.8705, ""seabed"": 0.1295}"
miss,p_miss,0.4,8,cacgr,772,156.04551077987293,131.98482961985695,369.6311895496853,0.3393782383419689,1.0,337.1545951147055,1.5453367875647668,"{""seabed"": 0.9378, ""auv"": 0.0363, ""sat"": 0.0207, ""buoy"": 0.0052}"
miss,p_miss,0.4,9,cloud,819,1474.5059982805249,1593.6554724562461,2418.2775042101193,0.0,1.0,9.600000000013363,7.032967032967033,"{""cloud"": 1.0}"
miss,p_miss,0.4,9,sensor,819,136.56615934406622,116.93296239526912,383.210675065879,0.41025641025641024,1.0,269.5911390196926,1.404151404151404,"{""seabed"": 1.0}"
miss,p_miss,0.4,9,surface,819,506.71054400081863,517.486711772108,788.998128835828,0.015873015873015872,1.0,3706.9650235478334,1.3724053724053724,"{""buoy"": 1.0}"
miss,p_miss,0.4,9,statopt,819,139.13878772645128,120.0798404268707,374.617618038665,0.3797313797313797,1.0,2634.4786324785982,1.398046398046398,"{""cloud"": 0.7497, ""seabed"": 0.2503}"
miss,p_miss,0.4,9,cacgr,819,135.12582811662386,115.75173118338923,381.5696556622578,0.4139194139194139,1.0,337.1209461014994,1.4163614163614164,"{""seabed"": 0.9499, ""sat"": 0.0232, ""auv"": 0.022, ""buoy"": 0.0049}"
miss,p_miss,0.4,10,cloud,786,1083.8436058658845,1060.9079883044617,1900.4842389654175,0.0,1.0,9.600000000009876,4.0508905852417305,"{""cloud"": 1.0}"
miss,p_miss,0.4,10,sensor,786,131.40450836367955,104.62270808095363,314.09295008943224,0.4707379134860051,1.0,279.1537622682638,1.1119592875318065,"{""seabed"": 1.0}"
miss,p_miss,0.4,10,surface,786,456.0835076025154,453.668512555516,687.5777979875437,0.002544529262086514,1.0,3706.2399941839044,1.1272264631043256,"{""buoy"": 1.0}"
miss,p_miss,0.4,10,statopt,786,130.64186357707453,103.47197164880679,314.0964427560988,0.47455470737913485,1.0,1886.6964740094372,1.094147582697201,"{""cloud"": 0.6132, ""seabed"": 0.3868}"
miss,p_miss,0.4,10,cacgr,786,130.2886813058939,103.47088364880686,314.09295008943224,0.47455470737913485,1.0,331.6989749182081,1.1246819338422391,"{""seabed"": 0.9517, ""auv"": 0.0254, ""sat"": 0.0191, ""buoy"": 0.0025, ""uav"": 0.0013}"
miss,p_miss,0.4,11,cloud,770,1130.4103532875777,1036.0347126104382,2446.697390107434,0.0,0.9623376623376624,9.600000000011198,5.302597402597403,"{""cloud"": 0.9623, ""-"": 0.0377}"
miss,p_miss,0.4,11,sensor,770,127.8239603658162,110.37550269676596,,0.44675324675324674,0.9337662337662338,295.6456400742069,1.5662337662337662,"{""seabed"": 1.0}"
miss,p_miss,0.4,11,surface,770,551.9575408537705,569.1767860153848,,0.01038961038961039,0.9090909090909091,4132.033205194779,2.3844155844155845,"{""buoy"": 1.0}"
miss,p_miss,0.4,11,statopt,770,167.0319922503834,158.2392741538774,479.463602924241,0.17922077922077922,0.9532467532467532,3308.45641320962,1.3636363636363635,"{""cloud"": 0.7052, ""seabed"": 0.2558, ""-"": 0.039}"
miss,p_miss,0.4,11,cacgr,770,126.31625635816086,106.77253198988286,,0.44935064935064933,0.9337662337662338,352.5485061224444,1.568831168831169,"{""seabed"": 0.9494, ""auv"": 0.0273, ""sat"": 0.0169, ""buoy"": 0.0065}"
miss,p_miss,0.4,12,cloud,792,1233.2286958982513,1081.9259325771675,3145.035283844528,0.0,1.0,9.600000000008205,4.367424242424242,"{""cloud"": 1.0}"
miss,p_miss,0.4,12,sensor,792,145.6047705580342,116.67549923900673,442.9447976271601,0.43686868686868685,1.0,259.1338383838163,1.2840909090909092,"{""seabed"": 1.0}"
miss,p_miss,0.4,12,surface,792,389.659977271292,388.54139670479003,613.4318296150337,0.027777777777777776,1.0,3660.0639307358797,1.2386363636363635,"{""buoy"": 1.0}"
miss,p_miss,0.4,12,statopt,792,189.19695140587285,158.8556858613304,488.83163028311986,0.19065656565656566,1.0,3239.374222222177,1.2853535353535352,"{""cloud"": 0.8801, ""seabed"": 0.1199}"
miss,p_miss,0.4,12,cacgr,792,144.99486359199813,116.64488129797489,442.9447976271601,0.43813131313131315,1.0,313.39845021642753,1.303030303030303,"{""seabed"": 0.9583, ""auv"": 0.0202, ""sat"": 0.0139, ""buoy"": 0.0076}"
miss,p_miss,0.4,13,cloud,769,1269.8610075000024,1292.738026666898,1979.2913489871999,0.0,1.0,9.600000000013459,6.869960988296489,"{""cloud"": 1.0}"
miss,p_miss,0.4,13,sensor,769,132.53759057984885,107.43251170361218,328.0891254415291,0.4564369310793238,1.0,246.53836150841536,1.163849154746424,"{""seabed"": 1.0}"
miss,p_miss,0.4,13,surface,769,190.23652257877905,179.61176925456482,390.87205785145096,0.1625487646293888,1.0,3509.3434085082067,1.1937581274382314,"{""buoy"": 1.0}"
miss,p_miss,0.4,13,statopt,769,189.4264560040224,179.20566116853539,391.6671369089382,0.16644993498049415,1.0,3509.3434085082067,1.1911573472041612,"{""cloud"": 1.0}"
miss,p_miss,0.4,13,cacgr,769,131.2298640414712,104.78351397014922,326.1281270245823,0.46423927178153446,1.0,311.40069255058535,1.1612483745123536,"{""seabed"": 0.9467, ""auv"": 0.026, ""sat"": 0.0247, ""buoy"": 0.0026}"
miss,p_miss,0.4,14,cloud,750,1081.5477056985235,912.2154154287277,2110.757684218495,0.0,1.0,9.600000000015193,3.664,"{""cloud"": 1.0}"
miss,p_miss,0.4,14,sensor,750,145.89089421383534,144.5910614170516,407.1877152040669,0.316,0.9666666666666667,259.8095238095044,1.496,"{""seabed"": 1.0}"
miss,p_miss,0.4,14,surface,750,385.04747606309496,374.76254143842885,600.1909529339337,0.009333333333333334,0.984,3800.165894095191,1.4466666666666668,"{""buoy"": 1.0}"
miss,p_miss,0.4,14,statopt,750,169.7773127612368,164.5896484295963,425.0092531319646,0.212,0.9693333333333334,3311.2571428571023,1.5013333333333334,"{""cloud"": 0.856, ""seabed"": 0.1187, ""-"": 0.0253}"
miss,p_miss,0.4,14,cacgr,750,145.31154528513915,143.61487872038165,407.1877152040669,0.31733333333333336,0.9666666666666667,290.1080444952193,1.5093333333333334,"{""seabed"": 0.9533, ""auv"": 0.0333, ""sat"": 0.0107, ""buoy"": 0.0027}"
miss,p_miss,0.4,15,cloud,770,1037.7923237993866,990.9682386924719,1935.662493854485,0.0,0.987012987012987,9.600000000004483,5.345454545454546,"{""cloud"": 0.987, ""-"": 0.013}"
miss,p_miss,0.4,15,sensor,770,130.56071054772772,99.32913593375208,362.48725256321666,0.43636363636363634,1.0,254.96846011128886,1.1597402597402597,"{""seabed"": 1.0}"
miss,p_miss,0.4,15,surface,770,309.48324779845257,305.6423439683908,496.9710975642342,0.024675324675324677,0.9935064935064936,3705.194882374711,1.222077922077922,"{""buoy"": 1.0}"
miss,p_miss,0.4,15,statopt,770,307.4381725048082,303.5288736015381,496.50471734944836,0.024675324675324677,0.9948051948051948,3705.194882374711,1.2207792207792207,"{""cloud"": 0.9948, ""-"": 0.0052}"
miss,p_miss,0.4,15,cacgr,770,128.79175556364527,98.76613204755037,359.2901604730589,0.44415584415584414,1.0,312.808840074182,1.1506493506493507,"{""seabed"": 0.9494, ""auv"": 0.0286, ""sat"": 0.0169, ""buoy"": 0.0039, ""uav"": 0.0013}"
miss,p_miss,0.4,16,cloud,748,1196.713382967519,983.5198539780902,2958.7676382296045,0.0,1.0,9.600000000012294,4.25,"{""cloud"": 1.0}"
miss,p_miss,0.4,16,sensor,748,156.2079236198934,118.04452868145515,456.34244188541294,0.4090909090909091,1.0,247.64553093960936,1.4759358288770053,"{""seabed"": 1.0}"
miss,p_miss,0.4,16,surface,748,205.13200814784562,164.2437650252983,506.8667987893922,0.12834224598930483,1.0,3642.184886172587,1.3997326203208555,"{""buoy"": 1.0}"
miss,p_miss,0.4,16,statopt,748,204.60715620031118,164.14412153723183,506.8690485227251,0.12967914438502673,1.0,3642.184886172587,1.4024064171122994,"{""cloud"": 1.0}"
miss,p_miss,0.4,16,cacgr,748,153.6147441049935,114.98599891178795,455.3316328461559,0.4184491978609626,1.0,332.8191144384629,1.463903743315508,"{""seabed"": 0.9572, ""sat"": 0.0281, ""auv"": 0.0094, ""buoy"": 0.0053}"
miss,p_miss,0.4,17,cloud,733,1163.7091716589691,980.4406870046859,2374.42626933195,0.0,1.0,9.600000000014823,4.968622100954979,"{""cloud"": 1.0}"
miss,p_miss,0.4,17,sensor,733,139.22380715818866,119.68930833239574,374.78003417022757,0.39017735334242837,1.0,299.93412590140053,1.2974079126875853,"{""seabed"": 1.0}"
miss,p_miss,0.4,17,surface,733,655.1413903173011,609.6694867424839,1181.7288636371075,0.0068212824010914054,1.0,4235.278415903317,1.6766712141882674,"{""buoy"": 1.0}"
miss,p_miss,0.4,17,statopt,733,141.96106074536195,121.42249306803885,384.3179214445744,0.3806275579809004,1.0,2286.311050477494,1.2824010914051842,"{""seabed"": 0.5007, ""cloud"": 0.4993}"
miss,p_miss,0.4,17,cacgr,733,139.5758313358247,119.90988162277014,378.29065749477667,0.3888130968622101,1.0,322.31580339116783,1.330150068212824,"{""seabed"": 0.9686, ""auv"": 0.0205, ""sat"": 0.0055, ""buoy"": 0.0055}"
miss,p_miss,0.4,18,cloud,782,1033.8894281460146,868.3124683050677,2024.7656002111798,0.0,1.0,9.600000000011491,3.258312020460358,"{""cloud"": 1.0}"
miss,p_miss,0.4,18,sensor,782,157.47921484949399,133.64867001142753,432.74615771599775,0.3414322250639386,1.0,242.23565948114083,1.432225063938619,"{""seabed"": 1.0}"
miss,p_miss,0.4,18,surface,782,185.9049150592832,152.08859915410721,415.14072179623446,0.17263427109974425,1.0,3209.8928344902533,1.3836317135549872,"{""buoy"": 1.0}"
miss,p_miss,0.4,18,statopt,782,185.57174221052998,151.9611389278538,415.1429083295674,0.17647058823529413,1.0,3209.8928344902533,1.3836317135549872,"{""cloud"": 1.0}"
miss,p_miss,0.4,18,cacgr,782,155.84451343905937,133.20171395590222,422.1586389065575,0.34782608695652173,1.0,316.66051969305147,1.4360613810741687,"{""seabed"": 0.945, ""auv"": 0.0243, ""sat"": 0.023, ""buoy"": 0.0077}"
miss,p_miss,0.4,19,cloud,753,1305.7309704172626,1284.6609188805435,2131.0734123894044,0.0,1.0,9.600000000009821,6.1699867197875164,"{""cloud"": 1.0}"
miss,p_miss,0.4,19,sensor,753,146.50060017031902,137.03708936456073,339.17232235764135,0.3612217795484728,1.0,309.3800037943556,1.2191235059760956,"{""seabed"": 1.0}"
miss,p_miss,0.4,19,surface,753,594.558122016316,604.3281392326942,922.4910241631338,0.0026560424966799467,1.0,4050.769068487935,1.5418326693227091,"{""buoy"": 1.0}"
miss,p_miss,0.4,19,statopt,753,148.8284218897564,137.88763715637518,343.8062862589076,0.35325365205843295,1.0,2034.8210965661146,1.2257636122177955,"{""cloud"": 0.5153, ""seabed"": 0.4847}"
miss,p_miss,0.4,19,cacgr,753,145.4816066369297,136.8609238493317,339.17232235764135,0.3691899070385126,1.0,342.47796198065646,1.2284196547144755,"{""seabed"": 0.9548, ""auv"": 0.0292, ""sat"": 0.0159}"
miss,p_miss,0.4,20,cloud,812,1053.6701494821586,1042.7060290430202,1567.9958258813022,0.0,1.0,9.600000000010127,5.273399014778325,"{""cloud"": 1.0}"
miss,p_miss,0.4,20,sensor,812,135.06902258065892,132.1338948956436,278.5814906206324,0.33620689655172414,1.0,294.8483462350384,1.6096059113300492,"{""seabed"": 1.0}"
miss,p_miss,0.4,20,surface,812,584.0280185143441,565.0276118502427,925.3347531828526,0.0024630541871921183,1.0,3791.7725432793577,1.8916256157635467,"{""buoy"": 1.0}"
miss,p_miss,0.4,20,statopt,812,196.79879379578134,192.63298793584835,333.51381773212137,0.08251231527093596,1.0,3268.9598933145407,1.6637931034482758,"{""cloud"": 0.7463, ""seabed"": 0.2537}"
miss,p_miss,0.4,20,cacgr,812,134.43995547407064,131.60359149791685,278.5814906206324,0.3399014778325123,1.0,325.1153469387681,1.6108374384236452,"{""seabed"": 0.9692, ""auv"": 0.0172, ""sat"": 0.0086, ""buoy"": 0.0049}"
miss,p_miss,0.4,21,cloud,770,1142.8530484247547,998.2163492119577,2542.598336421602,0.0,0.9792207792207792,9.600000000008844,4.294805194805194,"{""cloud"": 0.9792, ""-"": 0.0208}"
miss,p_miss,0.4,21,sensor,770,145.30296088890748,125.5849041465085,363.1280643490309,0.37142857142857144,0.9857142857142858,279.1799628942457,1.5298701298701298,"{""seabed"": 1.0}"
miss,p_miss,0.4,21,surface,770,539.076956801948,551.9925253095353,,0.00909090909090909,0.9415584415584416,4157.966836363602,2.1597402597402597,"{""buoy"": 1.0}"
miss,p_miss,0.4,21,statopt,770,169.2789807683645,143.54461605083463,388.35131111336653,0.22077922077922077,0.9857142857142858,3196.211502782907,1.518181818181818,"{""cloud"": 0.7234, ""seabed"": 0.2688, ""-"": 0.0078}"
miss,p_miss,0.4,21,cacgr,770,144.39537375351534,125.07578269932165,362.8761137562763,0.37532467532467534,0.9857142857142858,315.20636794062676,1.5285714285714285,"{""seabed"": 0.9688, ""auv"": 0.0156, ""sat"": 0.0117, ""buoy"": 0.0039}"
miss,p_miss,0.4,22,cloud,813,1128.3207116181577,985.8009211769796,2624.6703736087848,0.0,1.0,9.600000000010171,4.157441574415744,"{""cloud"": 1.0}"
miss,p_miss,0.4,22,sensor,813,150.7630044420278,129.58051800872053,365.1932158711862,0.35424354243542433,1.0,287.26620980494175,1.5621156211562115,"{""seabed"": 1.0}"
miss,p_miss,0.4,22,surface,813,550.8256001098687,532.9767051701114,867.6540274471375,0.00984009840098401,1.0,3955.7493558249453,1.5325953259532594,"{""buoy"": 1.0}"
miss,p_miss,0.4,22,statopt,813,167.23478581600776,141.76556007310938,395.1503574797102,0.24846248462484624,1.0,2983.2696144789697,1.4883148831488315,"{""cloud"": 0.7651, ""seabed"": 0.2349}"
miss,p_miss,0.4,22,cacgr,813,149.82050594721247,128.22545383001827,363.48717740561705,0.35424354243542433,1.0,332.6099230363598,1.5756457564575646,"{""seabed"": 0.9569, ""auv"": 0.0234, ""sat"": 0.0135, ""buoy"": 0.0062}"
miss,p_miss,0.4,23,cloud,784,1162.8005222145187,977.6134351605045,2607.3775853323914,0.0,1.0,9.600000000013068,4.059948979591836,"{""cloud"": 1.0}"
miss,p_miss,0.4,23,sensor,784,145.1617097896168,142.29503412058767,296.6857774001066,0.34438775510204084,0.9808673469387755,273.92966472302436,1.4464285714285714,"{""seabed"": 1.0}"
miss,p_miss,0.4,23,surface,784,508.6414947814105,540.4023293531294,712.7169270224679,0.007653061224489796,0.9872448979591837,3799.482379008705,1.6862244897959184,"{""buoy"": 1.0}"
miss,p_miss,0.4,23,statopt,784,158.01244340800497,157.99346880267063,329.1449260738977,0.29591836734693877,0.9795918367346939,2914.2448979591563,1.447704081632653,"{""cloud"": 0.7309, ""seabed"": 0.2564, ""-"": 0.0128}"
miss,p_miss,0.4,23,cacgr,784,142.9256639847448,140.1780935966645,296.6857774001066,0.35586734693877553,0.9808673469387755,338.43278221573564,1.4464285714285714,"{""seabed"": 0.9528, ""sat"": 0.0217, ""auv"": 0.0204, ""buoy"": 0.0038, ""uav"": 0.0013}"
miss,p_miss,0.4,24,cloud,813,976.1431624057683,910.1039156440704,1627.4798012171786,0.0,0.982779827798278,9.600000000010802,4.322263222632226,"{""cloud"": 0.9828, ""-"": 0.0172}"
miss,p_miss,0.4,24,sensor,813,126.63801079994919,111.46061797643851,303.40000445513414,0.4354243542435424,0.991389913899139,242.28290282898672,1.1955719557195572,"{""seabed"": 1.0}"
miss,p_miss,0.4,24,surface,813,166.5484915153202,148.33611312582823,333.5189834239533,0.16605166051660517,0.993849938499385,3203.5481904761277,1.1082410824108242,"{""buoy"": 1.0}"
miss,p_miss,0.4,24,statopt,813,165.52013982449475,148.17331429780123,329.69067085561767,0.17097170971709716,0.995079950799508,3203.5481904761277,1.100861008610086,"{""cloud"": 0.9951, ""-"": 0.0049}"
miss,p_miss,0.4,24,cacgr,813,125.6814859029071,110.36074044071975,303.40000445513414,0.43788437884378845,0.991389913899139,286.7504151818244,1.2066420664206643,"{""seabed"": 0.9508, ""auv"": 0.0295, ""sat"": 0.0098, ""buoy"": 0.0098}"
miss,p_miss,0.4,25,cloud,675,992.2642253303944,951.5891474468262,1753.7737401905165,0.0,1.0,9.600000000007874,2.9792592592592593,"{""cloud"": 1.0}"
miss,p_miss,0.4,25,sensor,675,109.50503292175088,86.93329061904697,269.9763304402278,0.5140740740740741,1.0,273.16402116401025,0.9185185185185185,"{""seabed"": 1.0}"
miss,p_miss,0.4,25,surface,675,389.35094661491996,379.32923662110755,613.5540725630796,0.005925925925925926,1.0,4340.707965290959,0.9674074074074074,"{""buoy"": 1.0}"
miss,p_miss,0.4,25,statopt,675,249.92651209244664,241.77112402629888,422.1452600834551,0.034074074074074076,1.0,4128.655799534345,0.9348148148148148,"{""cloud"": 0.8726, ""seabed"": 0.1274}"
miss,p_miss,0.4,25,cacgr,675,108.18121933680047,84.82371715241462,265.8757626138306,0.5214814814814814,1.0,293.4227816296175,0.9037037037037037,"{""seabed"": 0.9496, ""auv"": 0.04, ""sat"": 0.0104}"
miss,p_miss,0.4,26,cloud,842,920.9066876878223,700.6225361528589,2754.8285315673543,0.0,1.0,9.600000000013473,2.147268408551069,"{""cloud"": 1.0}"
miss,p_miss,0.4,26,sensor,842,146.0102688369708,85.52899191344586,551.3834729300708,0.5308788598574822,1.0,288.91041737358177,1.3159144893111638,"{""seabed"": 1.0}"
miss,p_miss,0.4,26,surface,842,484.32599567998193,481.2670135289189,797.1499765200139,0.0011876484560570072,1.0,3615.986877502502,1.3610451306413303,"{""buoy"": 1.0}"
miss,p_miss,0.4,26,statopt,842,368.276579748215,348.1874196315451,761.3638970875407,0.0166270783847981,1.0,3475.16734034607,1.4204275534441806,"{""cloud"": 0.8705, ""seabed"": 0.1295}"
miss,p_miss,0.4,26,cacgr,842,145.16031782005885,85.44430857628127,546.8191996219296,0.5308788598574822,1.0,332.0254477095156,1.323040380047506,"{""seabed"": 0.9489, ""auv"": 0.0309, ""sat"": 0.0166, ""buoy"": 0.0036}"
miss,p_miss,0.4,27,cloud,753,915.5280686256875,893.6413933631096,1563.7077833714668,0.0,1.0,9.600000000011647,2.586985391766268,"{""cloud"": 1.0}"
miss,p_miss,0.4,27,sensor,753,105.68052755902539,78.82201962426916,245.83957559238078,0.5670650730411687,1.0,280.82754695503576,0.8857901726427623,"{""seabed"": 1.0}"
miss,p_miss,0.4,27,surface,753,455.77169940634775,463.0429157718776,693.6252321763953,0.005312084993359893,1.0,4062.081733257414,1.0730411686586985,"{""buoy"": 1.0}"
miss,p_miss,0.4,27,statopt,753,212.5366355555886,195.82440764879962,380.7452945143588,0.027888446215139442,1.0,3612.3985745399104,0.9694555112881806,"{""cloud"": 0.7596, ""seabed"": 0.2404}"
miss,p_miss,0.4,27,cacgr,753,106.3650666694393,78.82201962426916,247.14467516824453,0.5670650730411687,1.0,314.39619685069135,0.9030544488711819,"{""seabed"": 0.9681, ""auv"": 0.0199, ""sat"": 0.0106, ""buoy"": 0.0013}"
miss,p_miss,0.4,28,cloud,756,914.3021473417085,813.8276660847296,1750.6997621803885,0.0,1.0,9.60000000000829,2.431216931216931,"{""cloud"": 1.0}"
miss,p_miss,0.4,28,sensor,756,151.67817729236052,128.54130630367436,340.53385390169365,0.3915343915343915,1.0,267.5234315948462,1.3875661375661377,"{""seabed"": 1.0}"
miss,p_miss,0.4,28,surface,756,391.4556438438748,387.11010158618814,658.1707039163277,0.0,1.0,3940.1009221465965,1.3611111111111112,"{""buoy"": 1.0}"
miss,p_miss,0.4,28,statopt,756,153.87005071898588,127.39316443336624,341.85148359494184,0.3955026455026455,1.0,2619.08238851093,1.3783068783068784,"{""cloud"": 0.7632, ""seabed"": 0.2368}"
miss,p_miss,0.4,28,cacgr,756,150.42713217476955,127.67142519365807,338.6266791239112,0.3968253968253968,1.0,317.2860982615126,1.3941798941798942,"{""seabed"": 0.9577, ""auv"": 0.0212, ""sat"": 0.0172, ""buoy"": 0.004}"
miss,p_miss,0.4,29,cloud,782,1292.000863604118,1327.1930233304001,1875.535561283947,0.0,1.0,9.600000000009105,6.653452685421995,"{""cloud"": 1.0}"
miss,p_miss,0.4,29,sensor,782,132.51727320463002,104.44730132702692,406.54248036960774,0.46035805626598464,1.0,292.19912312752354,1.1355498721227621,"{""seabed"": 1.0}"
miss,p_miss,0.4,29,surface,782,528.6548962911427,529.1966186692025,852.0360769299288,0.0038363171355498722,1.0,3790.9863412495197,1.391304347826087,"{""buoy"": 1.0}"
miss,p_miss,0.4,29,statopt,782,147.9728519082127,123.4737419627907,360.39024751695325,0.3452685421994885,1.0,3050.154914139564,1.1176470588235294,"{""cloud"": 0.624, ""seabed"": 0.376}"
miss,p_miss,0.4,29,cacgr,782,132.3370814056944,104.09315108757443,406.54248036960774,0.4616368286445013,1.0,305.8269062477274,1.156010230179028,"{""seabed"": 0.9706, ""auv"": 0.023, ""sat"": 0.0064}"
