sweep,param,value,seed,policy,n,mean_min,p50_min,p95_min,on_time,delivered,energy_j,replans,b_where
load,rate_per_node_h,0.5,0,cloud,189,513.4290785706452,524.8013115880332,743.1270127567392,0.0,1.0,9.600000000007206,0.0,"{""cloud"": 1.0}"
load,rate_per_node_h,0.5,0,sensor,189,52.49694871616737,51.1466017451181,79.70350725416797,0.9735449735449735,1.0,286.46712018141034,0.0,"{""seabed"": 1.0}"
load,rate_per_node_h,0.5,0,surface,189,56.49975349379192,55.1936847642018,90.13050673560375,0.9470899470899471,1.0,6759.369614512445,0.0,"{""buoy"": 1.0}"
load,rate_per_node_h,0.5,0,statopt,189,50.602983189544844,48.34590663134101,77.10439784241795,0.9788359788359788,1.0,2594.894935752069,0.0,"{""cloud"": 0.6243, ""seabed"": 0.3757}"
load,rate_per_node_h,0.5,0,cacgr,189,51.48685181647832,51.04447650968553,77.10352744241797,0.9788359788359788,1.0,301.8853998488348,0.0,"{""seabed"": 0.8889, ""auv"": 0.0952, ""sat"": 0.0159}"
load,rate_per_node_h,0.5,1,cloud,178,487.281216212169,491.50170285756224,709.2449691466726,0.0,1.0,9.600000000008865,0.0,"{""cloud"": 1.0}"
load,rate_per_node_h,0.5,1,sensor,178,49.90242190645487,50.68909285560973,79.61039341788104,0.9943820224719101,1.0,272.0240770465322,0.0,"{""seabed"": 1.0}"
load,rate_per_node_h,0.5,1,surface,178,52.85873805588145,52.0427298105069,81.82819047433674,0.9831460674157303,1.0,5603.926163723871,0.0,"{""buoy"": 1.0}"
load,rate_per_node_h,0.5,1,statopt,178,47.696879074115735,48.320968389165714,77.58832059380146,0.9943820224719101,1.0,3050.475120385197,0.0,"{""cloud"": 0.7697, ""seabed"": 0.2303}"
load,rate_per_node_h,0.5,1,cacgr,178,48.321567419877134,48.989850360004375,77.08984139660791,0.9943820224719101,1.0,314.3008667736596,0.0,"{""seabed"": 0.9213, ""auv"": 0.0562, ""sat"": 0.0225}"
load,rate_per_node_h,0.5,2,cloud,189,558.8908040960064,565.6977017687091,800.6545178057472,0.0,1.0,9.600000000005995,0.0,"{""cloud"": 1.0}"
load,rate_per_node_h,0.5,2,sensor,189,51.088991417913945,50.40777034464551,83.4898188295629,1.0,1.0,280.2312925170061,0.0,"{""seabed"": 1.0}"
load,rate_per_node_h,0.5,2,surface,189,53.99705632527377,53.26276278947577,84.8268917633884,0.9947089947089947,1.0,6260.503401360516,0.0,"{""buoy"": 1.0}"
load,rate_per_node_h,0.5,2,statopt,189,48.855706779594165,48.472370777887896,82.53817180219512,1.0,1.0,2271.992441421001,0.0,"{""cloud"": 0.6402, ""seabed"": 0.3598}"
load,rate_per_node_h,0.5,2,cacgr,189,49.757580619274066,49.6434565983863,82.53662780219518,1.0,1.0,338.1084686318959,0.0,"{""seabed"": 0.9312, ""auv"": 0.0423, ""sat"": 0.0212, ""uav"": 0.0053}"
load,rate_per_node_h,0.5,3,cloud,182,466.4315921326017,479.4178654258845,690.9283434168558,0.005494505494505495,1.0,9.600000000005181,0.0,"{""cloud"": 1.0}"
load,rate_per_node_h,0.5,3,sensor,182,50.87276152941102,51.33309324696808,76.7473446093592,0.989010989010989,1.0,249.48822605962147,0.0,"{""seabed"": 1.0}"
load,rate_per_node_h,0.5,3,surface,182,50.226846965057725,50.77411067565675,76.7473446093592,0.989010989010989,1.0,3801.058084772314,0.0,"{""buoy"": 1.0}"
load,rate_per_node_h,0.5,3,statopt,182,49.431681417388816,49.549670778719396,76.72475379299539,0.989010989010989,1.0,3801.058084772314,0.0,"{""cloud"": 1.0}"
load,rate_per_node_h,0.5,3,cacgr,182,49.94324240935847,50.77411067565675,76.37557211128377,0.989010989010989,1.0,271.22528100467855,0.0,"{""seabed"": 0.8956, ""auv"": 0.0879, ""sat"": 0.0165}"
load,rate_per_node_h,0.5,4,cloud,214,499.5382911567344,487.32278930946995,728.4499406394399,0.0,1.0,9.600000000008201,0.0,"{""cloud"": 1.0}"
load,rate_per_node_h,0.5,4,sensor,214,50.59570953283447,49.57864081554496,79.41564520223368,0.9906542056074766,1.0,272.26034712949024,0.0,"{""seabed"": 1.0}"
load,rate_per_node_h,0.5,4,surface,214,53.22783553033626,53.861512287184695,83.2319471121518,0.9813084112149533,1.0,5622.827770360432,0.0,"{""buoy"": 1.0}"
load,rate_per_node_h,0.5,4,statopt,214,49.425171864720326,48.11792218931357,78.80229897547882,0.9953271028037384,1.0,3861.5460614151802,0.0,"{""cloud"": 0.8411, ""seabed"": 0.1589}"
load,rate_per_node_h,0.5,4,cacgr,214,49.83981720211075,49.06277592960682,78.56117549440799,0.9953271028037384,1.0,342.3085821094609,0.0,"{""seabed"": 0.9112, ""auv"": 0.0561, ""sat"": 0.0327}"
load,rate_per_node_h,0.5,5,cloud,213,477.19754715370647,477.2773605639408,667.7477431750744,0.0,1.0,9.60000000000833,0.0,"{""cloud"": 1.0}"
load,rate_per_node_h,0.5,5,sensor,213,52.69414862688151,51.558657555008054,84.59070934061918,0.9765258215962441,1.0,282.4828973842855,0.0,"{""seabed"": 1.0}"
load,rate_per_node_h,0.5,5,surface,213,61.33810128072082,58.68975176524461,98.18853323897403,0.8826291079812206,1.0,6440.631790744424,0.0,"{""buoy"": 1.0}"
load,rate_per_node_h,0.5,5,statopt,213,53.50726718749402,52.80597825767375,84.592379740619,0.9765258215962441,1.0,3709.8470824949286,0.0,"{""cloud"": 0.8779, ""seabed"": 0.1221}"
load,rate_per_node_h,0.5,5,cacgr,213,52.79386362592674,51.66317283885207,84.34283408904281,0.9812206572769953,1.0,276.87613682090756,0.0,"{""seabed"": 0.9249, ""auv"": 0.0704, ""sat"": 0.0047}"
load,rate_per_node_h,0.5,6,cloud,177,510.06400333773894,523.698363045218,722.0600020756069,0.0,1.0,9.600000000006807,0.0,"{""cloud"": 1.0}"
load,rate_per_node_h,0.5,6,sensor,177,49.3316645962898,48.106996497385744,79.41754702506175,0.9943502824858758,1.0,265.96287328489734,0.0,"{""seabed"": 1.0}"
load,rate_per_node_h,0.5,6,surface,177,49.096438956560725,47.53265395950293,82.94100614901586,0.9943502824858758,1.0,5119.029862792537,0.0,"{""buoy"": 1.0}"
load,rate_per_node_h,0.5,6,statopt,177,47.3856985084244,46.19726393008968,77.4666346636974,1.0,1.0,4116.931396287296,0.0,"{""cloud"": 0.9096, ""seabed"": 0.0904}"
load,rate_per_node_h,0.5,6,cacgr,177,48.57235631042875,47.21709521460774,78.4438889347837,1.0,1.0,287.8275383373621,0.0,"{""seabed"": 0.8983, ""auv"": 0.0847, ""sat"": 0.0169}"
load,rate_per_node_h,0.5,7,cloud,198,502.1768968361304,497.31531518666077,721.1048293651052,0.0,1.0,9.60000000000841,0.0,"{""cloud"": 1.0}"
load,rate_per_node_h,0.5,7,sensor,198,53.1733395952262,53.01268574130199,83.20764594878732,0.98989898989899,1.0,265.4920634920587,0.0,"{""seabed"": 1.0}"
load,rate_per_node_h,0.5,7,surface,198,53.95593831579365,53.38010295462178,83.72548402653865,0.9848484848484849,1.0,5081.365079365045,0.0,"{""buoy"": 1.0}"
load,rate_per_node_h,0.5,7,statopt,198,52.980522335654406,53.01387907463519,83.2095796821207,0.98989898989899,1.0,3625.6652236651976,0.0,"{""cloud"": 0.8687, ""seabed"": 0.1313}"
load,rate_per_node_h,0.5,7,cacgr,198,53.0939456624181,53.15375542764123,82.3649068063723,0.98989898989899,1.0,262.37874747474444,0.0,"{""seabed"": 0.9293, ""auv"": 0.0657, ""sat"": 0.0051}"
load,rate_per_node_h,0.5,8,cloud,186,511.0311011217856,504.66183896845564,746.5636681555242,0.0,1.0,9.600000000007757,0.0,"{""cloud"": 1.0}"
load,rate_per_node_h,0.5,8,sensor,186,50.16158977060718,50.28396127363691,75.96892539659912,0.989247311827957,1.0,278.4208909369956,0.0,"{""seabed"": 1.0}"
load,rate_per_node_h,0.5,8,surface,186,57.54655832963427,56.62466996791248,98.5272728591428,0.9086021505376344,1.0,6115.671274961551,0.0,"{""buoy"": 1.0}"
load,rate_per_node_h,0.5,8,statopt,186,48.060610825482485,48.23996969556635,75.40477014806108,0.9946236559139785,1.0,3229.0353302610933,0.0,"{""cloud"": 0.871, ""seabed"": 0.129}"
load,rate_per_node_h,0.5,8,cacgr,186,48.66319954331738,48.66807439464128,74.63799052555781,0.9946236559139785,1.0,293.24093394774866,0.0,"{""seabed"": 0.8925, ""auv"": 0.0914, ""sat"": 0.0161}"
load,rate_per_node_h,0.5,9,cloud,225,539.331044912423,541.3330964837337,762.2780704364891,0.0,1.0,9.600000000005577,0.0,"{""cloud"": 1.0}"
load,rate_per_node_h,0.5,9,sensor,225,52.90890464347572,53.9320642430995,76.90128913759378,1.0,1.0,266.6031746031577,0.0,"{""seabed"": 1.0}"
load,rate_per_node_h,0.5,9,surface,225,54.19207247057903,55.30650540815889,80.28243293395775,0.9777777777777777,1.0,5170.2539682539245,0.0,"{""buoy"": 1.0}"
load,rate_per_node_h,0.5,9,statopt,225,50.30702227705681,51.11598321944039,74.4107558443532,1.0,1.0,2756.031746031713,0.0,"{""cloud"": 0.7822, ""seabed"": 0.2178}"
load,rate_per_node_h,0.5,9,cacgr,225,52.58095562191598,53.9320642430995,74.64181238024564,1.0,1.0,283.15548444443004,0.0,"{""seabed"": 0.8667, ""auv"": 0.1156, ""sat"": 0.0178}"
load,rate_per_node_h,0.5,10,cloud,193,506.14738158782626,503.40901526112066,753.4404149159853,0.0,1.0,9.600000000001986,0.0,"{""cloud"": 1.0}"
load,rate_per_node_h,0.5,10,sensor,193,47.547964777006115,48.298185494340096,75.82280132701842,1.0,1.0,275.46410066617227,0.0,"{""seabed"": 1.0}"
load,rate_per_node_h,0.5,10,surface,193,51.97840709512192,51.44760714282869,79.73207518548023,0.9844559585492227,1.0,5879.128053293825,0.0,"{""buoy"": 1.0}"
load,rate_per_node_h,0.5,10,statopt,193,46.74497830289123,46.920704152007694,75.43119236841862,1.0,1.0,1973.2805329385512,0.0,"{""cloud"": 0.6477, ""seabed"": 0.3523}"
load,rate_per_node_h,0.5,10,cacgr,193,47.87357248662147,48.472362017692284,75.42964836841865,1.0,1.0,267.425847520354,0.0,"{""seabed"": 0.9171, ""auv"": 0.0777, ""sat"": 0.0052}"
load,rate_per_node_h,0.5,11,cloud,188,504.17282870876727,516.7253842318137,723.7447917064093,0.0,1.0,9.600000000005318,0.0,"{""cloud"": 1.0}"
load,rate_per_node_h,0.5,11,sensor,188,54.13892589450844,53.92853927832227,81.2889333374802,0.9946808510638298,1.0,309.3328267477142,0.0,"{""seabed"": 1.0}"
load,rate_per_node_h,0.5,11,surface,188,65.73679685807471,65.14176124678112,99.51797959156434,0.8723404255319149,1.0,8588.626139817603,0.0,"{""buoy"": 1.0}"
load,rate_per_node_h,0.5,11,statopt,188,53.83406393952311,53.81194658551746,82.21326174669471,0.9893617021276596,1.0,3068.5653495440492,0.0,"{""cloud"": 0.6862, ""seabed"": 0.3138}"
load,rate_per_node_h,0.5,11,cacgr,188,54.09365200780052,53.92853927832227,80.95122814716294,0.9946808510638298,1.0,290.3223829787156,0.0,"{""seabed"": 0.9362, ""auv"": 0.0638}"
load,rate_per_node_h,0.5,12,cloud,197,557.6490534720048,557.3143699968444,798.2987176037798,0.0,1.0,9.600000000005728,0.0,"{""cloud"": 1.0}"
load,rate_per_node_h,0.5,12,sensor,197,48.63822341643432,46.77571967289453,79.19487790804062,0.9949238578680203,1.0,259.8317621464576,0.0,"{""seabed"": 1.0}"
load,rate_per_node_h,0.5,12,surface,197,49.850736260021016,48.030459052544515,81.11905935670048,0.9847715736040609,1.0,4628.540971718588,0.0,"{""buoy"": 1.0}"
load,rate_per_node_h,0.5,12,statopt,197,47.40425736845782,45.181892819064764,78.70831423600892,0.9949238578680203,1.0,3109.179115300899,0.0,"{""cloud"": 0.8629, ""seabed"": 0.1371}"
load,rate_per_node_h,0.5,12,cacgr,197,48.53865884539575,46.796330588455504,78.7078369026756,0.9949238578680203,1.0,258.4586279912716,0.0,"{""seabed"": 0.8832, ""auv"": 0.1066, ""uav"": 0.0102}"
load,rate_per_node_h,0.5,13,cloud,185,464.16784244482074,466.05537492526685,671.1368955262354,0.0,1.0,9.600000000003716,0.0,"{""cloud"": 1.0}"
load,rate_per_node_h,0.5,13,sensor,185,51.314524374326,52.506551962802284,76.31127734862558,0.9945945945945946,1.0,246.78764478760368,0.0,"{""seabed"": 1.0}"
load,rate_per_node_h,0.5,13,surface,185,50.237122325751415,51.20201398384731,76.31127734862558,0.9945945945945946,1.0,3585.0115830115215,0.0,"{""buoy"": 1.0}"
load,rate_per_node_h,0.5,13,statopt,185,49.72523780983817,49.38620709761259,75.55012915671286,0.9945945945945946,1.0,3585.0115830115215,0.0,"{""cloud"": 1.0}"
load,rate_per_node_h,0.5,13,cacgr,185,51.16957637383848,52.506551962802284,75.5484166233795,0.9945945945945946,1.0,243.64860540536586,0.0,"{""seabed"": 0.9243, ""auv"": 0.0703, ""sat"": 0.0054}"
load,rate_per_node_h,0.5,14,cloud,209,486.8716266961216,484.20092738594855,716.5388370007474,0.0,1.0,9.600000000005002,0.0,"{""cloud"": 1.0}"
load,rate_per_node_h,0.5,14,sensor,209,53.54802342764281,53.95600812834649,80.29718504068254,0.9856459330143541,1.0,262.3212576896538,0.0,"{""seabed"": 1.0}"
load,rate_per_node_h,0.5,14,surface,209,56.75717032163183,56.33599482270268,83.67193093829759,0.9665071770334929,1.0,4827.700615174252,0.0,"{""buoy"": 1.0}"
load,rate_per_node_h,0.5,14,statopt,209,52.643333932288364,53.03146134186196,79.5155902698788,0.9952153110047847,1.0,3183.4080656185483,0.0,"{""cloud"": 0.8517, ""seabed"": 0.1483}"
load,rate_per_node_h,0.5,14,cacgr,209,52.46831325543023,53.02928534186212,79.51404626987879,0.9952153110047847,1.0,314.5592563226033,0.0,"{""seabed"": 0.933, ""auv"": 0.0431, ""sat"": 0.0239}"
load,rate_per_node_h,0.5,15,cloud,200,469.6889315928056,483.8219896284355,686.1187352316715,0.0,1.0,9.600000000003138,0.0,"{""cloud"": 1.0}"
load,rate_per_node_h,0.5,15,sensor,200,53.03300410947535,52.85391571122694,80.24598796828897,0.985,1.0,253.9642857142527,0.0,"{""seabed"": 1.0}"
load,rate_per_node_h,0.5,15,surface,200,51.49489716269236,50.547539355404425,79.39948572554847,0.995,1.0,4159.142857142801,0.0,"{""buoy"": 1.0}"
load,rate_per_node_h,0.5,15,statopt,200,50.78047079988195,49.63449363588855,79.3607652204455,0.995,1.0,4159.142857142801,0.0,"{""cloud"": 1.0}"
load,rate_per_node_h,0.5,15,cacgr,200,51.65546877373306,51.23434059259468,79.39948825888176,0.995,1.0,290.8298742856842,0.0,"{""seabed"": 0.86, ""auv"": 0.115, ""sat"": 0.025}"
load,rate_per_node_h,0.5,16,cloud,179,499.1848648029398,515.0250325555306,672.9026392316597,0.0,1.0,9.60000000000761,0.0,"{""cloud"": 1.0}"
load,rate_per_node_h,0.5,16,sensor,179,49.41053436800059,49.40880119403099,78.9206745016505,0.994413407821229,1.0,247.69034317633572,0.0,"{""seabed"": 1.0}"
load,rate_per_node_h,0.5,16,surface,179,48.6439037512704,48.407550849360995,78.8560764173355,1.0,1.0,3657.2274541100733,0.0,"{""buoy"": 1.0}"
load,rate_per_node_h,0.5,16,statopt,179,48.211068127423324,48.231636593685835,78.8576414840022,1.0,1.0,3657.2274541100733,0.0,"{""cloud"": 1.0}"
load,rate_per_node_h,0.5,16,cacgr,179,49.162385967384665,49.63160123715546,78.0378590272599,0.994413407821229,1.0,267.17862410211364,0.0,"{""seabed"": 0.9497, ""auv"": 0.0391, ""sat"": 0.0112}"
load,rate_per_node_h,0.5,17,cloud,169,484.7325373040919,475.52944422973036,693.6847694337517,0.0,1.0,9.600000000006945,0.0,"{""cloud"": 1.0}"
load,rate_per_node_h,0.5,17,sensor,169,50.00718403919447,48.76902620844145,78.83028929423905,0.9940828402366864,1.0,304.4936601859844,0.0,"{""seabed"": 1.0}"
load,rate_per_node_h,0.5,17,surface,169,57.91222166301553,55.526555168417204,93.96146563368583,0.9408284023668639,1.0,8201.492814877416,0.0,"{""buoy"": 1.0}"
load,rate_per_node_h,0.5,17,statopt,169,49.3898193395471,48.623912009652244,78.83037356090571,0.9940828402366864,1.0,2232.262045646666,0.0,"{""seabed"": 0.5385, ""cloud"": 0.4615}"
load,rate_per_node_h,0.5,17,cacgr,169,49.86393120931173,48.76902620844145,78.83028929423905,0.9940828402366864,1.0,303.2461470836996,0.0,"{""seabed"": 0.9408, ""auv"": 0.0533, ""sat"": 0.0059}"
load,rate_per_node_h,0.5,18,cloud,209,441.65695790466964,444.74057196693565,657.5973105045283,0.0,1.0,9.600000000005785,0.0,"{""cloud"": 1.0}"
load,rate_per_node_h,0.5,18,sensor,209,51.54418800958926,52.33018915500143,74.0975879900738,1.0,1.0,243.69514695826848,0.0,"{""seabed"": 1.0}"
load,rate_per_node_h,0.5,18,surface,209,50.496147773406925,51.23175498552009,74.0975879900738,1.0,1.0,3337.611756664332,0.0,"{""buoy"": 1.0}"
load,rate_per_node_h,0.5,18,statopt,209,49.696613388726256,50.71288204712861,74.05490340339553,1.0,1.0,3337.611756664332,0.0,"{""cloud"": 1.0}"
load,rate_per_node_h,0.5,18,cacgr,209,51.428043149993904,52.33018915500143,74.05310660339566,1.0,1.0,247.8293807245052,0.0,"{""seabed"": 0.9043, ""auv"": 0.0861, ""sat"": 0.0096}"
load,rate_per_node_h,0.5,19,cloud,186,522.3946834556203,515.3885802520801,735.4229244845282,0.0,1.0,9.600000000008167,0.0,"{""cloud"": 1.0}"
load,rate_per_node_h,0.5,19,sensor,186,52.51621782425664,50.52938894677103,78.88132918827536,0.9838709677419355,1.0,308.3748079877143,0.0,"{""seabed"": 1.0}"
load,rate_per_node_h,0.5,19,surface,186,66.07655263948382,65.14644895411571,97.96122633126518,0.8602150537634409,1.0,8389.098838709651,0.0,"{""buoy"": 1.0}"
load,rate_per_node_h,0.5,19,statopt,186,51.388974512261534,50.023587786164036,78.62566208902894,0.9838709677419355,1.0,1931.1858678955377,0.0,"{""cloud"": 0.5323, ""seabed"": 0.4677}"
load,rate_per_node_h,0.5,19,cacgr,186,52.189094433402595,50.5293876134377,78.62396008902894,0.9838709677419355,1.0,317.2342119815716,0.0,"{""seabed"": 0.9194, ""auv"": 0.0699, ""sat"": 0.0108}"
load,rate_per_node_h,0.5,20,cloud,199,494.81956757995874,478.7564569894472,751.7113554065455,0.0,1.0,9.600000000007721,0.0,"{""cloud"": 1.0}"
load,rate_per_node_h,0.5,20,sensor,199,50.47021663566419,50.18878981714782,77.79359823595651,0.9899497487437185,1.0,303.3998564249755,0.0,"{""seabed"": 1.0}"
load,rate_per_node_h,0.5,20,surface,199,63.3006318419826,61.6987072838725,99.22766559465501,0.8844221105527639,1.0,7884.27234458001,0.0,"{""buoy"": 1.0}"
load,rate_per_node_h,0.5,20,statopt,199,49.67566757801407,49.42827226846324,77.54140940236897,0.9899497487437185,1.0,3121.8851399856185,0.0,"{""cloud"": 0.7236, ""seabed"": 0.2764}"
load,rate_per_node_h,0.5,20,cacgr,199,49.928215418834775,49.8455367209448,77.53983020236913,0.9899497487437185,1.0,307.9629921033678,0.0,"{""seabed"": 0.8844, ""auv"": 0.1055, ""sat"": 0.0101}"
load,rate_per_node_h,0.5,21,cloud,204,509.0304495938593,496.96929468680906,754.7079576146003,0.0,1.0,9.60000000000657,0.0,"{""cloud"": 1.0}"
load,rate_per_node_h,0.5,21,sensor,204,49.828722597160656,49.96280187660074,79.17350337152237,1.0,1.0,274.6540616246418,0.0,"{""seabed"": 1.0}"
load,rate_per_node_h,0.5,21,surface,204,56.353396414541116,55.54057618699705,83.08265484700759,0.9607843137254902,1.0,5814.324929971952,0.0,"{""buoy"": 1.0}"
load,rate_per_node_h,0.5,21,statopt,204,49.66312838138052,49.87849755564509,79.17522643818889,1.0,1.0,3097.2380952380686,0.0,"{""cloud"": 0.7549, ""seabed"": 0.2451}"
load,rate_per_node_h,0.5,21,cacgr,204,50.07956517280526,49.98820257709239,79.17350337152237,1.0,1.0,255.1463641456527,0.0,"{""seabed"": 0.9216, ""auv"": 0.0784}"
load,rate_per_node_h,0.5,22,cloud,192,525.1739200552796,509.235640293404,754.1841138461117,0.0,1.0,9.600000000004798,0.0,"{""cloud"": 1.0}"
load,rate_per_node_h,0.5,22,sensor,192,50.3435658784697,50.09815154870909,77.3944061726153,1.0,1.0,290.7276785714103,0.0,"{""seabed"": 1.0}"
load,rate_per_node_h,0.5,22,surface,192,58.84614183034721,56.5857507281163,101.60676508008068,0.9166666666666666,1.0,7100.214285714251,0.0,"{""buoy"": 1.0}"
load,rate_per_node_h,0.5,22,statopt,192,47.67778280962156,48.46238382996401,71.85692295548796,1.0,1.0,2919.1130952380604,0.0,"{""cloud"": 0.7448, ""seabed"": 0.2552}"
load,rate_per_node_h,0.5,22,cacgr,192,48.92452968375586,49.2856729357316,72.96537566939843,1.0,1.0,338.22391666664805,0.0,"{""seabed"": 0.9062, ""auv"": 0.0677, ""sat"": 0.026}"
load,rate_per_node_h,0.5,23,cloud,210,534.543838193138,555.883519209705,758.0004740001326,0.0,1.0,9.60000000000842,0.0,"{""cloud"": 1.0}"
load,rate_per_node_h,0.5,23,sensor,210,51.23622875154959,49.69673532702594,80.54942075696304,0.9904761904761905,1.0,274.95918367346394,0.0,"{""seabed"": 1.0}"
load,rate_per_node_h,0.5,23,surface,210,54.25748635256397,52.34421537817155,89.20285792388377,0.9571428571428572,1.0,5838.734693877514,0.0,"{""buoy"": 1.0}"
load,rate_per_node_h,0.5,23,statopt,210,49.713533910183244,48.080288785568094,77.82704887095043,0.9857142857142858,1.0,3040.9115646258265,0.0,"{""cloud"": 0.7476, ""seabed"": 0.2524}"
load,rate_per_node_h,0.5,23,cacgr,210,50.24145142986609,48.92995758172813,77.56879619438438,0.9904761904761905,1.0,306.14124625849814,0.0,"{""seabed"": 0.9143, ""auv"": 0.0667, ""sat"": 0.019}"
load,rate_per_node_h,0.5,24,cloud,214,477.3624571473063,497.3655151001307,688.7082631626356,0.0,1.0,9.600000000006315,0.0,"{""cloud"": 1.0}"
load,rate_per_node_h,0.5,24,sensor,214,51.00798008441707,51.16030424564875,75.92859187320464,0.9953271028037384,1.0,241.8865153537642,0.0,"{""seabed"": 1.0}"
load,rate_per_node_h,0.5,24,surface,214,48.86754915153901,49.13686856276584,74.97879502462851,0.9953271028037384,1.0,3192.9212283043453,0.0,"{""buoy"": 1.0}"
load,rate_per_node_h,0.5,24,statopt,214,48.11731537361192,48.6774751491622,74.57996987221274,0.9953271028037384,1.0,3192.9212283043453,0.0,"{""cloud"": 1.0}"
load,rate_per_node_h,0.5,24,cacgr,214,49.517213738014796,50.07482932600178,74.17898624582698,0.9953271028037384,1.0,273.5419813083724,0.0,"{""seabed"": 0.8551, ""auv"": 0.1215, ""sat"": 0.0234}"
load,rate_per_node_h,0.5,25,cloud,162,515.2990497010227,497.34557771037873,725.3483908236832,0.0,1.0,9.600000000003918,0.0,"{""cloud"": 1.0}"
load,rate_per_node_h,0.5,25,sensor,162,50.92700628682111,49.54476345519906,80.98757132637198,0.9876543209876543,1.0,274.75132275132165,0.0,"{""seabed"": 1.0}"
load,rate_per_node_h,0.5,25,surface,162,51.43699452880576,49.967289930581806,80.98757132637198,0.9938271604938271,1.0,5822.105820105785,0.0,"{""buoy"": 1.0}"
load,rate_per_node_h,0.5,25,statopt,162,50.001467178465425,48.7205473500712,78.81781601778441,0.9938271604938271,1.0,4179.777777777752,0.0,"{""cloud"": 0.8519, ""seabed"": 0.1481}"
load,rate_per_node_h,0.5,25,cacgr,162,49.921157650794484,49.04512105505431,78.81605081778434,0.9938271604938271,1.0,278.0103139329778,0.0,"{""seabed"": 0.8827, ""auv"": 0.1049, ""sat"": 0.0123}"
load,rate_per_node_h,0.5,26,cloud,205,509.21937384608225,508.1382137815308,715.1846175314906,0.0,1.0,9.600000000007666,0.0,"{""cloud"": 1.0}"
load,rate_per_node_h,0.5,26,sensor,205,52.68697552902479,51.39138421149061,78.49366214657279,0.9853658536585366,1.0,288.06271777002263,0.0,"{""seabed"": 1.0}"
load,rate_per_node_h,0.5,26,surface,205,58.89364404286991,55.97502127502113,97.19645678827024,0.8926829268292683,1.0,6887.017421602753,0.0,"{""buoy"": 1.0}"
load,rate_per_node_h,0.5,26,statopt,205,51.921643093750234,51.35132017162177,78.77277110954638,0.9853658536585366,1.0,3940.536585365821,0.0,"{""cloud"": 0.8683, ""seabed"": 0.1317}"
load,rate_per_node_h,0.5,26,cacgr,205,51.435664230408065,50.70017772887222,76.54193276408309,0.9902439024390244,1.0,335.5603735191519,0.0,"{""seabed"": 0.8732, ""auv"": 0.1073, ""sat"": 0.0195}"
load,rate_per_node_h,0.5,27,cloud,208,517.22980798636,525.0344444421081,740.0507848547308,0.0,1.0,9.600000000009633,0.0,"{""cloud"": 1.0}"
load,rate_per_node_h,0.5,27,sensor,208,49.390834117739274,48.04187941877887,75.6304513846463,0.9951923076923077,1.0,287.67994505494704,0.0,"{""seabed"": 1.0}"
load,rate_per_node_h,0.5,27,surface,208,56.70306194022212,57.377365167488094,88.13601290576788,0.9615384615384616,1.0,6856.395604395571,0.0,"{""buoy"": 1.0}"
load,rate_per_node_h,0.5,27,statopt,208,50.19123253185071,48.7890591215817,78.30241889724138,0.9903846153846154,1.0,3658.5934065933866,0.0,"{""cloud"": 0.7115, ""seabed"": 0.2885}"
load,rate_per_node_h,0.5,27,cacgr,208,49.43479920331151,48.04187941877887,75.6304513846463,0.9951923076923077,1.0,264.94162637362774,0.0,"{""seabed"": 0.9231, ""auv"": 0.0769}"
load,rate_per_node_h,0.5,28,cloud,181,470.4911577751889,462.47748731749346,711.7315756448576,0.0,1.0,9.60000000000366,0.0,"{""cloud"": 1.0}"
load,rate_per_node_h,0.5,28,sensor,181,53.54139981675031,51.60049490993988,84.85944994394352,0.9723756906077348,1.0,268.6929755327505,0.0,"{""seabed"": 1.0}"
load,rate_per_node_h,0.5,28,surface,181,53.66715936337319,52.96656471108047,85.61028803668111,0.9723756906077348,1.0,5337.438042620331,0.0,"{""buoy"": 1.0}"
load,rate_per_node_h,0.5,28,statopt,181,50.42728523616462,49.20967847060528,81.210350621006,0.9834254143646409,1.0,2520.0741910023494,0.0,"{""cloud"": 0.7459, ""seabed"": 0.2541}"
load,rate_per_node_h,0.5,28,cacgr,181,51.454902962987624,50.064915378229976,81.20880662100596,0.9834254143646409,1.0,321.8572501973096,0.0,"{""seabed"": 0.8453, ""auv"": 0.1215, ""sat"": 0.0331}"
load,rate_per_node_h,0.5,29,cloud,184,487.45076640414214,498.987129004596,715.1748743538831,0.0,1.0,9.60000000001013,0.0,"{""cloud"": 1.0}"
load,rate_per_node_h,0.5,29,sensor,184,48.79885234040412,49.138100124954995,77.93840843834954,0.9782608695652174,1.0,293.42080745341804,0.0,"{""seabed"": 1.0}"
load,rate_per_node_h,0.5,29,surface,184,57.68657561288457,54.58798424944859,93.15529023594179,0.9239130434782609,1.0,7315.664596273263,0.0,"{""buoy"": 1.0}"
load,rate_per_node_h,0.5,29,statopt,184,48.17502827846978,48.83559851979929,75.70875350817376,0.9891304347826086,1.0,2857.2795031055757,0.0,"{""cloud"": 0.5978, ""seabed"": 0.4022}"
load,rate_per_node_h,0.5,29,cacgr,184,48.60218310118182,49.138100124954995,75.39061255027967,0.9891304347826086,1.0,335.40596273291965,0.0,"{""seabed"": 0.9293, ""auv"": 0.0543, ""sat"": 0.0163}"
load,rate_per_node_h,1.0,0,cloud,377,569.3113745713794,571.4340121941449,745.7819855274741,0.0,1.0,9.600000000006583,0.0,"{""cloud"": 1.0}"
load,rate_per_node_h,1.0,0,sensor,377,52.114839409157824,51.99799376023075,80.50206295227585,0.9840848806366048,1.0,284.1333838575251,0.0,"{""seabed"": 1.0}"
load,rate_per_node_h,1.0,0,surface,377,95.42675597095254,95.20467232178014,160.8676434945336,0.46684350132625996,1.0,6542.358232663855,0.0,"{""buoy"": 1.0}"
load,rate_per_node_h,1.0,0,statopt,377,52.12694862427089,51.864898532863904,80.84306722920881,0.9814323607427056,1.0,2691.2004547176844,0.0,"{""cloud"": 0.6499, ""seabed"": 0.3501}"
load,rate_per_node_h,1.0,0,cacgr,377,51.51182421559705,51.60053682659248,80.32842437400429,0.9840848806366048,1.0,292.9700219780245,0.0,"{""seabed"": 0.9204, ""auv"": 0.069, ""sat"": 0.0106}"
load,rate_per_node_h,1.0,1,cloud,351,500.4437365326022,499.8895006442223,687.5101045841106,0.0,1.0,9.600000000005977,0.0,"{""cloud"": 1.0}"
load,rate_per_node_h,1.0,1,sensor,351,47.587536270341815,47.22504762816728,73.50973485359378,1.0,1.0,277.1933251933161,0.0,"{""seabed"": 1.0}"
load,rate_per_node_h,1.0,1,surface,351,62.32733446931169,59.532095411472255,97.6061765531634,0.9088319088319088,1.0,6017.4660154659805,0.0,"{""buoy"": 1.0}"
load,rate_per_node_h,1.0,1,statopt,351,47.48758211194474,47.095365628210615,73.57402398498034,1.0,1.0,2922.309320309295,0.0,"{""cloud"": 0.7208, ""seabed"": 0.2792}"
load,rate_per_node_h,1.0,1,cacgr,351,47.50542830415111,47.18082615729315,73.15775156791096,1.0,1.0,259.5023719983639,0.0,"{""seabed"": 0.9088, ""auv"": 0.0883, ""sat"": 0.0028}"
load,rate_per_node_h,1.0,2,cloud,370,574.2778089759429,569.3919829262037,807.3166109458415,0.0,1.0,9.600000000003776,0.0,"{""cloud"": 1.0}"
load,rate_per_node_h,1.0,2,sensor,370,50.32993120533656,50.63243715995438,75.60153249654793,0.9945945945945946,1.0,282.1158301158334,0.0,"{""seabed"": 1.0}"
load,rate_per_node_h,1.0,2,surface,370,75.38983380945493,74.87413120341289,114.39684714658453,0.7297297297297297,1.0,6411.266409266383,0.0,"{""buoy"": 1.0}"
load,rate_per_node_h,1.0,2,statopt,370,49.05802398661104,49.612634937274315,73.63103939204832,0.9945945945945946,1.0,2276.5945945945846,0.0,"{""cloud"": 0.627, ""seabed"": 0.373}"
load,rate_per_node_h,1.0,2,cacgr,370,49.778057247480625,50.24753477059915,72.49624102576935,0.9972972972972973,1.0,271.2427428571444,0.0,"{""seabed"": 0.9054, ""auv"": 0.0892, ""sat"": 0.0054}"
load,rate_per_node_h,1.0,3,cloud,379,486.62228031709236,496.11825115830726,690.5739287187256,0.0,1.0,9.600000000004256,0.0,"{""cloud"": 1.0}"
load,rate_per_node_h,1.0,3,sensor,379,51.1541900020644,51.103563439664384,78.94904910263323,0.9920844327176781,1.0,250.90689785145742,0.0,"{""seabed"": 1.0}"
load,rate_per_node_h,1.0,3,surface,379,53.03876640707678,53.10798796432597,81.52686958092404,0.9762532981530343,1.0,3914.5518281190552,0.0,"{""buoy"": 1.0}"
load,rate_per_node_h,1.0,3,statopt,379,51.932860003960634,51.96397729430076,81.05340721366709,0.9815303430079155,1.0,3914.5518281190552,0.0,"{""cloud"": 1.0}"
load,rate_per_node_h,1.0,3,cacgr,379,50.18609901472268,49.97970639379795,77.07921257214588,0.9947229551451188,1.0,270.9742570674405,0.0,"{""seabed"": 0.8971, ""auv"": 0.0871, ""sat"": 0.0158}"
load,rate_per_node_h,1.0,4,cloud,406,546.8920657676105,536.0600502993966,744.5221473671,0.0,1.0,9.600000000004737,0.0,"{""cloud"": 1.0}"
load,rate_per_node_h,1.0,4,sensor,406,51.04777970395683,50.66147701573712,78.4413744605083,0.9926108374384236,1.0,270.4377199155418,0.0,"{""seabed"": 1.0}"
load,rate_per_node_h,1.0,4,surface,406,67.72105941213182,67.76893974887165,107.23178109333749,0.8325123152709359,1.0,5477.017593244155,0.0,"{""buoy"": 1.0}"
load,rate_per_node_h,1.0,4,statopt,406,53.01145694765585,53.23597738329069,81.0394700246167,0.9827586206896551,1.0,3893.3441238564064,0.0,"{""cloud"": 0.8571, ""seabed"": 0.1429}"
load,rate_per_node_h,1.0,4,cacgr,406,50.72223882252247,50.83204768253078,77.25364839925409,0.9926108374384236,1.0,297.03095904291456,0.0,"{""seabed"": 0.9138, ""auv"": 0.0714, ""sat"": 0.0123, ""uav"": 0.0025}"
load,rate_per_node_h,1.0,5,cloud,407,518.7629671267338,515.3543301530003,687.9152791531149,0.0,1.0,9.600000000005025,0.0,"{""cloud"": 1.0}"
load,rate_per_node_h,1.0,5,sensor,407,51.99906666015861,51.2014553084157,81.13281893696939,0.9828009828009828,1.0,279.57107757105206,0.0,"{""seabed"": 1.0}"
load,rate_per_node_h,1.0,5,surface,407,108.6039436746444,98.18392224593676,198.3466646701423,0.4398034398034398,1.0,6032.189804141753,0.0,"{""buoy"": 1.0}"
load,rate_per_node_h,1.0,5,statopt,407,53.638008043729855,52.36786860750532,83.85290959158351,0.9778869778869779,1.0,3734.186732186684,0.0,"{""cloud"": 0.8894, ""seabed"": 0.1106}"
load,rate_per_node_h,1.0,5,cacgr,407,51.77356127936749,51.157916030061706,80.13209758661966,0.9877149877149877,1.0,288.8178588978355,0.0,"{""seabed"": 0.9017, ""auv"": 0.086, ""sat"": 0.0123}"
load,rate_per_node_h,1.0,6,cloud,363,540.2453729266107,536.4602657949387,714.4569361158724,0.0,1.0,9.600000000006512,0.0,"{""cloud"": 1.0}"
load,rate_per_node_h,1.0,6,sensor,363,49.9294874685445,49.96897971107257,78.3581247810475,0.9862258953168044,1.0,272.24793388428606,0.0,"{""seabed"": 1.0}"
load,rate_per_node_h,1.0,6,surface,363,64.86243406444233,65.44005737028093,102.12015768750676,0.8677685950413223,1.0,5621.834710743762,0.0,"{""buoy"": 1.0}"
load,rate_per_node_h,1.0,6,statopt,363,52.03286958373922,51.24144541623864,83.0539328647446,0.977961432506887,1.0,3850.5635576544346,0.0,"{""cloud"": 0.8402, ""seabed"": 0.1598}"
load,rate_per_node_h,1.0,6,cacgr,363,50.09075658741575,49.98740429062855,78.3581247810475,0.9862258953168044,1.0,258.1689350649236,0.0,"{""seabed"": 0.9201, ""auv"": 0.0771, ""sat"": 0.0028}"
load,rate_per_node_h,1.0,7,cloud,364,539.0371168642054,538.6372425286858,724.2423917657941,0.0,1.0,9.60000000000824,0.0,"{""cloud"": 1.0}"
load,rate_per_node_h,1.0,7,sensor,364,48.58655548543301,48.805810352756936,73.54577046915986,1.0,1.0,264.8924646781611,0.0,"{""seabed"": 1.0}"
load,rate_per_node_h,1.0,7,surface,364,59.730400204433906,59.959787917108045,94.32806839263085,0.9340659340659341,1.0,5033.397174254272,0.0,"{""buoy"": 1.0}"
load,rate_per_node_h,1.0,7,statopt,364,50.098588462676226,49.778086259221176,75.79943935063146,0.9917582417582418,1.0,3571.5447409732747,0.0,"{""cloud"": 0.8681, ""seabed"": 0.1319}"
load,rate_per_node_h,1.0,7,cacgr,364,48.32614981284036,48.71036323761582,72.44217116022429,1.0,1.0,257.233915227615,0.0,"{""seabed"": 0.9066, ""auv"": 0.0879, ""sat"": 0.0055}"
load,rate_per_node_h,1.0,8,cloud,391,528.3756218814436,537.8786581498093,731.9081997460883,0.0,1.0,9.600000000007096,0.0,"{""cloud"": 1.0}"
load,rate_per_node_h,1.0,8,sensor,391,49.55070514923992,48.51976229428048,78.5774861643816,0.9923273657289002,1.0,278.7263427109721,0.0,"{""seabed"": 1.0}"
load,rate_per_node_h,1.0,8,surface,391,88.41955925347064,83.4039408782223,159.08782222054313,0.5601023017902813,1.0,6081.650233101889,0.0,"{""buoy"": 1.0}"
load,rate_per_node_h,1.0,8,statopt,391,48.482032110536245,47.61641817123066,76.5698341549236,0.9974424552429667,1.0,3222.094994519501,0.0,"{""cloud"": 0.8696, ""seabed"": 0.1304}"
load,rate_per_node_h,1.0,8,cacgr,391,49.64209532070922,48.971999059076914,76.89318253902493,0.9948849104859335,1.0,270.3267109974216,0.0,"{""seabed"": 0.8875, ""auv"": 0.1049, ""sat"": 0.0077}"
load,rate_per_node_h,1.0,9,cloud,426,604.3646442077908,613.6038406130228,801.4652767667336,0.0,1.0,9.600000000007153,0.0,"{""cloud"": 1.0}"
load,rate_per_node_h,1.0,9,sensor,426,49.73549039059059,49.316288824425705,77.78974584043007,0.9953051643192489,1.0,267.1408450704058,0.0,"{""seabed"": 1.0}"
load,rate_per_node_h,1.0,9,surface,426,68.3809174307336,67.61251013483124,107.93936889292011,0.8145539906103286,1.0,5213.267605633757,0.0,"{""buoy"": 1.0}"
load,rate_per_node_h,1.0,9,statopt,426,49.428998167868954,49.24755057096493,77.945715272974,0.9953051643192489,1.0,2637.0100603621404,0.0,"{""cloud"": 0.7676, ""seabed"": 0.2324}"
load,rate_per_node_h,1.0,9,cacgr,426,49.254643273561705,49.246355904298255,76.19711530010133,0.9953051643192489,1.0,270.50042655933964,0.0,"{""seabed"": 0.885, ""auv"": 0.1033, ""sat"": 0.0117}"
load,rate_per_node_h,1.0,10,cloud,411,557.7698940678146,579.1156525558938,747.4914218402082,0.0,1.0,9.600000000005764,0.0,"{""cloud"": 1.0}"
load,rate_per_node_h,1.0,10,sensor,411,49.20897667286012,48.582806482515544,75.15013637160067,0.9975669099756691,1.0,277.59958289884787,0.0,"{""seabed"": 1.0}"
load,rate_per_node_h,1.0,10,surface,411,92.57006196690516,84.7371130771889,177.0377770074209,0.5498783454987834,1.0,5980.453511296454,0.0,"{""buoy"": 1.0}"
load,rate_per_node_h,1.0,10,statopt,411,47.794046137131645,46.96467271419048,75.00393759930846,0.9975669099756691,1.0,1923.1678832116618,0.0,"{""cloud"": 0.6277, ""seabed"": 0.3723}"
load,rate_per_node_h,1.0,10,cacgr,411,49.38059834029385,49.414845340980904,75.0038322659751,0.9975669099756691,1.0,266.22441710114236,0.0,"{""seabed"": 0.8808, ""auv"": 0.1119, ""sat"": 0.0073}"
load,rate_per_node_h,1.0,11,cloud,374,553.0409237687059,560.6953294214939,734.1093520692292,0.0,1.0,9.60000000000583,0.0,"{""cloud"": 1.0}"
load,rate_per_node_h,1.0,11,sensor,374,52.71619140977303,53.1344445154836,80.70174958049918,0.9866310160427807,1.0,286.41558441556583,0.0,"{""seabed"": 1.0}"
load,rate_per_node_h,1.0,11,surface,374,102.05795924747018,102.02111390139386,166.01042621989077,0.4037433155080214,1.0,6587.183633307826,0.0,"{""buoy"": 1.0}"
load,rate_per_node_h,1.0,11,statopt,374,54.07693513950444,54.071164232268956,82.41696678156441,0.9786096256684492,1.0,3358.531703590491,0.0,"{""cloud"": 0.7834, ""seabed"": 0.2166}"
load,rate_per_node_h,1.0,11,cacgr,374,51.945043215349074,52.29278808244829,79.50451497277338,0.9919786096256684,1.0,323.36757830402996,0.0,"{""seabed"": 0.9412, ""auv"": 0.0401, ""sat"": 0.0187}"
load,rate_per_node_h,1.0,12,cloud,402,587.5495209486129,574.5798748634012,780.694159326033,0.0,1.0,9.600000000006824,0.0,"{""cloud"": 1.0}"
load,rate_per_node_h,1.0,12,sensor,402,49.84358963912102,49.507356016988766,83.0176921765198,0.9825870646766169,1.0,259.21393034823245,0.0,"{""seabed"": 1.0}"
load,rate_per_node_h,1.0,12,surface,402,55.45856246385988,55.08942294449063,87.14561334454169,0.9626865671641791,1.0,4579.114427860645,0.0,"{""buoy"": 1.0}"
load,rate_per_node_h,1.0,12,statopt,402,49.36154065999531,48.207940727916686,84.2862897922891,0.9751243781094527,1.0,3310.5998578535437,0.0,"{""cloud"": 0.8856, ""seabed"": 0.1144}"
load,rate_per_node_h,1.0,12,cacgr,402,48.7375418052588,48.47879433196304,80.53092699197602,0.9875621890547264,1.0,312.7251741293288,0.0,"{""seabed"": 0.9005, ""auv"": 0.0746, ""sat"": 0.0224, ""uav"": 0.0025}"
load,rate_per_node_h,1.0,13,cloud,388,506.80008158767725,504.64956099550983,672.6523976171494,0.0,1.0,9.600000000003913,0.0,"{""cloud"": 1.0}"
load,rate_per_node_h,1.0,13,sensor,388,53.32547151327238,53.36506807062312,82.84262436996482,0.9716494845360825,1.0,247.1951399116028,0.0,"{""seabed"": 1.0}"
load,rate_per_node_h,1.0,13,surface,388,54.17425781908972,53.85856024353695,84.04129043463969,0.9716494845360825,1.0,3617.6111929307267,0.0,"{""buoy"": 1.0}"
load,rate_per_node_h,1.0,13,statopt,388,53.649457970037,53.56080935211685,84.04339270130643,0.9716494845360825,1.0,3617.6111929307267,0.0,"{""cloud"": 1.0}"
load,rate_per_node_h,1.0,13,cacgr,388,52.424461901332364,52.8232433726064,80.61074990325385,0.9768041237113402,1.0,288.3708989690421,0.0,"{""seabed"": 0.8969, ""auv"": 0.0799, ""sat"": 0.0232}"
load,rate_per_node_h,1.0,14,cloud,398,531.7398694975809,544.2342945312295,735.0001447593565,0.0,1.0,9.600000000006187,0.0,"{""cloud"": 1.0}"
load,rate_per_node_h,1.0,14,sensor,398,53.73436821679502,52.983779976257516,81.9783494645621,0.9798994974874372,1.0,257.36611629573736,0.0,"{""seabed"": 1.0}"
load,rate_per_node_h,1.0,14,surface,398,58.53700013816797,58.74001325795313,86.75456703029437,0.9623115577889447,1.0,4431.289303661109,0.0,"{""buoy"": 1.0}"
load,rate_per_node_h,1.0,14,statopt,398,53.50834738377105,52.70323360612165,82.19376769873703,0.9849246231155779,1.0,3317.147164393348,0.0,"{""cloud"": 0.8995, ""seabed"": 0.1005}"
load,rate_per_node_h,1.0,14,cacgr,398,53.42114597626298,53.29618316511805,80.23660445326868,0.9874371859296482,1.0,271.3048557070809,0.0,"{""seabed"": 0.9121, ""auv"": 0.0779, ""sat"": 0.0101}"
load,rate_per_node_h,1.0,15,cloud,376,503.9418977202861,510.7644892599464,692.3784512199451,0.0,1.0,9.60000000000275,0.0,"{""cloud"": 1.0}"
load,rate_per_node_h,1.0,15,sensor,376,52.664013056546644,52.05567225669089,78.32605636529091,0.9973404255319149,1.0,255.09650455924458,0.0,"{""seabed"": 1.0}"
load,rate_per_node_h,1.0,15,surface,376,54.50063729043294,54.11603871685195,86.05915739635641,0.9680851063829787,1.0,4249.72036474159,0.0,"{""buoy"": 1.0}"
load,rate_per_node_h,1.0,15,statopt,376,53.85454274843493,53.19099839126923,85.80935235351743,0.9707446808510638,1.0,4249.72036474159,0.0,"{""cloud"": 1.0}"
load,rate_per_node_h,1.0,15,cacgr,376,51.839266218570735,51.36872104543303,77.56625394787092,1.0,1.0,286.1553069908552,0.0,"{""seabed"": 0.883, ""auv"": 0.0957, ""sat"": 0.0213}"
load,rate_per_node_h,1.0,16,cloud,385,529.7368631220116,522.6399703842364,691.9859028554371,0.0,1.0,9.60000000000618,0.0,"{""cloud"": 1.0}"
load,rate_per_node_h,1.0,16,sensor,385,50.83204258376725,50.63078721283867,76.37010407915797,0.9922077922077922,1.0,246.7124304266742,0.0,"{""seabed"": 1.0}"
load,rate_per_node_h,1.0,16,surface,385,50.63730197628245,50.520868100094475,76.0098704149002,0.9896103896103896,1.0,3578.994434137228,0.0,"{""buoy"": 1.0}"
load,rate_per_node_h,1.0,16,statopt,385,49.77357050939578,50.130810459441754,74.3923217085623,0.9948051948051948,1.0,3578.994434137228,0.0,"{""cloud"": 1.0}"
load,rate_per_node_h,1.0,16,cacgr,385,50.59703155094112,50.50859257156553,73.8423560467881,0.9974025974025974,1.0,258.6211799628538,0.0,"{""seabed"": 0.8961, ""auv"": 0.0909, ""sat"": 0.013}"
load,rate_per_node_h,1.0,17,cloud,347,514.8520102775557,524.5804530406174,708.6219326401819,0.0,1.0,9.600000000008016,0.0,"{""cloud"": 1.0}"
load,rate_per_node_h,1.0,17,sensor,347,51.26053956529627,51.22197331491115,80.27707962333525,0.9971181556195965,1.0,300.0856319473187,0.0,"{""seabed"": 1.0}"
load,rate_per_node_h,1.0,17,surface,347,137.65479194756188,145.29467382863442,210.83520564142833,0.2334293948126801,1.0,7503.041403046498,0.0,"{""buoy"": 1.0}"
load,rate_per_node_h,1.0,17,statopt,347,50.57286011722832,50.60835467027906,78.20654143563998,0.9971181556195965,1.0,2353.9143680526986,0.0,"{""cloud"": 0.5043, ""seabed"": 0.4957}"
load,rate_per_node_h,1.0,17,cacgr,347,51.03449056915884,51.22197331491115,79.3732580487489,0.9971181556195965,1.0,287.3780683408927,0.0,"{""seabed"": 0.9049, ""auv"": 0.0893, ""sat"": 0.0058}"
load,rate_per_node_h,1.0,18,cloud,392,487.56687551990666,491.79952880186454,679.310846018384,0.0,1.0,9.60000000000555,0.0,"{""cloud"": 1.0}"
load,rate_per_node_h,1.0,18,sensor,392,50.15266986486886,49.36082823957304,76.73738455025529,1.0,1.0,242.5430029154114,0.0,"{""seabed"": 1.0}"
load,rate_per_node_h,1.0,18,surface,392,48.893482134873274,48.43873970947413,74.98486739466608,1.0,1.0,3245.440233236091,0.0,"{""buoy"": 1.0}"
load,rate_per_node_h,1.0,18,statopt,392,48.502057789126106,48.14456143171167,74.29872453744626,1.0,1.0,3245.440233236091,0.0,"{""cloud"": 1.0}"
load,rate_per_node_h,1.0,18,cacgr,392,48.76522862085436,48.59383398085406,73.01005914461372,1.0,1.0,287.58457725943794,0.0,"{""seabed"": 0.8852, ""auv"": 0.0893, ""sat"": 0.023, ""uav"": 0.0026}"
load,rate_per_node_h,1.0,19,cloud,375,542.2623449456544,534.7921813008863,727.8484537870964,0.0,1.0,9.600000000005792,0.0,"{""cloud"": 1.0}"
load,rate_per_node_h,1.0,19,sensor,375,55.19045631531057,54.65055724873673,83.842733862728,0.9733333333333334,1.0,311.2380952381079,0.0,"{""seabed"": 1.0}"
load,rate_per_node_h,1.0,19,surface,375,219.46709767274612,223.89262538975527,317.0678960219088,0.04533333333333334,1.0,7163.96415390474,0.0,"{""buoy"": 1.0}"
load,rate_per_node_h,1.0,19,statopt,375,54.37226675946785,53.87464226833072,83.174145523479,0.976,1.0,1891.9809523809552,0.0,"{""seabed"": 0.5147, ""cloud"": 0.4853}"
load,rate_per_node_h,1.0,19,cacgr,375,54.5786742865861,54.35053760657926,82.52428078032085,0.976,1.0,309.20184076191566,0.0,"{""seabed"": 0.8853, ""auv"": 0.104, ""sat"": 0.0107}"
load,rate_per_node_h,1.0,20,cloud,390,554.8071616134959,546.1193206413666,744.792285002126,0.0,1.0,9.600000000007192,0.0,"{""cloud"": 1.0}"
load,rate_per_node_h,1.0,20,sensor,390,50.39513472447094,49.53962751230259,83.81944467191563,0.9846153846153847,1.0,296.3223443223363,0.0,"{""seabed"": 1.0}"
load,rate_per_node_h,1.0,20,surface,390,203.94742059736782,187.17980806001592,332.00732330684866,0.028205128205128206,1.0,6983.71648937726,0.0,"{""buoy"": 1.0}"
load,rate_per_node_h,1.0,20,statopt,390,52.98456849119905,51.57771775525058,88.08108701244208,0.9615384615384616,1.0,3343.684981684956,0.0,"{""cloud"": 0.7513, ""seabed"": 0.2487}"
load,rate_per_node_h,1.0,20,cacgr,390,50.377639929896766,49.680467736921614,83.74764867479914,0.9846153846153847,1.0,286.57264761903815,0.0,"{""seabed"": 0.9154, ""auv"": 0.0795, ""sat"": 0.0051}"
load,rate_per_node_h,1.0,21,cloud,394,537.2701255607813,559.9399053293195,751.56090363068,0.0,1.0,9.600000000006089,0.0,"{""cloud"": 1.0}"
load,rate_per_node_h,1.0,21,sensor,394,52.46161405254382,51.908856579771175,82.29246445560806,0.9822335025380711,1.0,278.50471356054686,0.0,"{""seabed"": 1.0}"
load,rate_per_node_h,1.0,21,surface,394,90.14915180759259,85.02223889437234,153.05996501576527,0.550761421319797,1.0,6042.614010152248,0.0,"{""buoy"": 1.0}"
load,rate_per_node_h,1.0,21,statopt,394,54.38153125503125,53.82579985005577,85.1741488026333,0.9670050761421319,1.0,3365.016678752697,0.0,"{""cloud"": 0.7513, ""seabed"": 0.2487}"
load,rate_per_node_h,1.0,21,cacgr,394,51.201267810940564,50.41282229956778,79.94204263654544,0.9898477157360406,1.0,312.2971196519166,0.0,"{""seabed"": 0.8832, ""auv"": 0.0939, ""sat"": 0.0228}"
load,rate_per_node_h,1.0,22,cloud,388,594.6576127601219,598.4815729154315,816.9501446357136,0.0,1.0,9.600000000008203,0.0,"{""cloud"": 1.0}"
load,rate_per_node_h,1.0,22,sensor,388,52.85256834641951,52.53204349920979,80.39642021433414,0.9974226804123711,1.0,288.15611192929026,0.0,"{""seabed"": 1.0}"
load,rate_per_node_h,1.0,22,surface,388,117.942092305211,110.18836844607888,203.16499117879488,0.38917525773195877,1.0,6437.944106038247,0.0,"{""buoy"": 1.0}"
load,rate_per_node_h,1.0,22,statopt,388,51.99981750309367,51.89211651900526,79.42856411556205,0.9974226804123711,1.0,2958.0382916052677,0.0,"{""cloud"": 0.7577, ""seabed"": 0.2423}"
load,rate_per_node_h,1.0,22,cacgr,388,51.77596122859598,51.753267575709984,79.42702011556226,0.9974226804123711,1.0,317.45124594990995,0.0,"{""seabed"": 0.866, ""auv"": 0.1108, ""sat"": 0.0232}"
load,rate_per_node_h,1.0,23,cloud,389,581.9400612041283,601.7125879128187,757.3426887509693,0.0,1.0,9.600000000007345,0.0,"{""cloud"": 1.0}"
load,rate_per_node_h,1.0,23,sensor,389,53.98546245090339,52.945088163738305,83.48187426244777,0.9897172236503856,1.0,275.1729709878749,0.0,"{""seabed"": 1.0}"
load,rate_per_node_h,1.0,23,surface,389,78.7783188682639,73.61696868717276,135.92099328204398,0.6966580976863753,1.0,5841.149972824054,0.0,"{""buoy"": 1.0}"
load,rate_per_node_h,1.0,23,statopt,389,52.690517476886654,51.54077930794253,81.74661947043056,0.9948586118251928,1.0,2892.0477414616003,0.0,"{""cloud"": 0.7326, ""seabed"": 0.2674}"
load,rate_per_node_h,1.0,23,cacgr,389,53.022601230049624,52.46516281837163,81.6493688959431,0.9948586118251928,1.0,322.6407756151253,0.0,"{""seabed"": 0.874, ""auv"": 0.1003, ""sat"": 0.0257}"
load,rate_per_node_h,1.0,24,cloud,400,505.9970516841599,510.8789091450554,680.4193453673649,0.0,1.0,9.60000000000708,0.0,"{""cloud"": 1.0}"
load,rate_per_node_h,1.0,24,sensor,400,52.45546368840971,53.32060805797607,80.25972601895276,0.995,1.0,241.82142857139112,0.0,"{""seabed"": 1.0}"
load,rate_per_node_h,1.0,24,surface,400,50.54343120882913,51.13449517668903,79.34380370290178,0.995,1.0,3187.714285714228,0.0,"{""buoy"": 1.0}"
load,rate_per_node_h,1.0,24,statopt,400,49.41099325626183,49.96984639351285,78.18242528876434,0.9975,1.0,3187.714285714228,0.0,"{""cloud"": 1.0}"
load,rate_per_node_h,1.0,24,cacgr,400,51.386791983113525,52.86790045223815,77.63480319938125,0.995,1.0,298.92741714282243,0.0,"{""seabed"": 0.88, ""auv"": 0.09, ""sat"": 0.03}"
load,rate_per_node_h,1.0,25,cloud,335,566.2588761751019,581.6363869222553,746.5185819243948,0.0,1.0,9.60000000000593,0.0,"{""cloud"": 1.0}"
load,rate_per_node_h,1.0,25,sensor,335,49.75975247770037,49.969279868792604,74.87082933857874,1.0,1.0,274.2814498933787,0.0,"{""seabed"": 1.0}"
load,rate_per_node_h,1.0,25,surface,335,66.05734095537952,64.09873578552215,115.95851555125604,0.8477611940298507,1.0,5784.51599147117,0.0,"{""buoy"": 1.0}"
load,rate_per_node_h,1.0,25,statopt,335,53.125801132706606,52.881105195340446,80.23370286972724,0.9940298507462687,1.0,4229.206823027683,0.0,"{""cloud"": 0.8597, ""seabed"": 0.1403}"
load,rate_per_node_h,1.0,25,cacgr,335,49.91725729042581,50.16049036132487,74.25616996367332,1.0,1.0,266.6376392323966,0.0,"{""seabed"": 0.9104, ""auv"": 0.0836, ""sat"": 0.003, ""uav"": 0.003}"
load,rate_per_node_h,1.0,26,cloud,440,531.2704618398282,544.3585700213874,733.9144103248657,0.0,1.0,9.600000000009029,0.0,"{""cloud"": 1.0}"
load,rate_per_node_h,1.0,26,sensor,440,53.85263698465824,54.36035319453295,80.74851452179108,0.9931818181818182,1.0,289.9058441558266,0.0,"{""seabed"": 1.0}"
load,rate_per_node_h,1.0,26,surface,440,204.48722615174873,220.81735503514938,295.1942591526929,0.08636363636363636,1.0,6099.434015584371,0.0,"{""buoy"": 1.0}"
load,rate_per_node_h,1.0,26,statopt,440,55.6844489509836,55.94019011667092,85.58778058787763,0.9681818181818181,1.0,3780.4415584415187,0.0,"{""cloud"": 0.8545, ""seabed"": 0.1455}"
load,rate_per_node_h,1.0,26,cacgr,440,52.888592113694656,54.018791278808564,78.39562135749883,0.9954545454545455,1.0,307.02565714284276,0.0,"{""seabed"": 0.8727, ""auv"": 0.1091, ""sat"": 0.0159, ""uav"": 0.0023}"
load,rate_per_node_h,1.0,27,cloud,387,555.2891378244236,555.7321595632706,742.7691643770958,0.0,1.0,9.600000000007457,0.0,"{""cloud"": 1.0}"
load,rate_per_node_h,1.0,27,sensor,387,50.89708077226847,48.49380617678253,84.1696759224879,0.9948320413436692,1.0,279.05795496493204,0.0,"{""seabed"": 1.0}"
load,rate_per_node_h,1.0,27,surface,387,88.65061389784908,82.84784974046488,172.7798938762506,0.58656330749354,1.0,6063.282185308197,0.0,"{""buoy"": 1.0}"
load,rate_per_node_h,1.0,27,statopt,387,52.387214543536885,50.29595215171818,85.17835077745922,0.9870801033591732,1.0,3888.896525655201,0.0,"{""cloud"": 0.7959, ""seabed"": 0.2041}"
load,rate_per_node_h,1.0,27,cacgr,387,50.25618770468416,48.213590336860214,79.88632302680818,0.9948320413436692,1.0,293.0013200442953,0.0,"{""seabed"": 0.9173, ""auv"": 0.0698, ""sat"": 0.0129}"
load,rate_per_node_h,1.0,28,cloud,363,541.5661467319175,549.1047870970009,744.1993705883428,0.0,1.0,9.600000000005288,0.0,"{""cloud"": 1.0}"
load,rate_per_node_h,1.0,28,sensor,363,52.791418252354575,53.205580545857565,84.2398237911905,0.9696969696969697,1.0,268.214088941344,0.0,"{""seabed"": 1.0}"
load,rate_per_node_h,1.0,28,surface,363,64.16446432742448,62.59055054572285,104.69693869194789,0.8567493112947658,1.0,5299.127115308892,0.0,"{""buoy"": 1.0}"
load,rate_per_node_h,1.0,28,statopt,363,50.8553631782746,50.88366548544606,80.9042888383049,0.9807162534435262,1.0,2611.681227863014,0.0,"{""cloud"": 0.7576, ""seabed"": 0.2424}"
load,rate_per_node_h,1.0,28,cacgr,363,51.7713080415182,52.81079992206481,80.90274483830488,0.9807162534435262,1.0,301.5914301455946,0.0,"{""seabed"": 0.9174, ""auv"": 0.0634, ""sat"": 0.0193}"
load,rate_per_node_h,1.0,29,cloud,386,535.1342543467749,539.1639080630142,721.0116573845115,0.0,1.0,9.600000000009139,0.0,"{""cloud"": 1.0}"
load,rate_per_node_h,1.0,29,sensor,386,48.41905430936068,46.929418966550536,78.53895865420584,0.9922279792746114,1.0,292.4885270170329,0.0,"{""seabed"": 1.0}"
load,rate_per_node_h,1.0,29,surface,386,134.32449058798522,134.78238871488665,213.09977200963814,0.25647668393782386,1.0,6870.999863804557,0.0,"{""buoy"": 1.0}"
load,rate_per_node_h,1.0,29,statopt,386,49.898478865303886,48.17718373364781,82.82209208378644,0.9818652849740933,1.0,3019.3205033308573,0.0,"{""cloud"": 0.6192, ""seabed"": 0.3808}"
load,rate_per_node_h,1.0,29,cacgr,386,48.41363414937893,47.351557664235706,77.46566980051269,0.9922279792746114,1.0,280.86332494449147,0.0,"{""seabed"": 0.9093, ""auv"": 0.0855, ""sat"": 0.0052}"
load,rate_per_node_h,2.0,0,cloud,764,629.336691983321,643.4511212429838,775.3538275438713,0.0,1.0,9.60000000000571,0.0,"{""cloud"": 1.0}"
load,rate_per_node_h,2.0,0,sensor,764,53.63382930175517,53.72025850305696,79.77030372892709,0.9869109947643979,1.0,285.11518324607835,0.0,"{""seabed"": 1.0}"
load,rate_per_node_h,2.0,0,surface,764,307.08009191484,314.00889750225457,422.8795871241856,0.01832460732984293,1.0,3629.669564697053,0.0,"{""buoy"": 1.0}"
load,rate_per_node_h,2.0,0,statopt,764,58.25570630889461,58.370806876287475,91.43948658839882,0.943717277486911,1.0,2675.448017950626,0.0,"{""cloud"": 0.6414, ""seabed"": 0.3586}"
load,rate_per_node_h,2.0,0,cacgr,764,52.892316689366616,53.56344677763785,78.81289326805603,0.9908376963350786,1.0,304.54461331339166,0.0,"{""seabed"": 0.9084, ""auv"": 0.0772, ""sat"": 0.0144}"
load,rate_per_node_h,2.0,1,cloud,727,527.4115101520973,530.117495998639,713.5356985108822,0.0,1.0,9.600000000007828,0.0,"{""cloud"": 1.0}"
load,rate_per_node_h,2.0,1,sensor,727,50.16068107115189,49.176568081276976,78.97720976126041,0.9931224209078404,1.0,273.91982707800565,0.0,"{""seabed"": 1.0}"
load,rate_per_node_h,2.0,1,surface,727,254.80936735177207,258.5882292604302,377.95698375531424,0.03576341127922971,1.0,3857.4863147965875,0.0,"{""buoy"": 1.0}"
load,rate_per_node_h,2.0,1,statopt,727,59.09676317528139,57.960736518458965,91.51567216509511,0.9422283356258597,1.0,2896.243011986616,0.0,"{""cloud"": 0.7428, ""seabed"": 0.2572}"
load,rate_per_node_h,2.0,1,cacgr,727,49.836538164939114,48.970674795625385,77.160516354314,0.9944979367262724,1.0,278.80301198663204,0.0,"{""seabed"": 0.9147, ""auv"": 0.077, ""sat"": 0.0083}"
load,rate_per_node_h,2.0,2,cloud,757,667.9238359253239,660.1702646916723,807.9665756745648,0.0,1.0,9.600000000003769,0.0,"{""cloud"": 1.0}"
load,rate_per_node_h,2.0,2,sensor,757,52.04819041156683,51.82185200432317,80.92351211419047,0.9907529722589168,1.0,281.4961313455384,0.0,"{""seabed"": 1.0}"
load,rate_per_node_h,2.0,2,surface,757,331.8205237352244,338.9837840109175,441.15628997571974,0.003963011889035667,1.0,3689.6226306850044,0.0,"{""buoy"": 1.0}"
load,rate_per_node_h,2.0,2,statopt,757,53.03401425898621,52.77832014336563,82.00036519672014,0.9841479524438573,1.0,2290.5827514625294,0.0,"{""cloud"": 0.6328, ""seabed"": 0.3672}"
load,rate_per_node_h,2.0,2,cacgr,757,51.50618958071001,51.688283912325524,79.7049806044443,0.9933949801849405,1.0,287.40939799962325,0.0,"{""seabed"": 0.9247, ""auv"": 0.0661, ""sat"": 0.0079, ""uav"": 0.0013}"
load,rate_per_node_h,2.0,3,cloud,758,562.2790360217656,599.9538018876563,693.9464154424596,0.0,1.0,9.600000000007029,0.0,"{""cloud"": 1.0}"
load,rate_per_node_h,2.0,3,sensor,758,52.386689531261645,52.58714533517876,79.5697592666785,0.9894459102902374,1.0,252.320392009013,0.0,"{""seabed"": 1.0}"
load,rate_per_node_h,2.0,3,surface,758,190.0584604916073,186.35592895758737,288.05535497874394,0.06464379947229551,1.0,3654.5074044477374,0.0,"{""buoy"": 1.0}"
load,rate_per_node_h,2.0,3,statopt,758,189.2382483312349,186.14881982284177,287.0869860047221,0.06728232189973615,1.0,3654.5074044477374,0.0,"{""cloud"": 1.0}"
load,rate_per_node_h,2.0,3,cacgr,758,51.756770151998694,52.35946736748195,78.64073283726057,0.9934036939313984,1.0,269.8607885412421,0.0,"{""seabed"": 0.9024, ""auv"": 0.0831, ""sat"": 0.0145}"
load,rate_per_node_h,2.0,4,cloud,790,622.203682889514,620.2105514490611,768.2859051703614,0.0,1.0,9.600000000003964,0.0,"{""cloud"": 1.0}"
load,rate_per_node_h,2.0,4,sensor,790,50.2464863144051,49.52221985419455,79.50667766401736,0.9860759493670886,1.0,268.77215189872175,0.0,"{""seabed"": 1.0}"
load,rate_per_node_h,2.0,4,surface,790,280.9075177822951,291.3618850966442,370.03668903073105,0.013924050632911392,1.0,3539.194473779348,0.0,"{""buoy"": 1.0}"
load,rate_per_node_h,2.0,4,statopt,790,196.07216619351973,200.26027732293974,267.9431294798226,0.04556962025316456,1.0,3491.445555732332,0.0,"{""cloud"": 0.8848, ""seabed"": 0.1152}"
load,rate_per_node_h,2.0,4,cacgr,790,49.92109533858918,49.42058274639024,77.72868823596488,0.9873417721518988,1.0,299.20293989148803,0.0,"{""seabed"": 0.9228, ""auv"": 0.062, ""sat"": 0.0152}"
load,rate_per_node_h,2.0,5,cloud,763,610.6704987251568,626.862786218375,703.4659513391309,0.0,1.0,9.600000000006274,0.0,"{""cloud"": 1.0}"
load,rate_per_node_h,2.0,5,sensor,763,52.923441598285756,52.43244369196643,80.14742503072179,0.9803407601572739,1.0,287.89215502712926,0.0,"{""seabed"": 1.0}"
load,rate_per_node_h,2.0,5,surface,763,276.7019721856612,268.036991053751,423.6304952458878,0.019659239842726082,1.0,3705.556673282119,0.0,"{""buoy"": 1.0}"
load,rate_per_node_h,2.0,5,statopt,763,99.16169776741744,100.28747613412415,143.18279945531296,0.3722149410222805,1.0,3500.897351057813,0.0,"{""cloud"": 0.8506, ""seabed"": 0.1494}"
load,rate_per_node_h,2.0,5,cacgr,763,52.72588232976696,52.43244369196643,78.83728355045999,0.981651376146789,1.0,277.60844785618764,0.0,"{""seabed"": 0.9096, ""auv"": 0.0852, ""sat"": 0.0052}"
load,rate_per_node_h,2.0,6,cloud,729,586.2409115788183,598.4305083485327,745.9114120506196,0.0,1.0,9.600000000008261,0.0,"{""cloud"": 1.0}"
load,rate_per_node_h,2.0,6,sensor,729,50.44120802065902,49.68787147846936,79.13360659515132,0.99039780521262,1.0,266.7658240250655,0.0,"{""seabed"": 1.0}"
load,rate_per_node_h,2.0,6,surface,729,270.797666753329,274.4962676318634,395.5488808559981,0.02194787379972565,1.0,3780.267679404232,0.0,"{""buoy"": 1.0}"
load,rate_per_node_h,2.0,6,statopt,729,164.6252053173202,156.284577731753,259.45850510438856,0.08093278463648834,1.0,3783.2462322554925,0.0,"{""cloud"": 0.8985, ""seabed"": 0.1015}"
load,rate_per_node_h,2.0,6,cacgr,729,50.18310466864669,49.53704399537116,78.1321085542875,0.99039780521262,1.0,266.67532039974856,0.0,"{""seabed"": 0.8957, ""auv"": 0.096, ""sat"": 0.0069, ""uav"": 0.0014}"
load,rate_per_node_h,2.0,7,cloud,757,621.7230418293867,650.8915001016678,729.7745355350216,0.0,1.0,9.600000000007762,0.0,"{""cloud"": 1.0}"
load,rate_per_node_h,2.0,7,sensor,757,52.15632249115866,51.86782800198077,80.52702908055696,0.9907529722589168,1.0,266.49330062274504,0.0,"{""seabed"": 1.0}"
load,rate_per_node_h,2.0,7,surface,757,267.81367280991407,268.1372787776726,374.4733152902117,0.031704095112285335,1.0,3580.1304789582528,0.0,"{""buoy"": 1.0}"
load,rate_per_node_h,2.0,7,statopt,757,178.9074811985631,186.50939219772263,231.55280708663733,0.03830911492734478,1.0,3532.182149990523,0.0,"{""cloud"": 0.86, ""seabed"": 0.14}"
load,rate_per_node_h,2.0,7,cacgr,757,52.063705536340905,51.8569634924456,80.40473071993924,0.9920739762219286,1.0,263.3110186827584,0.0,"{""seabed"": 0.9273, ""auv"": 0.0674, ""sat"": 0.0053}"
load,rate_per_node_h,2.0,8,cloud,772,537.6285059512867,536.5887135012184,760.943050713984,0.0,1.0,9.600000000006183,0.0,"{""cloud"": 1.0}"
load,rate_per_node_h,2.0,8,sensor,772,49.873757327398984,48.51391018355001,81.97312761838215,0.9831606217616581,1.0,279.7202072538606,0.0,"{""seabed"": 1.0}"
load,rate_per_node_h,2.0,8,surface,772,309.86018170020213,301.6500741672371,436.4059672297121,0.015544041450777202,1.0,3625.359928941482,0.0,"{""buoy"": 1.0}"
load,rate_per_node_h,2.0,8,statopt,772,72.67240878152573,71.46560178690387,116.73903190269746,0.7512953367875648,1.0,3306.960284233854,0.0,"{""cloud"": 0.8705, ""seabed"": 0.1295}"
load,rate_per_node_h,2.0,8,cacgr,772,48.951580761879335,47.91834398565752,78.69199565279759,0.9870466321243523,1.0,307.5142324204058,0.0,"{""seabed"": 0.8834, ""auv"": 0.0959, ""sat"": 0.0207}"
load,rate_per_node_h,2.0,9,cloud,819,690.6218506919237,711.2067745893856,809.5478260985305,0.0,1.0,9.600000000006688,0.0,"{""cloud"": 1.0}"
load,rate_per_node_h,2.0,9,sensor,819,51.183681865249746,50.52515312772072,79.78611056469816,0.9938949938949939,1.0,269.5911390196926,0.0,"{""seabed"": 1.0}"
load,rate_per_node_h,2.0,9,surface,819,311.02110057698263,322.4339110142925,430.40697247554914,0.028083028083028084,1.0,3504.621583115251,0.0,"{""buoy"": 1.0}"
load,rate_per_node_h,2.0,9,statopt,819,55.95846755872854,55.85454746983523,84.79599206739236,0.9682539682539683,1.0,2634.4786324785982,0.0,"{""cloud"": 0.7497, ""seabed"": 0.2503}"
load,rate_per_node_h,2.0,9,cacgr,819,50.43095669435402,49.791143320471264,78.20586184164706,0.9963369963369964,1.0,284.4518095237927,0.0,"{""seabed"": 0.8962, ""auv"": 0.0891, ""sat"": 0.0147}"
load,rate_per_node_h,2.0,10,cloud,786,626.2295017793682,641.6365271622958,754.4856620250342,0.0,1.0,9.600000000004725,0.0,"{""cloud"": 1.0}"
load,rate_per_node_h,2.0,10,sensor,786,50.51947972139986,49.534332010399524,77.17745925305917,0.9949109414758269,1.0,279.1537622682638,0.0,"{""seabed"": 1.0}"
load,rate_per_node_h,2.0,10,surface,786,304.3572264101746,320.19236661970905,420.4500702797654,0.020356234096692113,1.0,3604.4651748454826,0.0,"{""buoy"": 1.0}"
load,rate_per_node_h,2.0,10,statopt,786,50.47298065127073,49.5215640411494,77.17745858639252,0.9961832061068703,1.0,1886.6964740094372,0.0,"{""cloud"": 0.6132, ""seabed"": 0.3868}"
load,rate_per_node_h,2.0,10,cacgr,786,50.025101326429194,49.21835650324436,75.5476677794731,0.9961832061068703,1.0,288.7648302435444,0.0,"{""seabed"": 0.902, ""auv"": 0.0852, ""sat"": 0.0115, ""uav"": 0.0013}"
load,rate_per_node_h,2.0,11,cloud,770,641.5272688519166,644.1019843640593,725.9467114909481,0.0,1.0,9.600000000005995,0.0,"{""cloud"": 1.0}"
load,rate_per_node_h,2.0,11,sensor,770,53.334039357658085,53.539879681957956,80.93240644937448,0.987012987012987,1.0,295.6456400742069,0.0,"{""seabed"": 1.0}"
load,rate_per_node_h,2.0,11,surface,770,325.95764210457526,326.96447569855843,439.0539045281654,0.01948051948051948,1.0,3601.4239525046087,0.0,"{""buoy"": 1.0}"
load,rate_per_node_h,2.0,11,statopt,770,101.11997303344785,99.5723146244986,170.45889046169833,0.42337662337662335,1.0,3308.456413209621,0.0,"{""cloud"": 0.7442, ""seabed"": 0.2558}"
load,rate_per_node_h,2.0,11,cacgr,770,52.712526886905245,53.22298150938077,79.06928338285681,0.990909090909091,1.0,318.4710619666007,0.0,"{""seabed"": 0.9234, ""auv"": 0.0623, ""sat"": 0.0143}"
load,rate_per_node_h,2.0,12,cloud,792,685.0739190344472,694.7728048952807,800.0142496042556,0.0,1.0,9.600000000006,0.0,"{""cloud"": 1.0}"
load,rate_per_node_h,2.0,12,sensor,792,51.40780845580876,50.249017595510786,82.46912516377546,0.9772727272727273,1.0,259.1338383838163,0.0,"{""seabed"": 1.0}"
load,rate_per_node_h,2.0,12,surface,792,270.355262050449,288.53894257444693,375.5977350696029,0.06060606060606061,1.0,3533.8066378065864,0.0,"{""buoy"": 1.0}"
load,rate_per_node_h,2.0,12,statopt,792,94.88279895471534,89.55849440015056,160.5037704418461,0.5050505050505051,1.0,3224.945177489133,0.0,"{""cloud"": 0.8801, ""seabed"": 0.1199}"
load,rate_per_node_h,2.0,12,cacgr,792,50.79164334846958,49.781510561801525,81.08461666376459,0.9810606060606061,1.0,272.10116305914306,0.0,"{""seabed"": 0.8965, ""auv"": 0.0896, ""sat"": 0.0126, ""uav"": 0.0013}"
load,rate_per_node_h,2.0,13,cloud,769,595.5086124036962,613.6455513501753,683.8955795271987,0.0,1.0,9.600000000004503,0.0,"{""cloud"": 1.0}"
load,rate_per_node_h,2.0,13,sensor,769,51.60384703221499,50.56431368494256,79.96405712320008,0.9843953185955787,1.0,246.53836150841536,0.0,"{""seabed"": 1.0}"
load,rate_per_node_h,2.0,13,surface,769,110.26217601513854,102.27719498498242,187.25181599132935,0.3940182054616385,1.0,3509.344407207817,0.0,"{""buoy"": 1.0}"
load,rate_per_node_h,2.0,13,statopt,769,109.51327209600979,101.41114542210295,186.83828054128068,0.40052015604681407,1.0,3509.344407207817,0.0,"{""cloud"": 1.0}"
load,rate_per_node_h,2.0,13,cacgr,769,51.13071428496628,50.3026730037207,77.58844700278148,0.988296488946684,1.0,259.14845431911704,0.0,"{""seabed"": 0.8999, ""auv"": 0.0871, ""sat"": 0.013}"
load,rate_per_node_h,2.0,14,cloud,750,595.9308872645263,617.5912708750116,736.7901141030967,0.0,1.0,9.600000000005632,0.0,"{""cloud"": 1.0}"
load,rate_per_node_h,2.0,14,sensor,750,52.96512689527155,51.75200861320603,83.18845825525203,0.9853333333333333,1.0,259.8095238095044,0.0,"{""seabed"": 1.0}"
load,rate_per_node_h,2.0,14,surface,750,253.32801355522258,263.9876129802934,352.3686805021533,0.030666666666666665,1.0,3640.1756220951925,0.0,"{""buoy"": 1.0}"
load,rate_per_node_h,2.0,14,statopt,750,76.31305542412548,72.75569723883152,119.54349818945573,0.704,1.0,3311.2571428571023,0.0,"{""cloud"": 0.8813, ""seabed"": 0.1187}"
load,rate_per_node_h,2.0,14,cacgr,750,52.65354782691309,51.79031970588906,82.12645173954249,0.988,1.0,269.3565775237917,0.0,"{""seabed"": 0.904, ""auv"": 0.0853, ""sat"": 0.0107}"
load,rate_per_node_h,2.0,15,cloud,770,567.9445978672295,607.2544111405225,702.1696947739157,0.0,1.0,9.600000000004483,0.0,"{""cloud"": 1.0}"
load,rate_per_node_h,2.0,15,sensor,770,52.35004132006013,51.35610989457667,80.9462203557601,0.9922077922077922,1.0,254.96846011128886,0.0,"{""seabed"": 1.0}"
load,rate_per_node_h,2.0,15,surface,770,199.0149475121976,207.06515763446575,276.8266123017941,0.06493506493506493,1.0,3560.4909298700773,0.0,"{""buoy"": 1.0}"
load,rate_per_node_h,2.0,15,statopt,770,196.5912348498052,205.58137590111576,274.3366141590179,0.06493506493506493,1.0,3560.4909298700773,0.0,"{""cloud"": 1.0}"
load,rate_per_node_h,2.0,15,cacgr,770,51.5861148897159,51.148555797861114,78.82812898536592,0.9961038961038962,1.0,281.0954953617537,0.0,"{""seabed"": 0.8974, ""auv"": 0.0844, ""sat"": 0.0182}"
load,rate_per_node_h,2.0,16,cloud,748,596.7902599629119,607.8398373252586,745.0934620957029,0.0,1.0,9.600000000006327,0.0,"{""cloud"": 1.0}"
load,rate_per_node_h,2.0,16,sensor,748,51.91596160718687,52.16315822115224,78.2664645420846,0.9959893048128342,1.0,247.64553093960936,0.0,"{""seabed"": 1.0}"
load,rate_per_node_h,2.0,16,surface,748,104.91508485688396,106.57278956716806,154.86133664054623,0.3315508021390374,1.0,3638.365689839508,0.0,"{""buoy"": 1.0}"
load,rate_per_node_h,2.0,16,statopt,748,104.40447625398454,106.12064050688451,153.74058366546475,0.3355614973262032,1.0,3638.365689839508,0.0,"{""cloud"": 1.0}"
load,rate_per_node_h,2.0,16,cacgr,748,51.47407599735037,52.08095356286594,76.66075252233026,0.9973262032085561,1.0,266.70238961035125,0.0,"{""seabed"": 0.9211, ""auv"": 0.0655, ""sat"": 0.0134}"
load,rate_per_node_h,2.0,17,cloud,733,594.9463837246224,606.1395751182533,707.0631413078255,0.0,1.0,9.60000000000642,0.0,"{""cloud"": 1.0}"
load,rate_per_node_h,2.0,17,sensor,733,52.35524527054384,51.87778232498531,81.48815137075871,0.9863574351978172,1.0,299.93412590140053,0.0,"{""seabed"": 1.0}"
load,rate_per_node_h,2.0,17,surface,733,328.1333700550944,323.3320249492589,461.5737236777194,0.0068212824010914054,1.0,3974.1134125901185,0.0,"{""buoy"": 1.0}"
load,rate_per_node_h,2.0,17,statopt,733,54.972121837191416,54.34992424003455,84.76362576863572,0.9727148703956344,1.0,2286.311050477494,0.0,"{""seabed"": 0.5007, ""cloud"": 0.4993}"
load,rate_per_node_h,2.0,17,cacgr,733,51.7217960779629,51.09631730671884,80.45373423378123,0.9877216916780355,1.0,303.3725324498283,0.0,"{""seabed"": 0.9181, ""auv"": 0.0723, ""sat"": 0.0095}"
load,rate_per_node_h,2.0,18,cloud,782,574.3370664465377,593.6312950446663,675.1598806497694,0.0,1.0,9.600000000006132,0.0,"{""cloud"": 1.0}"
load,rate_per_node_h,2.0,18,sensor,782,50.64684738462339,50.34495632022793,75.27806144689369,0.9961636828644501,1.0,242.23565948114083,0.0,"{""seabed"": 1.0}"
load,rate_per_node_h,2.0,18,surface,782,79.89647094888257,75.35464394783824,135.31697795991866,0.6470588235294118,1.0,3184.3198421628886,0.0,"{""buoy"": 1.0}"
load,rate_per_node_h,2.0,18,statopt,782,79.02537834441245,74.44017252259188,134.70354493507946,0.6560102301790282,1.0,3184.3198421628886,0.0,"{""cloud"": 1.0}"
load,rate_per_node_h,2.0,18,cacgr,782,50.11090876272534,50.18522540142421,73.58769534645904,0.9987212276214834,1.0,258.28484033609396,0.0,"{""seabed"": 0.9143, ""auv"": 0.0729, ""sat"": 0.0128}"
load,rate_per_node_h,2.0,19,cloud,753,639.7206001607798,648.0099287221999,732.0392709828985,0.0,1.0,9.600000000007444,0.0,"{""cloud"": 1.0}"
load,rate_per_node_h,2.0,19,sensor,753,55.539797725731816,54.745358432519424,83.28081860602717,0.9853917662682603,1.0,309.3800037943556,0.0,"{""seabed"": 1.0}"
load,rate_per_node_h,2.0,19,surface,753,357.529779611453,358.7971831604756,495.3104347222527,0.006640106241699867,1.0,3633.394531587915,0.0,"{""buoy"": 1.0}"
load,rate_per_node_h,2.0,19,statopt,753,56.41296118461908,55.884045992641404,84.66700350660102,0.9747675962815405,1.0,2034.8210965661146,0.0,"{""cloud"": 0.5153, ""seabed"": 0.4847}"
load,rate_per_node_h,2.0,19,cacgr,753,54.90339479055808,54.50816274579605,82.84254837624707,0.9880478087649402,1.0,317.4871531018856,0.0,"{""seabed"": 0.8964, ""auv"": 0.0903, ""sat"": 0.0133}"
load,rate_per_node_h,2.0,20,cloud,812,652.1720837228291,648.4713712034114,760.9582147968467,0.0,1.0,9.600000000007316,0.0,"{""cloud"": 1.0}"
load,rate_per_node_h,2.0,20,sensor,812,50.92402910966457,50.69760268738755,81.30876522913759,0.9815270935960592,1.0,294.8483462350384,0.0,"{""seabed"": 1.0}"
load,rate_per_node_h,2.0,20,surface,812,360.78558344310375,365.0849944187352,499.200090956351,0.009852216748768473,1.0,3425.834482758592,0.0,"{""buoy"": 1.0}"
load,rate_per_node_h,2.0,20,statopt,812,108.12585902093555,110.29714054183545,152.2564781738689,0.2660098522167488,1.0,3261.2193505981436,0.0,"{""cloud"": 0.7463, ""seabed"": 0.2537}"
load,rate_per_node_h,2.0,20,cacgr,812,50.36870172278722,50.002856634356974,78.67895023769407,0.9864532019704434,1.0,304.93674595354713,0.0,"{""seabed"": 0.9236, ""auv"": 0.0653, ""sat"": 0.0111}"
load,rate_per_node_h,2.0,21,cloud,770,628.9125168953838,637.0247058713883,753.6371393659109,0.0,1.0,9.600000000005952,0.0,"{""cloud"": 1.0}"
load,rate_per_node_h,2.0,21,sensor,770,51.38364027239665,51.26582176924627,80.50522418944182,0.9844155844155844,1.0,279.1799628942457,0.0,"{""seabed"": 1.0}"
load,rate_per_node_h,2.0,21,surface,770,309.4687255805918,314.24053771154587,411.5865963127987,0.016883116883116882,1.0,3731.265656400709,0.0,"{""buoy"": 1.0}"
load,rate_per_node_h,2.0,21,statopt,770,77.25908270200213,73.2866595692154,128.75391747790155,0.6844155844155844,1.0,3196.0259802597157,0.0,"{""cloud"": 0.7312, ""seabed"": 0.2688}"
load,rate_per_node_h,2.0,21,cacgr,770,51.085830353356734,51.24836159953884,79.86205777027325,0.987012987012987,1.0,276.6570686456365,0.0,"{""seabed"": 0.8935, ""auv"": 0.0974, ""sat"": 0.0091}"
load,rate_per_node_h,2.0,22,cloud,813,630.6808256678379,659.0450334440181,820.7220076060402,0.0,1.0,9.60000000000813,0.0,"{""cloud"": 1.0}"
load,rate_per_node_h,2.0,22,sensor,813,53.05244395312419,53.48964990884197,80.30144733735514,0.993849938499385,1.0,287.26620980494175,0.0,"{""seabed"": 1.0}"
load,rate_per_node_h,2.0,22,surface,813,346.49560687665326,352.9762799009923,476.00164287982614,0.014760147601476014,1.0,3555.1181950447713,0.0,"{""buoy"": 1.0}"
load,rate_per_node_h,2.0,22,statopt,813,75.37401233399933,70.74203677423648,130.39761647891243,0.7257072570725708,1.0,2983.2696144789697,0.0,"{""cloud"": 0.7651, ""seabed"": 0.2349}"
load,rate_per_node_h,2.0,22,cacgr,813,52.661111261629124,53.433449409602325,79.26724409241959,0.996309963099631,1.0,297.8460137058379,0.0,"{""seabed"": 0.8893, ""auv"": 0.0959, ""sat"": 0.0148}"
load,rate_per_node_h,2.0,23,cloud,784,675.9925234789845,678.1600676222373,822.4531108415771,0.0,1.0,9.600000000007626,0.0,"{""cloud"": 1.0}"
load,rate_per_node_h,2.0,23,sensor,784,52.41718512998357,51.59576277622455,83.67700762054504,0.9783163265306123,1.0,273.92966472302436,0.0,"{""seabed"": 1.0}"
load,rate_per_node_h,2.0,23,surface,784,313.28260915361534,318.90430856531054,434.68232008328886,0.012755102040816327,1.0,3569.9013177842194,0.0,"{""buoy"": 1.0}"
load,rate_per_node_h,2.0,23,statopt,784,64.97045496066845,63.10188631030657,114.21142216223483,0.8252551020408163,1.0,2914.2448979591563,0.0,"{""cloud"": 0.7436, ""seabed"": 0.2564}"
load,rate_per_node_h,2.0,23,cacgr,784,51.809188290308136,51.51176078000656,82.96969323263531,0.9821428571428571,1.0,279.7729096209847,0.0,"{""seabed"": 0.8839, ""auv"": 0.1033, ""sat"": 0.0128}"
load,rate_per_node_h,2.0,24,cloud,813,607.5859423835824,617.9947819744183,723.7825288873913,0.0,1.0,9.600000000007594,0.0,"{""cloud"": 1.0}"
load,rate_per_node_h,2.0,24,sensor,813,52.680623741398975,53.362156286449924,81.68553740047099,0.991389913899139,1.0,242.28290282898672,0.0,"{""seabed"": 1.0}"
load,rate_per_node_h,2.0,24,surface,813,98.78019015756686,103.26556486329355,147.28046285386554,0.3849938499384994,1.0,3189.492796345044,0.0,"{""buoy"": 1.0}"
load,rate_per_node_h,2.0,24,statopt,813,97.84466877691803,102.09132583057047,146.7718137949872,0.3948339483394834,1.0,3189.492796345044,0.0,"{""cloud"": 1.0}"
load,rate_per_node_h,2.0,24,cacgr,813,51.83711882625845,53.073300448700806,79.92778571565943,0.993849938499385,1.0,262.09516780878135,0.0,"{""seabed"": 0.8918, ""auv"": 0.0923, ""sat"": 0.016}"
load,rate_per_node_h,2.0,25,cloud,675,640.4481804394543,646.5677681359007,775.037018536088,0.0,1.0,9.60000000000538,0.0,"{""cloud"": 1.0}"
load,rate_per_node_h,2.0,25,sensor,675,52.36014735519552,52.12385851511353,79.10050668905254,0.9955555555555555,1.0,273.16402116401025,0.0,"{""seabed"": 1.0}"
load,rate_per_node_h,2.0,25,surface,675,294.7702861363408,305.53001623824406,413.3212452567339,0.034074074074074076,1.0,4302.61329608461,0.0,"{""buoy"": 1.0}"
load,rate_per_node_h,2.0,25,statopt,675,185.87336168404786,199.14176406201514,280.22421039465405,0.07555555555555556,1.0,4094.7956412274666,0.0,"{""cloud"": 0.8726, ""seabed"": 0.1274}"
load,rate_per_node_h,2.0,25,cacgr,675,51.941044665303046,51.92254025482107,77.91673769358246,0.997037037037037,1.0,268.35216253967155,0.0,"{""seabed"": 0.9022, ""auv"": 0.0904, ""sat"": 0.0074}"
load,rate_per_node_h,2.0,26,cloud,842,530.7601984930717,543.3811402292612,724.0084821775785,0.0,1.0,9.60000000000948,0.0,"{""cloud"": 1.0}"
load,rate_per_node_h,2.0,26,sensor,842,52.14725080979138,52.31273383879034,78.88544806974728,0.9916864608076009,1.0,288.91041737358177,0.0,"{""seabed"": 1.0}"
load,rate_per_node_h,2.0,26,surface,842,338.7174416657728,341.07021481851615,470.48983157980496,0.0011876484560570072,1.0,3307.237499830302,0.0,"{""buoy"": 1.0}"
load,rate_per_node_h,2.0,26,statopt,842,238.0465279669343,253.6793295764354,339.44443184132405,0.048693586698337295,1.0,3328.9259860196394,0.0,"{""cloud"": 0.8705, ""seabed"": 0.1295}"
load,rate_per_node_h,2.0,26,cacgr,842,51.77975171829757,52.195349041803034,77.6701439754906,0.994061757719715,1.0,291.5998642687311,0.0,"{""seabed"": 0.9002, ""auv"": 0.0891, ""sat"": 0.0107}"
load,rate_per_node_h,2.0,27,cloud,753,582.541377000007,609.6532651890469,748.2237811288308,0.0,1.0,9.600000000009588,0.0,"{""cloud"": 1.0}"
load,rate_per_node_h,2.0,27,sensor,753,50.62400139094973,49.18074466802791,82.0767720153577,0.9867197875166003,1.0,280.82754695503576,0.0,"{""seabed"": 1.0}"
load,rate_per_node_h,2.0,27,surface,753,322.6687870764544,322.6685459154777,451.95366882378164,0.0199203187250996,1.0,3625.746173401602,0.0,"{""buoy"": 1.0}"
load,rate_per_node_h,2.0,27,statopt,753,152.0296104855166,157.78366395369375,209.1284525608331,0.08100929614873838,1.0,3604.620680705723,0.0,"{""cloud"": 0.7596, ""seabed"": 0.2404}"
load,rate_per_node_h,2.0,27,cacgr,753,50.73822221354298,49.706524384031944,81.3635981709987,0.9867197875166003,1.0,271.66379055207636,0.0,"{""seabed"": 0.923, ""auv"": 0.073, ""sat"": 0.004}"
load,rate_per_node_h,2.0,28,cloud,756,601.0065464355241,629.1895887636646,748.616981215988,0.0,1.0,9.600000000006665,0.0,"{""cloud"": 1.0}"
load,rate_per_node_h,2.0,28,sensor,756,53.09161642320658,51.96197048274301,86.16654166618888,0.9708994708994709,1.0,267.5234315948462,0.0,"{""seabed"": 1.0}"
load,rate_per_node_h,2.0,28,surface,756,265.0668308434445,265.37699885351816,391.7964176998873,0.026455026455026454,1.0,3713.362854119387,0.0,"{""buoy"": 1.0}"
load,rate_per_node_h,2.0,28,statopt,756,55.65595889819566,53.870448218409095,90.03760694483114,0.9497354497354498,1.0,2619.08238851093,0.0,"{""cloud"": 0.7632, ""seabed"": 0.2368}"
load,rate_per_node_h,2.0,28,cacgr,756,52.44516113901696,51.6006498081927,84.761013947767,0.9748677248677249,1.0,279.1065457293881,0.0,"{""seabed"": 0.9153, ""auv"": 0.0728, ""sat"": 0.0119}"
load,rate_per_node_h,2.0,29,cloud,782,636.6560718349533,648.1535313000313,730.6115446463413,0.0,1.0,9.6000000000075,0.0,"{""cloud"": 1.0}"
load,rate_per_node_h,2.0,29,sensor,782,49.286405185514305,47.68452843165566,78.35024798924941,0.9910485933503836,1.0,292.19912312752354,0.0,"{""seabed"": 1.0}"
load,rate_per_node_h,2.0,29,surface,782,326.07220960931346,323.17302330035807,452.91834029610015,0.010230179028132993,1.0,3524.2832356594595,0.0,"{""buoy"": 1.0}"
load,rate_per_node_h,2.0,29,statopt,782,68.07058838795392,66.93329183080532,110.53069298711594,0.8081841432225064,1.0,3050.154914139564,0.0,"{""cloud"": 0.624, ""seabed"": 0.376}"
load,rate_per_node_h,2.0,29,cacgr,782,49.270605304648484,47.95520682016925,78.17491754522206,0.9910485933503836,1.0,282.49803142127325,0.0,"{""seabed"": 0.9015, ""auv"": 0.0934, ""sat"": 0.0051}"
load,rate_per_node_h,3.0,0,cloud,1133,652.7195854489156,684.3381482509047,776.554513745315,0.0,1.0,9.60000000000701,0.0,"{""cloud"": 1.0}"
load,rate_per_node_h,3.0,0,sensor,1133,53.814267071681044,53.8638406497641,83.88435876882595,0.9779346866725508,1.0,286.47862816795225,0.0,"{""seabed"": 1.0}"
load,rate_per_node_h,3.0,0,surface,1133,374.50731045905866,379.3084200637129,492.47758818666813,0.0088261253309797,1.0,2465.968108939579,0.0,"{""buoy"": 1.0}"
load,rate_per_node_h,3.0,0,statopt,1133,150.9439230188294,155.75377759909267,232.03045557738855,0.14386584289496912,1.0,2467.500775992926,0.0,"{""cloud"": 0.6275, ""seabed"": 0.3725}"
load,rate_per_node_h,3.0,0,cacgr,1133,53.62234051008962,53.74677524400807,83.66305562032747,0.9788172992056487,1.0,271.1042884882129,0.0,"{""seabed"": 0.9091, ""auv"": 0.0874, ""sat"": 0.0035}"
load,rate_per_node_h,3.0,1,cloud,1111,538.4506435034599,544.003723606127,725.528110230321,0.0,1.0,9.600000000008361,0.0,"{""cloud"": 1.0}"
load,rate_per_node_h,3.0,1,sensor,1111,52.23728356870542,51.92947032836625,79.88446827090532,0.9864986498649865,1.0,271.2104924778078,0.0,"{""seabed"": 1.0}"
load,rate_per_node_h,3.0,1,surface,1111,321.1058417854964,318.8927932070554,449.2207261519256,0.009900990099009901,1.0,2504.439632763248,0.0,"{""buoy"": 1.0}"
load,rate_per_node_h,3.0,1,statopt,1111,214.73220713206652,220.59075072919853,292.6305537533686,0.037803780378037805,1.0,2490.0197223607784,0.0,"{""cloud"": 0.7705, ""seabed"": 0.2295}"
load,rate_per_node_h,3.0,1,cacgr,1111,51.6764195461204,51.51877183038038,78.71940300641633,0.9882988298829883,1.0,276.81711096822954,0.0,"{""seabed"": 0.9046, ""auv"": 0.0846, ""sat"": 0.0108}"
load,rate_per_node_h,3.0,2,cloud,1131,722.0357425668777,725.8629729034003,836.5967028086166,0.0,1.0,9.60000000000391,0.0,"{""cloud"": 1.0}"
load,rate_per_node_h,3.0,2,sensor,1131,53.19681876587476,53.11484253876576,81.59984743206034,0.982316534040672,1.0,283.6281419729706,0.0,"{""seabed"": 1.0}"
load,rate_per_node_h,3.0,2,surface,1131,407.27134038796356,416.7088280267827,540.4352124576966,0.004420866489832007,1.0,2543.581597069574,0.0,"{""buoy"": 1.0}"
load,rate_per_node_h,3.0,2,statopt,1131,81.93675765283388,80.41984973991124,127.55330966317246,0.6215738284703802,1.0,2297.541253100909,0.0,"{""cloud"": 0.618, ""seabed"": 0.382}"
load,rate_per_node_h,3.0,2,cacgr,1131,52.56264268720305,52.65719811136744,80.16152346758554,0.9876215738284704,1.0,297.67440798282286,0.0,"{""seabed"": 0.9204, ""auv"": 0.0672, ""sat"": 0.0124}"
load,rate_per_node_h,3.0,3,cloud,1150,575.7956973254725,613.4916681149531,732.2347714870504,0.0,1.0,9.600000000005158,0.0,"{""cloud"": 1.0}"
load,rate_per_node_h,3.0,3,sensor,1150,51.561259618149116,50.76973130829768,81.76384122479435,0.9886956521739131,1.0,250.57142857139758,0.0,"{""seabed"": 1.0}"
load,rate_per_node_h,3.0,3,surface,1150,287.9423997723214,296.92458014661645,397.0170327734064,0.03391304347826087,1.0,2377.3088795030653,0.0,"{""buoy"": 1.0}"
load,rate_per_node_h,3.0,3,statopt,1150,272.9972099980552,282.147951843941,389.13744770741243,0.03739130434782609,1.0,2377.3088795030653,0.0,"{""cloud"": 1.0}"
load,rate_per_node_h,3.0,3,cacgr,1150,50.84680310652704,50.352178558150506,80.45414658808359,0.9930434782608696,1.0,261.9674057142578,0.0,"{""seabed"": 0.8939, ""auv"": 0.093, ""sat"": 0.013}"
load,rate_per_node_h,3.0,4,cloud,1197,665.975949344989,673.2922933991472,803.6403800671142,0.0,1.0,9.600000000006176,0.0,"{""cloud"": 1.0}"
load,rate_per_node_h,3.0,4,sensor,1197,52.32093574336264,52.01026344993661,79.34746154801901,0.9899749373433584,1.0,269.4006444682951,0.0,"{""seabed"": 1.0}"
load,rate_per_node_h,3.0,4,surface,1197,363.2854939888032,375.77108687232806,486.99322623146617,0.01086048454469507,1.0,2327.0747058121233,0.0,"{""buoy"": 1.0}"
load,rate_per_node_h,3.0,4,statopt,1197,290.3177501400496,293.5375129567204,409.7483934911986,0.030910609857978277,1.0,2374.869802315284,0.0,"{""cloud"": 0.8722, ""seabed"": 0.1278}"
load,rate_per_node_h,3.0,4,cacgr,1197,52.26200684171968,52.423647970035624,79.00248652771481,0.9899749373433584,1.0,266.85729390140114,0.0,"{""seabed"": 0.919, ""auv"": 0.0744, ""sat"": 0.0067}"
load,rate_per_node_h,3.0,5,cloud,1171,670.9777424719744,684.4260884258877,765.5925386206326,0.0,1.0,9.60000000000509,0.0,"{""cloud"": 1.0}"
load,rate_per_node_h,3.0,5,sensor,1171,54.24348982660628,53.87900855518116,83.328419026288,0.9769427839453458,1.0,284.7741856776677,0.0,"{""seabed"": 1.0}"
load,rate_per_node_h,3.0,5,surface,1171,339.96597429481716,335.2901578980067,468.990649581944,0.011955593509820665,1.0,2503.124184945679,0.0,"{""buoy"": 1.0}"
load,rate_per_node_h,3.0,5,statopt,1171,272.9682239341778,277.4304684825494,384.2029313020137,0.02134927412467976,1.0,2430.118028351801,0.0,"{""cloud"": 0.8668, ""seabed"": 0.1332}"
load,rate_per_node_h,3.0,5,cacgr,1171,53.66894401321422,53.65457324076997,82.76830825748317,0.9803586678052946,1.0,283.42789996338246,0.0,"{""seabed"": 0.8898, ""auv"": 0.0999, ""sat"": 0.0102}"
load,rate_per_node_h,3.0,6,cloud,1112,589.5109711251739,614.5270275614274,749.1571620815188,0.0,1.0,9.600000000006256,0.0,"{""cloud"": 1.0}"
load,rate_per_node_h,3.0,6,sensor,1112,50.749742724804726,49.903636543137445,80.12447029723121,0.987410071942446,1.0,268.3219424460306,0.0,"{""seabed"": 1.0}"
load,rate_per_node_h,3.0,6,surface,1112,343.1552014626905,346.6685944339588,466.14855342421174,0.009892086330935251,1.0,2445.672353545707,0.0,"{""buoy"": 1.0}"
load,rate_per_node_h,3.0,6,statopt,1112,273.96858585758554,277.2597880502766,388.7729717334321,0.01618705035971223,1.0,2484.259624049302,0.0,"{""cloud"": 0.8831, ""seabed"": 0.1169}"
load,rate_per_node_h,3.0,6,cacgr,1112,50.39564686777955,49.666866093057855,79.30974720233012,0.9892086330935251,1.0,272.6540966084156,0.0,"{""seabed"": 0.8993, ""auv"": 0.0908, ""sat"": 0.009, ""uav"": 0.0009}"
load,rate_per_node_h,3.0,7,cloud,1152,642.9740818217965,667.0934994724684,762.736276733563,0.0,1.0,9.600000000008103,0.0,"{""cloud"": 1.0}"
load,rate_per_node_h,3.0,7,sensor,1152,52.92517286869918,52.62030095366469,80.13095630066185,0.9982638888888888,1.0,265.4300595237935,0.0,"{""seabed"": 1.0}"
load,rate_per_node_h,3.0,7,surface,1152,318.46074847189925,318.6385499389945,432.82583587569593,0.0234375,1.0,2432.7268888888543,0.0,"{""buoy"": 1.0}"
load,rate_per_node_h,3.0,7,statopt,1152,285.55622913086887,292.7828552196769,394.45430169025866,0.026041666666666668,1.0,2433.154203968222,0.0,"{""cloud"": 0.8655, ""seabed"": 0.1345}"
load,rate_per_node_h,3.0,7,cacgr,1152,52.46647147176016,52.486928002936715,78.91986659833658,0.9982638888888888,1.0,267.11083134919164,0.0,"{""seabed"": 0.8915, ""auv"": 0.0981, ""sat"": 0.0104}"
load,rate_per_node_h,3.0,8,cloud,1151,545.9090368875742,549.7369359616637,769.0499040774516,0.0,1.0,9.60000000000717,0.0,"{""cloud"": 1.0}"
load,rate_per_node_h,3.0,8,sensor,1151,50.714001642243,50.569409276282194,79.83015154817761,0.9878366637706343,1.0,277.77262008189257,0.0,"{""seabed"": 1.0}"
load,rate_per_node_h,3.0,8,surface,1151,376.42951820865284,373.3060786878434,519.6958369733887,0.005212858384013901,1.0,2623.5048976045346,0.0,"{""buoy"": 1.0}"
load,rate_per_node_h,3.0,8,statopt,1151,278.68794190367254,294.3110223109913,401.0674089382365,0.035621198957428324,1.0,2484.597806429152,0.0,"{""cloud"": 0.8723, ""seabed"": 0.1277}"
load,rate_per_node_h,3.0,8,cacgr,1151,50.51868842551484,50.553644841406886,78.88314537429353,0.9895742832319722,1.0,263.9615459848362,0.0,"{""seabed"": 0.907, ""auv"": 0.0886, ""sat"": 0.0043}"
load,rate_per_node_h,3.0,9,cloud,1222,749.6451457060559,776.8374761646611,847.2192955761451,0.0,1.0,9.600000000005425,0.0,"{""cloud"": 1.0}"
load,rate_per_node_h,3.0,9,sensor,1222,51.559246123628846,51.57342726092067,78.83111161097362,0.997545008183306,1.0,269.7460837035173,0.0,"{""seabed"": 1.0}"
load,rate_per_node_h,3.0,9,surface,1222,381.73924131598864,385.43154441617804,505.08922238140656,0.013911620294599018,1.0,2351.9466280102497,0.0,"{""buoy"": 1.0}"
load,rate_per_node_h,3.0,9,statopt,1222,269.33487593619367,315.0095458176724,383.23130066730477,0.07201309328968904,1.0,2351.1001412204437,0.0,"{""cloud"": 0.7463, ""seabed"": 0.2537}"
load,rate_per_node_h,3.0,9,cacgr,1222,51.20635554436617,51.541675430330116,77.91684776204688,0.9991816693944353,1.0,273.79046995556433,0.0,"{""seabed"": 0.8993, ""auv"": 0.09, ""sat"": 0.0098, ""uav"": 0.0008}"
load,rate_per_node_h,3.0,10,cloud,1169,696.4672859489331,725.6791548499688,790.5552350369886,0.0,1.0,9.600000000006027,0.0,"{""cloud"": 1.0}"
load,rate_per_node_h,3.0,10,sensor,1169,51.252218392201726,51.47175386302964,78.74092140617522,0.9923011120615911,1.0,277.21691311254403,0.0,"{""seabed"": 1.0}"
load,rate_per_node_h,3.0,10,surface,1169,385.16791945871256,398.86522285747196,523.0604184600285,0.011120615911035072,1.0,2436.5354574116855,0.0,"{""buoy"": 1.0}"
load,rate_per_node_h,3.0,10,statopt,1169,55.37804387970174,55.231180302326536,84.43350908705848,0.9717707442258341,1.0,1932.1478675302274,0.0,"{""cloud"": 0.6313, ""seabed"": 0.3687}"
load,rate_per_node_h,3.0,10,cacgr,1169,50.851546027975274,51.16762373921301,77.69546232751313,0.9957228400342173,1.0,279.9559359647993,0.0,"{""seabed"": 0.9068, ""auv"": 0.0838, ""sat"": 0.0094}"
load,rate_per_node_h,3.0,11,cloud,1180,706.8898061703138,710.0723842200989,782.2145479478173,0.0,1.0,9.600000000007213,0.0,"{""cloud"": 1.0}"
load,rate_per_node_h,3.0,11,sensor,1180,54.41833886648496,54.7766958029204,81.55157408980925,0.9864406779661017,1.0,296.7639225181534,0.0,"{""seabed"": 1.0}"
load,rate_per_node_h,3.0,11,surface,1180,398.28495658550423,400.95805830387496,528.5395609280166,0.003389830508474576,1.0,2353.329100242106,0.0,"{""buoy"": 1.0}"
load,rate_per_node_h,3.0,11,statopt,1180,290.0566938578693,297.4110980943716,405.1785157348334,0.02457627118644068,1.0,2404.9604257626866,0.0,"{""cloud"": 0.7441, ""seabed"": 0.2559}"
load,rate_per_node_h,3.0,11,cacgr,1180,54.16671224415521,54.64617139655447,81.33382224647309,0.9864406779661017,1.0,286.0610905568951,0.0,"{""seabed"": 0.9186, ""auv"": 0.0771, ""sat"": 0.0034, ""uav"": 0.0008}"
load,rate_per_node_h,3.0,12,cloud,1165,758.1216006750985,768.8172747401778,842.9012233953501,0.0,1.0,9.600000000006913,0.0,"{""cloud"": 1.0}"
load,rate_per_node_h,3.0,12,sensor,1165,51.790068770107546,50.70347752064311,82.94027693747964,0.976824034334764,1.0,258.68301655423784,0.0,"{""seabed"": 1.0}"
load,rate_per_node_h,3.0,12,surface,1165,359.20401670862003,363.30601213642757,482.45931639490516,0.0068669527896995704,1.0,2442.3730050275503,0.0,"{""buoy"": 1.0}"
load,rate_per_node_h,3.0,12,statopt,1165,302.2221126986796,325.94338057930435,420.92273535710734,0.04034334763948498,1.0,2441.7859176455745,0.0,"{""cloud"": 0.891, ""seabed"": 0.109}"
load,rate_per_node_h,3.0,12,cacgr,1165,51.40855868312668,50.6643212687058,81.73301528062335,0.9785407725321889,1.0,270.55995487428993,0.0,"{""seabed"": 0.8901, ""auv"": 0.0979, ""sat"": 0.0112, ""uav"": 0.0009}"
load,rate_per_node_h,3.0,13,cloud,1142,668.5266805905684,675.6374579111922,767.5888003111805,0.0,1.0,9.600000000003885,0.0,"{""cloud"": 1.0}"
load,rate_per_node_h,3.0,13,sensor,1142,52.44538847028481,52.30583347420725,80.53802879304764,0.9851138353765324,1.0,247.15886915182884,0.0,"{""seabed"": 1.0}"
load,rate_per_node_h,3.0,13,surface,1142,275.4862313170847,283.59919899638595,371.7808656825746,0.02276707530647986,1.0,2433.9499624718073,0.0,"{""buoy"": 1.0}"
load,rate_per_node_h,3.0,13,statopt,1142,264.48882169884774,270.75869359964804,370.29262349455047,0.024518388791593695,1.0,2433.9499624718073,0.0,"{""cloud"": 1.0}"
load,rate_per_node_h,3.0,13,cacgr,1142,51.94407214621192,51.76270857609852,79.55183775649789,0.98861646234676,1.0,254.69321811355192,0.0,"{""seabed"": 0.8975, ""auv"": 0.0911, ""sat"": 0.0105, ""uav"": 0.0009}"
load,rate_per_node_h,3.0,14,cloud,1113,621.3808444330131,659.7774658270098,757.523549435214,0.0,1.0,9.60000000000638,0.0,"{""cloud"": 1.0}"
load,rate_per_node_h,3.0,14,sensor,1113,55.32919470668206,55.036183120004715,84.48095377267613,0.9811320754716981,1.0,260.04774740082155,0.0,"{""seabed"": 1.0}"
load,rate_per_node_h,3.0,14,surface,1113,335.2738631881444,338.5960799316456,467.28544919851845,0.02425876010781671,1.0,2443.4536649980396,0.0,"{""buoy"": 1.0}"
load,rate_per_node_h,3.0,14,statopt,1113,235.25271445386872,241.41841075784225,328.31110387496915,0.03504043126684636,1.0,2507.908095597445,0.0,"{""cloud"": 0.8742, ""seabed"": 0.1258}"
load,rate_per_node_h,3.0,14,cacgr,1113,54.724408080623945,54.78155817101749,84.01350156687562,0.9838274932614556,1.0,280.06463868563736,0.0,"{""seabed"": 0.9191, ""auv"": 0.0674, ""sat"": 0.0135}"
load,rate_per_node_h,3.0,15,cloud,1161,581.3680431659825,622.5364230985055,724.8659162291937,0.0,1.0,9.600000000003655,0.0,"{""cloud"": 1.0}"
load,rate_per_node_h,3.0,15,sensor,1161,53.26019138042378,52.84057787000735,81.5765593860051,0.9888027562446167,1.0,255.5868094007357,0.0,"{""seabed"": 1.0}"
load,rate_per_node_h,3.0,15,surface,1161,289.9978320957169,295.5252897411619,396.1550247503034,0.02153316106804479,1.0,2472.923938476639,0.0,"{""buoy"": 1.0}"
load,rate_per_node_h,3.0,15,statopt,1161,277.91822601146436,278.14721315831656,392.960262052742,0.02239448751076658,1.0,2472.923938476639,0.0,"{""cloud"": 1.0}"
load,rate_per_node_h,3.0,15,cacgr,1161,52.960944552992956,52.53990436446523,80.03810809995885,0.9905254091300603,1.0,252.05768426230952,0.0,"{""seabed"": 0.907, ""auv"": 0.0861, ""sat"": 0.0069}"
load,rate_per_node_h,3.0,16,cloud,1098,605.0692575811195,634.9177721773721,759.1480947155909,0.0,1.0,9.600000000005304,0.0,"{""cloud"": 1.0}"
load,rate_per_node_h,3.0,16,sensor,1098,52.73587314563078,53.618072076463065,79.36950724830032,0.9908925318761385,1.0,245.9110070257241,0.0,"{""seabed"": 1.0}"
load,rate_per_node_h,3.0,16,surface,1098,251.74661932059,257.4218098405941,331.97457717960714,0.025500910746812388,1.0,2533.9821056465803,0.0,"{""buoy"": 1.0}"
load,rate_per_node_h,3.0,16,statopt,1098,245.77681108039403,250.3140528550265,331.69774388505726,0.026411657559198543,1.0,2533.9821056465803,0.0,"{""cloud"": 1.0}"
load,rate_per_node_h,3.0,16,cacgr,1098,51.862330497567804,52.683863005176256,77.64027207154886,0.9954462659380692,1.0,271.89422014047943,0.0,"{""seabed"": 0.9135, ""auv"": 0.0701, ""sat"": 0.0164}"
load,rate_per_node_h,3.0,17,cloud,1099,637.7771744686886,657.2730830994296,751.3259494908939,0.0,1.0,9.600000000007764,0.0,"{""cloud"": 1.0}"
load,rate_per_node_h,3.0,17,sensor,1099,52.54301064424491,52.71379035608067,80.33054037179859,0.9936305732484076,1.0,300.20616144548654,0.0,"{""seabed"": 1.0}"
load,rate_per_node_h,3.0,17,surface,1099,382.863545773479,378.3534815107152,520.5709084941069,0.00545950864422202,1.0,2687.7983434290745,0.0,"{""buoy"": 1.0}"
load,rate_per_node_h,3.0,17,statopt,1099,84.61454216041383,80.95137842320922,138.3515012114934,0.6041856232939036,1.0,2325.0472926556654,0.0,"{""cloud"": 0.5014, ""seabed"": 0.4986}"
load,rate_per_node_h,3.0,17,cacgr,1099,52.30724232393064,52.6778523859631,79.89228727620947,0.9936305732484076,1.0,293.2308893799713,0.0,"{""seabed"": 0.9126, ""auv"": 0.081, ""sat"": 0.0064}"
load,rate_per_node_h,3.0,18,cloud,1158,627.0321774247334,649.7954181347001,718.0277431566334,0.0,1.0,9.600000000006697,0.0,"{""cloud"": 1.0}"
load,rate_per_node_h,3.0,18,sensor,1158,52.76061689190984,53.29203083949372,78.55436729715987,0.9939550949913645,1.0,242.21712311863595,0.0,"{""seabed"": 1.0}"
load,rate_per_node_h,3.0,18,surface,1158,229.78295315079438,234.66582219336695,308.55187728914615,0.02072538860103627,1.0,2383.0465571181326,0.0,"{""buoy"": 1.0}"
load,rate_per_node_h,3.0,18,statopt,1158,225.0996014649944,229.5167127889389,303.8959784029475,0.02072538860103627,1.0,2383.0465571181326,0.0,"{""cloud"": 1.0}"
load,rate_per_node_h,3.0,18,cacgr,1158,51.88135373166199,52.72308165106624,75.47095987059897,0.998272884283247,1.0,265.86374932145173,0.0,"{""seabed"": 0.8929, ""auv"": 0.0898, ""sat"": 0.0164, ""uav"": 0.0009}"
load,rate_per_node_h,3.0,19,cloud,1127,687.11996898321,696.5175035266858,770.3080742991161,0.0,1.0,9.600000000008022,0.0,"{""cloud"": 1.0}"
load,rate_per_node_h,3.0,19,sensor,1127,56.548413037142645,56.306565079153856,86.80675200903256,0.9716060337178349,1.0,310.31537583978576,0.0,"{""seabed"": 1.0}"
load,rate_per_node_h,3.0,19,surface,1127,397.5668322878601,406.09560918453474,526.1473947533162,0.0008873114463176575,1.0,2463.9045415134806,0.0,"{""buoy"": 1.0}"
load,rate_per_node_h,3.0,19,statopt,1127,67.36811164948608,67.46233991069555,103.80379231293962,0.8464951197870453,1.0,2104.3196856382283,0.0,"{""cloud"": 0.5182, ""seabed"": 0.4818}"
load,rate_per_node_h,3.0,19,cacgr,1127,56.1338060122042,56.14682438071177,85.98920631271935,0.9760425909494232,1.0,321.3857087083354,0.0,"{""seabed"": 0.9104, ""auv"": 0.0772, ""sat"": 0.0124}"
load,rate_per_node_h,3.0,20,cloud,1226,700.9189999070932,717.5956598974046,794.9528250678977,0.0,1.0,9.600000000008878,0.0,"{""cloud"": 1.0}"
load,rate_per_node_h,3.0,20,sensor,1226,51.85692772925297,51.631000573931686,79.86353558190493,0.9853181076672104,1.0,295.80097879281607,0.0,"{""seabed"": 1.0}"
load,rate_per_node_h,3.0,20,surface,1226,411.91103330307925,420.62960015258847,539.4633882476671,0.0065252854812398045,1.0,2409.5954024702605,0.0,"{""buoy"": 1.0}"
load,rate_per_node_h,3.0,20,statopt,1226,292.37514607565686,313.86993882264966,404.8604733314971,0.041598694942903754,1.0,2372.1955848053794,0.0,"{""cloud"": 0.7504, ""seabed"": 0.2496}"
load,rate_per_node_h,3.0,20,cacgr,1226,51.918845655885576,51.68935994676843,79.47594033254363,0.9861337683523654,1.0,281.41653134466964,0.0,"{""seabed"": 0.9201, ""auv"": 0.0767, ""sat"": 0.0033}"
load,rate_per_node_h,3.0,21,cloud,1140,704.1659030392391,720.8058953139513,810.7018158600433,0.0,1.0,9.600000000005677,0.0,"{""cloud"": 1.0}"
load,rate_per_node_h,3.0,21,sensor,1140,53.062966171461966,52.57410411880992,82.03267269180006,0.9798245614035088,1.0,279.7255639097711,0.0,"{""seabed"": 1.0}"
load,rate_per_node_h,3.0,21,surface,1140,371.6750623365588,369.5308362788116,505.54280559011727,0.0035087719298245615,1.0,2526.023418546339,0.0,"{""buoy"": 1.0}"
load,rate_per_node_h,3.0,21,statopt,1140,268.17978231263885,288.621115654049,361.6826936523097,0.0456140350877193,1.0,2501.287988170403,0.0,"{""cloud"": 0.7351, ""seabed"": 0.2649}"
load,rate_per_node_h,3.0,21,cacgr,1140,52.452458251379305,52.02551219445841,80.69283754121491,0.9824561403508771,1.0,270.8660471177901,0.0,"{""seabed"": 0.8947, ""auv"": 0.0982, ""sat"": 0.007}"
load,rate_per_node_h,3.0,22,cloud,1177,643.9944089432976,656.4360458668765,828.8161499374181,0.0,1.0,9.600000000007181,0.0,"{""cloud"": 1.0}"
load,rate_per_node_h,3.0,22,sensor,1177,51.90615123126144,51.99187745305486,77.51944894350055,0.9915038232795242,1.0,289.1161548731517,0.0,"{""seabed"": 1.0}"
load,rate_per_node_h,3.0,22,surface,1177,408.2661719885431,410.9120942700179,549.2607902928473,0.009345794392523364,1.0,2410.2654225027004,0.0,"{""buoy"": 1.0}"
load,rate_per_node_h,3.0,22,statopt,1177,273.4369919736653,293.56645561892606,383.0545223125365,0.01954120645709431,1.0,2436.636885058835,0.0,"{""cloud"": 0.763, ""seabed"": 0.237}"
load,rate_per_node_h,3.0,22,cacgr,1177,51.88369299223656,52.012220686891425,77.05151760765183,0.9932030586236194,1.0,281.4700502488045,0.0,"{""seabed"": 0.8963, ""auv"": 0.096, ""sat"": 0.0076}"
load,rate_per_node_h,3.0,23,cloud,1173,746.8038089239407,752.5055113440404,830.8754891271336,0.0,1.0,9.600000000007878,0.0,"{""cloud"": 1.0}"
load,rate_per_node_h,3.0,23,sensor,1173,52.494510784887304,52.29717941933874,81.14435132072114,0.9872122762148338,1.0,273.763488003888,0.0,"{""seabed"": 1.0}"
load,rate_per_node_h,3.0,23,surface,1173,387.85815460898795,388.7690092488425,511.5869717125433,0.005115089514066497,1.0,2398.9766371939736,0.0,"{""buoy"": 1.0}"
load,rate_per_node_h,3.0,23,statopt,1173,285.3867260297921,304.8155748201253,418.9831245858159,0.028132992327365727,1.0,2421.0487780781546,0.0,"{""cloud"": 0.7477, ""seabed"": 0.2523}"
load,rate_per_node_h,3.0,23,cacgr,1173,52.10198549565842,52.102488296320374,80.19701143508638,0.9906223358908781,1.0,280.5196989404392,0.0,"{""seabed"": 0.8858, ""auv"": 0.1032, ""sat"": 0.0111}"
load,rate_per_node_h,3.0,24,cloud,1192,665.2333263695182,696.5071854010964,762.5215858699869,0.0,1.0,9.600000000006586,0.0,"{""cloud"": 1.0}"
load,rate_per_node_h,3.0,24,sensor,1192,53.21227945723847,53.04435377155726,81.2586406406825,0.9899328859060402,1.0,241.9089165867274,0.0,"{""seabed"": 1.0}"
load,rate_per_node_h,3.0,24,surface,1192,262.7282839408886,270.14073408138864,371.4476049038928,0.040268456375838924,1.0,2319.939160115003,0.0,"{""buoy"": 1.0}"
load,rate_per_node_h,3.0,24,statopt,1192,255.5974965478602,261.2587609950196,371.45086583722616,0.04194630872483222,1.0,2319.939160115003,0.0,"{""cloud"": 1.0}"
load,rate_per_node_h,3.0,24,cacgr,1192,52.80524580174734,52.62932682369125,80.47857026724002,0.9899328859060402,1.0,257.0238255033161,0.0,"{""seabed"": 0.9027, ""auv"": 0.0839, ""sat"": 0.0134}"
load,rate_per_node_h,3.0,25,cloud,1049,693.9146628394811,721.4325640279783,782.2384506426489,0.0,1.0,9.6000000000053,0.0,"{""cloud"": 1.0}"
load,rate_per_node_h,3.0,25,sensor,1049,52.41968297532632,52.36101693033815,78.54027042999702,0.9952335557673975,1.0,274.5180443960125,0.0,"{""seabed"": 1.0}"
load,rate_per_node_h,3.0,25,surface,1049,370.76438849921044,377.97637040719275,495.8998721388432,0.015252621544327931,1.0,2840.2579152934427,0.0,"{""buoy"": 1.0}"
load,rate_per_node_h,3.0,25,statopt,1049,319.0887248807911,334.0969707940933,458.3337012374457,0.044804575786463297,1.0,2859.2993250714608,0.0,"{""cloud"": 0.8608, ""seabed"": 0.1392}"
load,rate_per_node_h,3.0,25,cacgr,1049,52.1103354699416,52.198310183037165,77.0226133121482,0.996186844613918,1.0,277.9463674247467,0.0,"{""seabed"": 0.8913, ""auv"": 0.0972, ""sat"": 0.0114}"
load,rate_per_node_h,3.0,26,cloud,1245,547.6635724931599,558.2520842524016,739.9067370821244,0.0,1.0,9.600000000008372,0.0,"{""cloud"": 1.0}"
load,rate_per_node_h,3.0,26,sensor,1245,53.04352498287788,53.06986121972453,80.93708283587641,0.98714859437751,1.0,284.07114170967833,0.0,"{""seabed"": 1.0}"
load,rate_per_node_h,3.0,26,surface,1245,399.97325867724453,396.7738968930112,539.1006755577753,0.005622489959839358,1.0,2264.996055536403,0.0,"{""buoy"": 1.0}"
load,rate_per_node_h,3.0,26,statopt,1245,328.3487071473512,331.9824573052678,452.01297603991554,0.02248995983935743,1.0,2290.675738657453,0.0,"{""cloud"": 0.8884, ""seabed"": 0.1116}"
load,rate_per_node_h,3.0,26,cacgr,1245,52.75205695610963,53.04801928573094,79.90661160200074,0.989558232931727,1.0,274.7527600688312,0.0,"{""seabed"": 0.9076, ""auv"": 0.0867, ""sat"": 0.0056}"
load,rate_per_node_h,3.0,27,cloud,1160,597.0916036740493,613.0026631288473,764.0372321521339,0.0,1.0,9.60000000000825,0.0,"{""cloud"": 1.0}"
load,rate_per_node_h,3.0,27,sensor,1160,51.05033044616219,49.861368335764624,81.99516533616423,0.9836206896551725,1.0,282.81896551724105,0.0,"{""seabed"": 1.0}"
load,rate_per_node_h,3.0,27,surface,1160,394.5634780291283,396.83190869822744,524.7574456708043,0.007758620689655172,1.0,2467.7320827585936,0.0,"{""buoy"": 1.0}"
load,rate_per_node_h,3.0,27,statopt,1160,311.2375912726369,326.1076068966001,445.1915382441227,0.04051724137931034,1.0,2465.433257142834,0.0,"{""cloud"": 0.7405, ""seabed"": 0.2595}"
load,rate_per_node_h,3.0,27,cacgr,1160,50.78740819902601,49.82240454947799,81.03765799243527,0.9870689655172413,1.0,285.84785812807786,0.0,"{""seabed"": 0.9129, ""auv"": 0.0784, ""sat"": 0.0086}"
load,rate_per_node_h,3.0,28,cloud,1156,631.8842565325539,667.7338345859608,765.1446559086127,0.0,1.0,9.600000000006462,0.0,"{""cloud"": 1.0}"
load,rate_per_node_h,3.0,28,sensor,1156,54.10769070900756,53.24407958489149,84.61493358772981,0.9705882352941176,1.0,269.93746910527443,0.0,"{""seabed"": 1.0}"
load,rate_per_node_h,3.0,28,surface,1156,346.1664042675894,347.3757270249304,466.7223544334048,0.010380622837370242,1.0,2525.6660009886004,0.0,"{""buoy"": 1.0}"
load,rate_per_node_h,3.0,28,statopt,1156,161.83104584228548,150.61345776512087,277.16702510429474,0.14359861591695502,1.0,2442.6965635194933,0.0,"{""cloud"": 0.7405, ""seabed"": 0.2595}"
load,rate_per_node_h,3.0,28,cacgr,1156,53.71986625674144,53.10275316651247,83.46140171742825,0.9740484429065744,1.0,265.84846861095997,0.0,"{""seabed"": 0.891, ""auv"": 0.1003, ""sat"": 0.0087}"
load,rate_per_node_h,3.0,29,cloud,1160,689.8898741020329,704.6929908202593,780.8955963316332,0.0,1.0,9.600000000009418,0.0,"{""cloud"": 1.0}"
load,rate_per_node_h,3.0,29,sensor,1160,50.81200223040352,49.6032384755065,81.14302264213146,0.9956896551724138,1.0,290.885467980302,0.0,"{""seabed"": 1.0}"
load,rate_per_node_h,3.0,29,surface,1160,382.742187480782,380.19712084016294,520.4702459871838,0.007758620689655172,1.0,2430.803152709337,0.0,"{""buoy"": 1.0}"
load,rate_per_node_h,3.0,29,statopt,1160,236.32863628076922,246.87826011073085,381.78247028167374,0.06896551724137931,1.0,2488.785356059094,0.0,"{""cloud"": 0.6284, ""seabed"": 0.3716}"
load,rate_per_node_h,3.0,29,cacgr,1160,50.59945978818975,49.432919402145004,79.25627292205952,0.9974137931034482,1.0,296.05907192118656,0.0,"{""seabed"": 0.9241, ""auv"": 0.0672, ""sat"": 0.0086}"
load,rate_per_node_h,4.0,0,cloud,1545,665.9385417652617,707.393024590043,793.5841920112364,0.0,1.0,9.600000000006958,0.0,"{""cloud"": 1.0}"
load,rate_per_node_h,4.0,0,sensor,1545,54.391069293093906,54.65617749433683,83.1377702714216,0.9792880258899677,1.0,288.26907073509653,0.0,"{""seabed"": 1.0}"
load,rate_per_node_h,4.0,0,surface,1545,417.290000284955,421.5185820565822,544.2396031787082,0.006472491909385114,1.0,1805.3110457697449,0.0,"{""buoy"": 1.0}"
load,rate_per_node_h,4.0,0,statopt,1545,256.64079147439645,264.6034787906221,345.5652781278083,0.02912621359223301,1.0,1882.9170948497324,0.0,"{""cloud"": 0.6091, ""seabed"": 0.3909}"
load,rate_per_node_h,4.0,0,cacgr,1545,53.584418011754586,54.088942964954185,81.00906869124097,0.9812297734627832,1.0,282.7934993989877,0.0,"{""seabed"": 0.9003, ""auv"": 0.0919, ""sat"": 0.0078}"
load,rate_per_node_h,4.0,1,cloud,1506,542.9628315173297,543.7896540431807,732.7378221867101,0.0,1.0,9.60000000000788,0.0,"{""cloud"": 1.0}"
load,rate_per_node_h,4.0,1,sensor,1506,51.764041015932676,51.235953416312626,80.47561457671193,0.9787516600265604,1.0,273.97400872698853,0.0,"{""seabed"": 1.0}"
load,rate_per_node_h,4.0,1,surface,1506,382.16480057811094,376.6425333791821,523.6156189268731,0.0073041168658698535,1.0,1891.8275150825032,0.0,"{""buoy"": 1.0}"
load,rate_per_node_h,4.0,1,statopt,1506,276.0963446081867,280.05009160223204,379.43087324144085,0.02656042496679947,1.0,1878.767363915744,0.0,"{""cloud"": 0.753, ""seabed"": 0.247}"
load,rate_per_node_h,4.0,1,cacgr,1506,51.23540324255739,50.768229789735535,79.13214602634204,0.9787516600265604,1.0,273.18188579016504,0.0,"{""seabed"": 0.905, ""auv"": 0.0863, ""sat"": 0.0086}"
load,rate_per_node_h,4.0,2,cloud,1513,762.190443718263,772.4991728987972,902.2605856329814,0.0,1.0,9.600000000004384,0.0,"{""cloud"": 1.0}"
load,rate_per_node_h,4.0,2,sensor,1513,53.74563331142408,53.66590945289791,82.2630847713588,0.9847984137475215,1.0,282.3984515154392,0.0,"{""seabed"": 1.0}"
load,rate_per_node_h,4.0,2,surface,1513,460.2550156210476,460.27948939704,604.6745977289733,0.0039656311962987445,1.0,1886.8707861391522,0.0,"{""buoy"": 1.0}"
load,rate_per_node_h,4.0,2,statopt,1513,263.88676609526914,281.44522027914405,349.8310409283736,0.023132848645076007,1.0,1941.4309557926356,0.0,"{""cloud"": 0.6246, ""seabed"": 0.3754}"
load,rate_per_node_h,4.0,2,cacgr,1513,53.086857140697575,53.22483991201371,81.50844464518973,0.9867812293456708,1.0,284.8604709659153,0.0,"{""seabed"": 0.9108, ""auv"": 0.08, ""sat"": 0.0093}"
load,rate_per_node_h,4.0,3,cloud,1521,594.7405053077418,623.6361839397903,748.8668010734143,0.0,1.0,9.600000000006077,0.0,"{""cloud"": 1.0}"
load,rate_per_node_h,4.0,3,sensor,1521,53.91529978169429,53.486243967690584,83.34207124299525,0.9783037475345168,1.0,251.49751103594085,0.0,"{""seabed"": 1.0}"
load,rate_per_node_h,4.0,3,surface,1521,353.9144825084716,358.6781839768053,475.33609064504805,0.006574621959237344,1.0,1858.1288776180738,0.0,"{""buoy"": 1.0}"
load,rate_per_node_h,4.0,3,statopt,1521,326.8398932007996,335.0308875929477,474.8840749446914,0.009861932938856016,1.0,1858.1288776180738,0.0,"{""cloud"": 1.0}"
load,rate_per_node_h,4.0,3,cacgr,1521,53.586607875486656,53.451689619066016,82.16212789344354,0.9815910585141354,1.0,252.1296725837954,0.0,"{""seabed"": 0.9119, ""auv"": 0.0809, ""sat"": 0.0072}"
load,rate_per_node_h,4.0,4,cloud,1591,686.4173130692577,706.5176409871987,839.8281465965522,0.0,1.0,9.600000000004975,0.0,"{""cloud"": 1.0}"
load,rate_per_node_h,4.0,4,sensor,1591,52.767505532733885,52.2238072652491,82.13090246190289,0.9842866121935889,1.0,269.14106132709304,0.0,"{""seabed"": 1.0}"
load,rate_per_node_h,4.0,4,surface,1591,416.32005840660065,420.0820666725632,539.4958183063093,0.00251414204902577,1.0,1763.9501237316824,0.0,"{""buoy"": 1.0}"
load,rate_per_node_h,4.0,4,statopt,1591,332.16881387191773,334.23357441296747,468.6657845119394,0.013827781269641735,1.0,1785.6565174822445,0.0,"{""cloud"": 0.8718, ""seabed"": 0.1282}"
load,rate_per_node_h,4.0,4,cacgr,1591,52.65649669152826,52.441017136985224,81.25020714561376,0.9868007542426147,1.0,270.9296853371497,0.0,"{""seabed"": 0.9177, ""auv"": 0.0748, ""sat"": 0.0075}"
load,rate_per_node_h,4.0,5,cloud,1535,709.5792056583015,720.8544319093314,827.2271217557169,0.0,1.0,9.60000000000556,0.0,"{""cloud"": 1.0}"
load,rate_per_node_h,4.0,5,sensor,1535,55.983724801351805,55.163279828228404,87.1054898484676,0.9706840390879479,1.0,281.339227547675,0.0,"{""seabed"": 1.0}"
load,rate_per_node_h,4.0,5,surface,1535,374.0943480142553,372.927741568845,496.1449009071961,0.0013029315960912053,1.0,1921.2572545369637,0.0,"{""buoy"": 1.0}"
load,rate_per_node_h,4.0,5,statopt,1535,320.91603618568115,320.8692976822645,443.64208515761743,0.012377850162866449,1.0,1934.0976747510153,0.0,"{""cloud"": 0.8749, ""seabed"": 0.1251}"
load,rate_per_node_h,4.0,5,cacgr,1535,55.414730002763164,54.72257126084909,86.21933260990507,0.9739413680781759,1.0,276.8577712424166,0.0,"{""seabed"": 0.9088, ""auv"": 0.084, ""sat"": 0.0072}"
load,rate_per_node_h,4.0,6,cloud,1495,604.6771460071699,627.2525657045558,770.9676019171947,0.0,1.0,9.600000000006935,0.0,"{""cloud"": 1.0}"
load,rate_per_node_h,4.0,6,sensor,1495,51.73512893276931,51.7494246581887,82.016232818562,0.9866220735785953,1.0,269.2240802675448,0.0,"{""seabed"": 1.0}"
load,rate_per_node_h,4.0,6,surface,1495,402.0904315366598,405.79404471911147,527.1187312895622,0.007357859531772575,1.0,1865.598564357357,0.0,"{""buoy"": 1.0}"
load,rate_per_node_h,4.0,6,statopt,1495,323.3886036744112,321.91018593709686,457.82363889510424,0.012709030100334449,1.0,1879.1079921261105,0.0,"{""cloud"": 0.8709, ""seabed"": 0.1291}"
load,rate_per_node_h,4.0,6,cacgr,1495,51.57676866721473,51.70749405770281,80.80231086951107,0.9892976588628762,1.0,267.551529096977,0.0,"{""seabed"": 0.907, ""auv"": 0.0863, ""sat"": 0.0067}"
load,rate_per_node_h,4.0,7,cloud,1570,675.2256693847172,703.9782914240257,820.5074121064102,0.0,1.0,9.60000000000821,0.0,"{""cloud"": 1.0}"
load,rate_per_node_h,4.0,7,sensor,1570,53.807654302435964,53.33390642745799,82.36631389530459,0.9840764331210191,1.0,265.44404003637834,0.0,"{""seabed"": 1.0}"
load,rate_per_node_h,4.0,7,surface,1570,383.6915438940526,381.9993005622771,506.27174604921464,0.006369426751592357,1.0,1829.3361761601138,0.0,"{""buoy"": 1.0}"
load,rate_per_node_h,4.0,7,statopt,1570,342.48860667730406,338.0322449952027,489.41048131389846,0.010828025477707006,1.0,1861.0489358325456,0.0,"{""cloud"": 0.8707, ""seabed"": 0.1293}"
load,rate_per_node_h,4.0,7,cacgr,1570,53.61787178927258,53.314610767903105,81.01843383027499,0.989171974522293,1.0,262.67045095539726,0.0,"{""seabed"": 0.9051, ""auv"": 0.0873, ""sat"": 0.0076}"
load,rate_per_node_h,4.0,8,cloud,1574,539.9956193342576,537.3275931515365,775.3952693417017,0.0,1.0,9.60000000000662,0.0,"{""cloud"": 1.0}"
load,rate_per_node_h,4.0,8,sensor,1574,52.292856089761656,50.97175751726294,81.99747457178168,0.9872935196950444,1.0,278.28426211651254,0.0,"{""seabed"": 1.0}"
load,rate_per_node_h,4.0,8,surface,1574,424.34192576451863,432.5785290722905,554.252430305593,0.0044472681067344345,1.0,1926.3520232346762,0.0,"{""buoy"": 1.0}"
load,rate_per_node_h,4.0,8,statopt,1574,343.3184349866509,353.6318342947043,466.9642951336964,0.015247776365946633,1.0,1851.816289707717,0.0,"{""cloud"": 0.8748, ""seabed"": 0.1252}"
load,rate_per_node_h,4.0,8,cacgr,1574,52.07168765099774,50.957158851925186,81.24812810160252,0.9891994917407878,1.0,273.3782116536361,0.0,"{""seabed"": 0.8996, ""auv"": 0.0934, ""sat"": 0.007}"
load,rate_per_node_h,4.0,9,cloud,1577,789.9257479987807,817.089415943059,911.0124689256554,0.0,1.0,9.600000000006723,0.0,"{""cloud"": 1.0}"
load,rate_per_node_h,4.0,9,sensor,1577,52.946072388123184,52.28980611544151,81.32354592133953,0.9911223842739378,1.0,267.72153274751787,0.0,"{""seabed"": 1.0}"
load,rate_per_node_h,4.0,9,surface,1577,426.3415789449652,430.1319346237894,558.5760272981006,0.0063411540900443885,1.0,1929.907591629641,0.0,"{""buoy"": 1.0}"
load,rate_per_node_h,4.0,9,statopt,1577,346.11667228633746,376.8606524961866,477.48969348570415,0.027266962587190868,1.0,1905.924074426998,0.0,"{""cloud"": 0.7628, ""seabed"": 0.2372}"
load,rate_per_node_h,4.0,9,cacgr,1577,52.43638674315749,51.95723212719919,80.13454230846347,0.9930247305009512,1.0,271.80514611829386,0.0,"{""seabed"": 0.9004, ""auv"": 0.0894, ""sat"": 0.0101}"
load,rate_per_node_h,4.0,10,cloud,1621,730.0304426279257,759.0681001234354,835.8768313720585,0.0,1.0,9.600000000005478,0.0,"{""cloud"": 1.0}"
load,rate_per_node_h,4.0,10,sensor,1621,52.64317017457039,52.52447480849902,81.11965590635397,0.9851943244910549,1.0,275.587732440287,0.0,"{""seabed"": 1.0}"
load,rate_per_node_h,4.0,10,surface,1621,419.91814322567785,434.00151426163916,539.3886625386646,0.006785934608266502,1.0,1770.121869040254,0.0,"{""buoy"": 1.0}"
load,rate_per_node_h,4.0,10,statopt,1621,217.94406134654886,232.11667408770128,313.45425040704333,0.09870450339296731,1.0,1797.3162490878442,0.0,"{""cloud"": 0.6465, ""seabed"": 0.3535}"
load,rate_per_node_h,4.0,10,cacgr,1621,51.911574146690036,52.083419589431166,79.0165368919023,0.9919802590993214,1.0,284.0043359478219,0.0,"{""seabed"": 0.8945, ""auv"": 0.0925, ""sat"": 0.0123, ""uav"": 0.0006}"
load,rate_per_node_h,4.0,11,cloud,1551,739.9037199476878,748.4776031152813,843.362626679805,0.0,1.0,9.600000000006785,0.0,"{""cloud"": 1.0}"
load,rate_per_node_h,4.0,11,sensor,1551,54.653415377561224,55.105044943961666,81.43648632462525,0.9864603481624759,1.0,295.2347794049829,0.0,"{""seabed"": 1.0}"
load,rate_per_node_h,4.0,11,surface,1551,428.0390669868844,433.92971114429866,546.9969782380589,0.0038684719535783366,1.0,1803.8601381596893,0.0,"{""buoy"": 1.0}"
load,rate_per_node_h,4.0,11,statopt,1551,335.89091593169854,342.77994174155805,462.74776398705023,0.010315925209542231,1.0,1850.8155693837857,0.0,"{""cloud"": 0.7531, ""seabed"": 0.2469}"
load,rate_per_node_h,4.0,11,cacgr,1551,54.47492485337736,55.067588680536815,81.19638221377082,0.9871050934880722,1.0,286.3155037303032,0.0,"{""seabed"": 0.9329, ""auv"": 0.0632, ""sat"": 0.0039}"
load,rate_per_node_h,4.0,12,cloud,1553,809.8969008392231,818.6776152485301,928.3617473369317,0.0,1.0,9.60000000000661,0.0,"{""cloud"": 1.0}"
load,rate_per_node_h,4.0,12,sensor,1553,53.25824718028821,52.14571247530596,86.51515385873336,0.9684481648422408,1.0,260.57326832855983,0.0,"{""seabed"": 1.0}"
load,rate_per_node_h,4.0,12,surface,1553,420.2379995435558,425.61496140778956,552.7867662410351,0.0038634900193174502,1.0,1869.5597269800066,0.0,"{""buoy"": 1.0}"
load,rate_per_node_h,4.0,12,statopt,1553,360.4062216397172,368.59738716967524,499.625732050724,0.018673535093367676,1.0,1880.7808841872554,0.0,"{""cloud"": 0.8731, ""seabed"": 0.1269}"
load,rate_per_node_h,4.0,12,cacgr,1553,52.77850489121442,51.926703380643694,84.98997608868564,0.9735994848679974,1.0,267.77809143591094,0.0,"{""seabed"": 0.8989, ""auv"": 0.0895, ""sat"": 0.0116}"
load,rate_per_node_h,4.0,13,cloud,1528,721.9293787946579,725.5495377617283,866.1172248643619,0.0,1.0,9.600000000004401,0.0,"{""cloud"": 1.0}"
load,rate_per_node_h,4.0,13,sensor,1528,53.706720692556445,53.46695128972206,83.6240815757987,0.9784031413612565,1.0,246.54936424828,0.0,"{""seabed"": 1.0}"
load,rate_per_node_h,4.0,13,surface,1528,333.29421246400955,336.6190903017859,437.12707739566775,0.016361256544502618,1.0,1838.3904382946523,0.0,"{""buoy"": 1.0}"
load,rate_per_node_h,4.0,13,statopt,1528,306.56986162527886,311.412963813805,426.41301448145464,0.016361256544502618,1.0,1838.3904382946523,0.0,"{""cloud"": 1.0}"
load,rate_per_node_h,4.0,13,cacgr,1528,52.991848635882114,52.954761828501404,81.76456001102929,0.9836387434554974,1.0,259.94192086757823,0.0,"{""seabed"": 0.9025, ""auv"": 0.0844, ""sat"": 0.0124, ""uav"": 0.0007}"
load,rate_per_node_h,4.0,14,cloud,1449,634.5873519089472,675.9147155351476,767.2548598068958,0.0,1.0,9.600000000006588,0.0,"{""cloud"": 1.0}"
load,rate_per_node_h,4.0,14,sensor,1449,55.746204230178336,54.8701236967856,86.92863912045092,0.9641131815044859,1.0,259.7245390909764,0.0,"{""seabed"": 1.0}"
load,rate_per_node_h,4.0,14,surface,1449,395.0607854481273,404.66567557640315,513.0517438087064,0.011732229123533472,1.0,1920.7937612146065,0.0,"{""buoy"": 1.0}"
load,rate_per_node_h,4.0,14,statopt,1449,296.65101361001035,298.43302735348453,415.57534894694385,0.026224982746721876,1.0,1946.9228565907222,0.0,"{""cloud"": 0.8792, ""seabed"": 0.1208}"
load,rate_per_node_h,4.0,14,cacgr,1449,55.0212820294133,54.47855136385758,86.28617694332357,0.9682539682539683,1.0,272.58133017842675,0.0,"{""seabed"": 0.9096, ""auv"": 0.0787, ""sat"": 0.0117}"
load,rate_per_node_h,4.0,15,cloud,1529,598.1816499009782,628.7146176696455,753.7641945462084,0.0,1.0,9.60000000000467,0.0,"{""cloud"": 1.0}"
load,rate_per_node_h,4.0,15,sensor,1529,53.64693814903064,52.95066655320091,81.12375947393399,0.9882275997383911,1.0,255.53639166585867,0.0,"{""seabed"": 1.0}"
load,rate_per_node_h,4.0,15,surface,1529,347.94286084018677,348.5209899709206,460.6976281508422,0.013734466971877043,1.0,1882.0474364196612,0.0,"{""buoy"": 1.0}"
load,rate_per_node_h,4.0,15,statopt,1529,319.330601135266,315.74009315847604,454.88759756329586,0.013734466971877043,1.0,1882.0474364196612,0.0,"{""cloud"": 1.0}"
load,rate_per_node_h,4.0,15,cacgr,1529,53.3869988155038,52.903024101638344,80.43464601323717,0.9908436886854153,1.0,260.8485874988037,0.0,"{""seabed"": 0.9163, ""auv"": 0.0746, ""sat"": 0.0085, ""uav"": 0.0007}"
load,rate_per_node_h,4.0,16,cloud,1464,625.3430261318138,660.2497239163005,790.088758823332,0.0,1.0,9.600000000004613,0.0,"{""cloud"": 1.0}"
load,rate_per_node_h,4.0,16,sensor,1464,54.112486431860376,53.8538046068264,83.0815854036419,0.9836065573770492,1.0,246.66725214672346,0.0,"{""seabed"": 1.0}"
load,rate_per_node_h,4.0,16,surface,1464,325.6066145485977,334.5705345525651,431.56680696586295,0.017759562841530054,1.0,1903.0368024980091,0.0,"{""buoy"": 1.0}"
load,rate_per_node_h,4.0,16,statopt,1464,305.2844706210761,307.74876916089596,428.01464849208236,0.017759562841530054,1.0,1903.0368024980091,0.0,"{""cloud"": 1.0}"
load,rate_per_node_h,4.0,16,cacgr,1464,53.44083580955768,53.58668437072217,81.55295591987168,0.9897540983606558,1.0,265.18856674469527,0.0,"{""seabed"": 0.9078, ""auv"": 0.0779, ""sat"": 0.0143}"
load,rate_per_node_h,4.0,17,cloud,1487,662.1398626612952,691.7100754937652,778.625912301913,0.0,1.0,9.600000000007466,0.0,"{""cloud"": 1.0}"
load,rate_per_node_h,4.0,17,sensor,1487,53.44256025719694,53.38998611883387,81.077788464512,0.9878950907868191,1.0,300.1602459410282,0.0,"{""seabed"": 1.0}"
load,rate_per_node_h,4.0,17,surface,1487,424.19424696147394,436.0785808295215,558.9080877107336,0.004707464694014795,1.0,1962.120824670942,0.0,"{""buoy"": 1.0}"
load,rate_per_node_h,4.0,17,statopt,1487,249.69671337292277,268.9396627215943,339.2165537045638,0.04169468728984533,1.0,1992.7318927850858,0.0,"{""cloud"": 0.5037, ""seabed"": 0.4963}"
load,rate_per_node_h,4.0,17,cacgr,1487,53.054702532327305,53.266642782678055,80.70883351431675,0.9899125756556826,1.0,299.3935893938077,0.0,"{""seabed"": 0.9112, ""auv"": 0.08, ""sat"": 0.0087}"
load,rate_per_node_h,4.0,18,cloud,1535,660.1871383578692,683.3585289133058,771.476305175205,0.0,1.0,9.600000000005304,0.0,"{""cloud"": 1.0}"
load,rate_per_node_h,4.0,18,sensor,1535,52.8950326764981,52.917724761908325,79.12073929764757,0.9941368078175896,1.0,242.01861330847674,0.0,"{""seabed"": 1.0}"
load,rate_per_node_h,4.0,18,surface,1535,282.70616254779503,287.1718584644366,383.55177550014895,0.018892508143322474,1.0,1874.6471832479779,0.0,"{""buoy"": 1.0}"
load,rate_per_node_h,4.0,18,statopt,1535,265.5941636924482,266.86216780203347,380.5957850869357,0.018892508143322474,1.0,1874.6471832479779,0.0,"{""cloud"": 1.0}"
load,rate_per_node_h,4.0,18,cacgr,1535,51.63980194618076,52.13707439043064,76.73602890441478,0.9986970684039088,1.0,269.7354289436594,0.0,"{""seabed"": 0.9055, ""auv"": 0.0769, ""sat"": 0.0163, ""uav"": 0.0013}"
load,rate_per_node_h,4.0,19,cloud,1528,729.183484122796,746.6665893973354,838.4497548982552,0.0,1.0,9.600000000007661,0.0,"{""cloud"": 1.0}"
load,rate_per_node_h,4.0,19,sensor,1528,57.309955598677796,56.7471749548599,84.80104020957441,0.975130890052356,1.0,311.2698204936565,0.0,"{""seabed"": 1.0}"
load,rate_per_node_h,4.0,19,surface,1528,451.00993784335867,462.4194725886049,575.3528543757036,0.0013089005235602095,1.0,1847.8319581151686,0.0,"{""buoy"": 1.0}"
load,rate_per_node_h,4.0,19,statopt,1528,202.307106332964,206.0385377913323,292.9539044554874,0.030104712041884817,1.0,1897.2252486163063,0.0,"{""cloud"": 0.5137, ""seabed"": 0.4863}"
load,rate_per_node_h,4.0,19,cacgr,1528,56.644499870398235,56.23869481604067,83.86920671102304,0.9803664921465969,1.0,316.04323410622044,0.0,"{""seabed"": 0.9149, ""auv"": 0.0746, ""sat"": 0.0105}"
load,rate_per_node_h,4.0,20,cloud,1618,723.3913482211777,747.3715889658349,835.278830180305,0.0,1.0,9.600000000008288,0.0,"{""cloud"": 1.0}"
load,rate_per_node_h,4.0,20,sensor,1618,52.725048077489916,52.53134860570984,80.40485908032564,0.9864029666254636,1.0,296.16387073988125,0.0,"{""seabed"": 1.0}"
load,rate_per_node_h,4.0,20,surface,1618,457.12796466394315,459.1086624421121,584.3339876508373,0.006180469715698393,1.0,1845.8130573900514,0.0,"{""buoy"": 1.0}"
load,rate_per_node_h,4.0,20,statopt,1618,341.0023949605503,349.51366966164096,475.56460219081123,0.01668726823238566,1.0,1825.0582680557745,0.0,"{""cloud"": 0.7534, ""seabed"": 0.2466}"
load,rate_per_node_h,4.0,20,cacgr,1618,52.40818706101993,52.36058410864234,79.24052285354838,0.9894932014833128,1.0,288.78352392723787,0.0,"{""seabed"": 0.9116, ""auv"": 0.0828, ""sat"": 0.0056}"
load,rate_per_node_h,4.0,21,cloud,1542,763.8762524435657,786.2961100744071,894.3026372370084,0.0,1.0,9.60000000000633,0.0,"{""cloud"": 1.0}"
load,rate_per_node_h,4.0,21,sensor,1542,53.900897058542014,53.26436580489547,86.33066864903427,0.9636835278858625,1.0,277.82916435056046,0.0,"{""seabed"": 1.0}"
load,rate_per_node_h,4.0,21,surface,1542,419.0156332730127,424.31727814229623,554.286843349404,0.0019455252918287938,1.0,1942.2116909393867,0.0,"{""buoy"": 1.0}"
load,rate_per_node_h,4.0,21,statopt,1542,335.4146458671,350.2097976219082,467.97827069406856,0.023346303501945526,1.0,1900.2094716323693,0.0,"{""cloud"": 0.7471, ""seabed"": 0.2529}"
load,rate_per_node_h,4.0,21,cacgr,1542,53.47037175974806,53.0328018033325,85.46658251777211,0.9662775616083009,1.0,267.0813548267502,0.0,"{""seabed"": 0.8878, ""auv"": 0.1057, ""sat"": 0.0065}"
load,rate_per_node_h,4.0,22,cloud,1562,655.4003672381671,665.296337467319,830.1193186132393,0.0,1.0,9.600000000007185,0.0,"{""cloud"": 1.0}"
load,rate_per_node_h,4.0,22,sensor,1562,53.36772234010927,52.43605785204806,82.35821708899324,0.9897567221510883,1.0,291.1713919882829,0.0,"{""seabed"": 1.0}"
load,rate_per_node_h,4.0,22,surface,1562,459.5158572968615,463.1878193585647,589.2185227055439,0.005761843790012804,1.0,1911.8803321748421,0.0,"{""buoy"": 1.0}"
load,rate_per_node_h,4.0,22,statopt,1562,343.06821492442276,354.4028728563164,469.04394315264966,0.009603072983354673,1.0,1894.2677775745137,0.0,"{""cloud"": 0.7503, ""seabed"": 0.2497}"
load,rate_per_node_h,4.0,22,cacgr,1562,53.11178440308676,52.38017198032535,81.46379338781698,0.9916773367477593,1.0,285.6892277300073,0.0,"{""seabed"": 0.9078, ""auv"": 0.0851, ""sat"": 0.007}"
load,rate_per_node_h,4.0,23,cloud,1568,781.8589476077497,798.4501201259355,868.9125115366188,0.0,1.0,9.600000000007563,0.0,"{""cloud"": 1.0}"
load,rate_per_node_h,4.0,23,sensor,1568,53.6067620404086,53.02393676901447,83.96444035050114,0.9725765306122449,1.0,273.3602405247741,0.0,"{""seabed"": 1.0}"
load,rate_per_node_h,4.0,23,surface,1568,438.8287036106575,442.13179493699164,550.5240953899249,0.003826530612244898,1.0,1826.2105306122157,0.0,"{""buoy"": 1.0}"
load,rate_per_node_h,4.0,23,statopt,1568,350.81509314927735,369.2376298775553,497.8875545343866,0.016581632653061226,1.0,1876.4107618075545,0.0,"{""cloud"": 0.7506, ""seabed"": 0.2494}"
load,rate_per_node_h,4.0,23,cacgr,1568,53.07890626911902,52.731799340222885,82.78829028101148,0.9751275510204082,1.0,282.8968323615093,0.0,"{""seabed"": 0.8992, ""auv"": 0.0886, ""sat"": 0.0115, ""buoy"": 0.0006}"
load,rate_per_node_h,4.0,24,cloud,1594,689.9414263311209,714.7453933652897,812.979336311106,0.0,1.0,9.6000000000069,0.0,"{""cloud"": 1.0}"
load,rate_per_node_h,4.0,24,sensor,1594,54.26358371363865,53.99950663760733,83.05575921959131,0.9761606022584692,1.0,241.70245563716935,0.0,"{""seabed"": 1.0}"
load,rate_per_node_h,4.0,24,surface,1594,318.8743102480306,324.6966030176011,436.389634087722,0.016938519447929738,1.0,1817.9033289119493,0.0,"{""buoy"": 1.0}"
load,rate_per_node_h,4.0,24,statopt,1594,299.5515410512068,303.5780210176442,431.34912981522683,0.01756587202007528,1.0,1817.9033289119493,0.0,"{""cloud"": 1.0}"
load,rate_per_node_h,4.0,24,cacgr,1594,53.3416234953939,53.57498815452527,81.03331181857924,0.9824341279799247,1.0,248.43647105212153,0.0,"{""seabed"": 0.8858, ""auv"": 0.1023, ""sat"": 0.0119}"
load,rate_per_node_h,4.0,25,cloud,1437,739.4604275870411,773.7806867930481,849.3781928633626,0.0,1.0,9.600000000004982,0.0,"{""cloud"": 1.0}"
load,rate_per_node_h,4.0,25,sensor,1437,53.36302645835188,53.5156050285909,81.66567558917396,0.9902574808629089,1.0,274.6960930509891,0.0,"{""seabed"": 1.0}"
load,rate_per_node_h,4.0,25,surface,1437,427.5108010008523,430.81184330516555,553.3519115796803,0.0048712595685455815,1.0,2072.0183286608717,0.0,"{""buoy"": 1.0}"
load,rate_per_node_h,4.0,25,statopt,1437,379.1012198161833,389.6894830485466,520.2341967434323,0.008350730688935281,1.0,2094.893497325751,0.0,"{""cloud"": 0.8559, ""seabed"": 0.1441}"
load,rate_per_node_h,4.0,25,cacgr,1437,53.1668032669103,53.482343263246854,80.87833097478784,0.9916492693110647,1.0,260.905626404204,0.0,"{""seabed"": 0.8963, ""auv"": 0.0988, ""sat"": 0.0049}"
load,rate_per_node_h,4.0,26,cloud,1626,544.1977240760592,553.6460857650123,753.1986767735222,0.0,1.0,9.60000000000884,0.0,"{""cloud"": 1.0}"
load,rate_per_node_h,4.0,26,sensor,1626,54.41029592686108,54.495970580292486,83.82137732174266,0.984009840098401,1.0,284.32296608678513,0.0,"{""seabed"": 1.0}"
load,rate_per_node_h,4.0,26,surface,1626,431.2834594243594,431.0006900074108,561.1636505044503,0.0018450184501845018,1.0,1750.6287373044897,0.0,"{""buoy"": 1.0}"
load,rate_per_node_h,4.0,26,statopt,1626,352.5059055265534,354.26415371344837,496.62221622867105,0.008610086100861008,1.0,1763.5761359339042,0.0,"{""cloud"": 0.8875, ""seabed"": 0.1125}"
load,rate_per_node_h,4.0,26,cacgr,1626,54.05493553814543,54.27651480851903,83.53261949031936,0.9858548585485855,1.0,272.69750553503707,0.0,"{""seabed"": 0.909, ""auv"": 0.0867, ""sat"": 0.0043}"
load,rate_per_node_h,4.0,27,cloud,1555,595.1417437820377,609.6080077153632,778.5235970048722,0.0,1.0,9.600000000008633,0.0,"{""cloud"": 1.0}"
load,rate_per_node_h,4.0,27,sensor,1555,52.07854693576179,51.32462750597843,81.64603215566551,0.985209003215434,1.0,282.3858520900297,0.0,"{""seabed"": 1.0}"
load,rate_per_node_h,4.0,27,surface,1555,433.37609083877845,439.1570820185319,571.0722687662947,0.0077170418006430866,1.0,1861.6922208543617,0.0,"{""buoy"": 1.0}"
load,rate_per_node_h,4.0,27,statopt,1555,353.8356657821196,360.51197912961993,505.5699031667024,0.021864951768488745,1.0,1874.6735773633231,0.0,"{""cloud"": 0.7498, ""seabed"": 0.2502}"
load,rate_per_node_h,4.0,27,cacgr,1555,51.999380533170076,51.32463017264502,81.38014220397626,0.9845659163987138,1.0,274.8099219108834,0.0,"{""seabed"": 0.9151, ""auv"": 0.0804, ""sat"": 0.0045}"
load,rate_per_node_h,4.0,28,cloud,1536,647.4551453738911,685.5264918249773,792.2469835896076,0.0,1.0,9.600000000006556,0.0,"{""cloud"": 1.0}"
load,rate_per_node_h,4.0,28,sensor,1536,54.432915825330646,54.04919416086425,86.52098222787208,0.9680989583333334,1.0,267.94122023808177,0.0,"{""seabed"": 1.0}"
load,rate_per_node_h,4.0,28,surface,1536,394.55160706610496,403.0333394482778,522.2752537315145,0.005859375,1.0,1921.8716071428316,0.0,"{""buoy"": 1.0}"
load,rate_per_node_h,4.0,28,statopt,1536,285.7539211685519,303.862214192622,398.38981420327684,0.03515625,1.0,1884.7483404761642,0.0,"{""cloud"": 0.7585, ""seabed"": 0.2415}"
load,rate_per_node_h,4.0,28,cacgr,1536,53.70330757200222,53.58293357192039,85.03301707139157,0.9720052083333334,1.0,264.63515624998746,0.0,"{""seabed"": 0.8939, ""auv"": 0.0977, ""sat"": 0.0085}"
load,rate_per_node_h,4.0,29,cloud,1540,705.6218886727086,730.1365114328344,815.1276937590793,0.0,1.0,9.600000000008562,0.0,"{""cloud"": 1.0}"
load,rate_per_node_h,4.0,29,sensor,1540,51.511816209609336,50.35301560687367,82.04140784711014,0.987012987012987,1.0,291.1001855287661,0.0,"{""seabed"": 1.0}"
load,rate_per_node_h,4.0,29,surface,1540,413.0913676009029,414.60453746627024,543.4341509557576,0.005844155844155844,1.0,1851.9855198515586,0.0,"{""buoy"": 1.0}"
load,rate_per_node_h,4.0,29,statopt,1540,294.8401924486369,296.0173932305708,414.3633924976287,0.032467532467532464,1.0,1891.506809944328,0.0,"{""cloud"": 0.6266, ""seabed"": 0.3734}"
load,rate_per_node_h,4.0,29,cacgr,1540,51.12829337698833,50.07273888215289,80.8304271044097,0.9896103896103896,1.0,281.83795918368105,0.0,"{""seabed"": 0.8961, ""auv"": 0.0974, ""sat"": 0.0065}"
load,rate_per_node_h,6.0,0,cloud,2296,684.8135193709386,720.763009132401,831.4810469115632,0.0,1.0,9.600000000006693,0.0,"{""cloud"": 1.0}"
load,rate_per_node_h,6.0,0,sensor,2296,58.642699067625585,58.12876144359037,92.48812716389156,0.9429442508710801,1.0,287.0236436037867,0.0,"{""seabed"": 1.0}"
load,rate_per_node_h,6.0,0,surface,2296,490.1994244050575,489.7062945103302,594.8264100903608,0.0039198606271777,1.0,1235.4957889497084,0.0,"{""buoy"": 1.0}"
load,rate_per_node_h,6.0,0,statopt,2296,332.85172611277886,334.8778471551802,472.8450815497141,0.010017421602787456,1.0,1315.0254636137226,0.0,"{""cloud"": 0.622, ""seabed"": 0.378}"
load,rate_per_node_h,6.0,0,cacgr,2296,57.484026725579604,57.39252838167086,88.86134220369522,0.9573170731707317,1.0,285.7785724240937,0.0,"{""seabed"": 0.9129, ""auv"": 0.0793, ""sat"": 0.0078}"
load,rate_per_node_h,6.0,1,cloud,2258,543.1040779483499,547.1157075457721,747.9130198126264,0.0,1.0,9.600000000008134,0.0,"{""cloud"": 1.0}"
load,rate_per_node_h,6.0,1,sensor,2258,55.35697314115586,54.35889049629053,86.16843392978815,0.9658990256864481,1.0,273.8081741110881,0.0,"{""seabed"": 1.0}"
load,rate_per_node_h,6.0,1,surface,2258,443.34623659125555,445.1256620313223,560.0897971286911,0.005314437555358724,1.0,1328.3576059723964,0.0,"{""buoy"": 1.0}"
load,rate_per_node_h,6.0,1,statopt,2258,317.19166742607376,316.11015619227544,455.0687603939599,0.013728963684676704,1.0,1312.9196517777884,0.0,"{""cloud"": 0.7476, ""seabed"": 0.2524}"
load,rate_per_node_h,6.0,1,cacgr,2258,54.5589329765505,53.51176700288209,84.4201464018002,0.9712134632418069,1.0,264.75566848031485,0.0,"{""seabed"": 0.9097, ""auv"": 0.085, ""sat"": 0.0053}"
load,rate_per_node_h,6.0,2,cloud,2275,797.7744066792728,817.1649789000927,934.7419221115359,0.0,1.0,9.600000000004668,0.0,"{""cloud"": 1.0}"
load,rate_per_node_h,6.0,2,sensor,2275,57.626894319936106,56.72459103221045,88.80318270472623,0.9542857142857143,1.0,281.62323390894693,0.0,"{""seabed"": 1.0}"
load,rate_per_node_h,6.0,2,surface,2275,533.1020393817759,538.629649102422,651.5453038774192,0.002197802197802198,1.0,1251.8993753218028,0.0,"{""buoy"": 1.0}"
load,rate_per_node_h,6.0,2,statopt,2275,356.76246301671495,368.0376780387281,497.7847498679445,0.01098901098901099,1.0,1340.3834422856983,0.0,"{""cloud"": 0.6316, ""seabed"": 0.3684}"
load,rate_per_node_h,6.0,2,cacgr,2275,56.474596934939974,55.98864399333276,85.56872430734857,0.967032967032967,1.0,296.4434747880676,0.0,"{""seabed"": 0.9108, ""auv"": 0.0756, ""sat"": 0.0136}"
load,rate_per_node_h,6.0,3,cloud,2286,603.5335358155027,624.8728662467397,772.1151098600071,0.0,1.0,9.600000000005856,0.0,"{""cloud"": 1.0}"
load,rate_per_node_h,6.0,3,sensor,2286,58.130193699951626,57.79043482896309,90.11852085510405,0.9496937882764654,1.0,251.18135233092556,0.0,"{""seabed"": 1.0}"
load,rate_per_node_h,6.0,3,surface,2286,428.8807515478605,438.49925407675073,539.3745880252432,0.0074365704286964126,1.0,1239.6093948256216,0.0,"{""buoy"": 1.0}"
load,rate_per_node_h,6.0,3,statopt,2286,365.9136320374923,367.03359726706725,534.1867173933465,0.009623797025371828,1.0,1239.6093948256216,0.0,"{""cloud"": 1.0}"
load,rate_per_node_h,6.0,3,cacgr,2286,56.46711685324289,56.277590393086214,87.44532551113649,0.9636920384951881,1.0,257.2473590800837,0.0,"{""seabed"": 0.8876, ""auv"": 0.1006, ""sat"": 0.0118}"
load,rate_per_node_h,6.0,4,cloud,2368,699.7745413531973,723.3496519341456,866.8379448877544,0.0,1.0,9.600000000005304,0.0,"{""cloud"": 1.0}"
load,rate_per_node_h,6.0,4,sensor,2368,56.00389088242118,54.92168063442737,88.54779897065886,0.9565033783783784,1.0,268.451496138978,0.0,"{""seabed"": 1.0}"
load,rate_per_node_h,6.0,4,surface,2368,479.2741376747215,485.3315939207452,588.0132537456803,0.0016891891891891893,1.0,1176.283729729712,0.0,"{""buoy"": 1.0}"
load,rate_per_node_h,6.0,4,statopt,2368,367.63184869074837,366.8106355612004,528.9542805993118,0.0029560810810810812,1.0,1213.1004666988251,0.0,"{""cloud"": 0.8792, ""seabed"": 0.1208}"
load,rate_per_node_h,6.0,4,cacgr,2368,55.185782359150444,54.651266603400046,85.97333602256461,0.9670608108108109,1.0,271.0572520270087,0.0,"{""seabed"": 0.9054, ""auv"": 0.0853, ""sat"": 0.0093}"
load,rate_per_node_h,6.0,5,cloud,2271,761.1235558547565,766.4141535758662,906.5402193713205,0.0,1.0,9.600000000005902,0.0,"{""cloud"": 1.0}"
load,rate_per_node_h,6.0,5,sensor,2271,59.68073979895833,58.68868791149653,92.65430109712482,0.9308674592690445,1.0,281.79492986096005,0.0,"{""seabed"": 1.0}"
load,rate_per_node_h,6.0,5,surface,2271,447.17005127539505,450.2997290839995,556.910459072892,0.0030823425803610744,1.0,1301.8819178461085,0.0,"{""buoy"": 1.0}"
load,rate_per_node_h,6.0,5,statopt,2271,374.20805513578733,369.4938229278171,533.4371511632162,0.005284015852047556,1.0,1316.8341724853492,0.0,"{""cloud"": 0.8771, ""seabed"": 0.1229}"
load,rate_per_node_h,6.0,5,cacgr,2271,58.529794051955584,57.78357996380243,90.37258396806173,0.9467195068251871,1.0,284.55980172357584,0.0,"{""seabed"": 0.908, ""auv"": 0.0823, ""sat"": 0.0097}"
load,rate_per_node_h,6.0,6,cloud,2304,608.0770193416716,624.122134102856,792.6885246935241,0.0,1.0,9.60000000000692,0.0,"{""cloud"": 1.0}"
load,rate_per_node_h,6.0,6,sensor,2304,56.2660029576519,55.40170707040755,88.5489313821927,0.9557291666666666,1.0,268.65426587300055,0.0,"{""seabed"": 1.0}"
load,rate_per_node_h,6.0,6,surface,2304,474.84473759500645,482.1016695895931,578.1600785792201,0.004340277777777778,1.0,1210.128468253949,0.0,"{""buoy"": 1.0}"
load,rate_per_node_h,6.0,6,statopt,2304,370.7177079965849,373.45512627030564,528.9673374053305,0.006510416666666667,1.0,1235.151342559505,0.0,"{""cloud"": 0.8811, ""seabed"": 0.1189}"
load,rate_per_node_h,6.0,6,cacgr,2304,54.85412311498879,54.54440022436041,85.60608655589449,0.9704861111111112,1.0,264.2263799603036,0.0,"{""seabed"": 0.8885, ""auv"": 0.1029, ""sat"": 0.0087}"
load,rate_per_node_h,6.0,7,cloud,2324,692.0928132103232,714.5862418615538,855.0328164551289,0.0,1.0,9.60000000000742,0.0,"{""cloud"": 1.0}"
load,rate_per_node_h,6.0,7,sensor,2324,57.921650950358625,57.39115084737765,89.39475117708172,0.9539586919104991,1.0,264.0389722153729,0.0,"{""seabed"": 1.0}"
load,rate_per_node_h,6.0,7,surface,2324,452.3114265737233,464.19097258539864,557.5344192559205,0.00774526678141136,1.0,1290.6826928939984,0.0,"{""buoy"": 1.0}"
load,rate_per_node_h,6.0,7,statopt,2324,377.6219419194848,381.34781227540833,540.7434590379166,0.009036144578313253,1.0,1312.368724268478,0.0,"{""cloud"": 0.8821, ""seabed"": 0.1179}"
load,rate_per_node_h,6.0,7,cacgr,2324,56.994441443839655,56.74918355156683,87.9130479063368,0.9625645438898451,1.0,260.1850749938357,0.0,"{""seabed"": 0.8959, ""auv"": 0.0968, ""sat"": 0.0073}"
load,rate_per_node_h,6.0,8,cloud,2341,533.189747418783,540.2912024767567,781.5216256839883,0.0,1.0,9.600000000006967,0.0,"{""cloud"": 1.0}"
load,rate_per_node_h,6.0,8,sensor,2341,56.27458713474805,54.96321327401359,90.43214976412273,0.9461768475010679,1.0,279.22584975892704,0.0,"{""seabed"": 1.0}"
load,rate_per_node_h,6.0,8,surface,2341,480.45349395137816,485.8685533346526,599.6037417428066,0.0017086715079026058,1.0,1298.4175797888324,0.0,"{""buoy"": 1.0}"
load,rate_per_node_h,6.0,8,statopt,2341,385.99791556645346,388.0659883664127,541.1850880120298,0.009397693293464331,1.0,1329.3126554463638,0.0,"{""cloud"": 0.8701, ""seabed"": 0.1299}"
load,rate_per_node_h,6.0,8,cacgr,2341,54.165257064766585,53.235156237577634,86.83569769451279,0.9675352413498505,1.0,269.32943040212285,0.0,"{""seabed"": 0.8851, ""auv"": 0.1076, ""sat"": 0.0073}"
load,rate_per_node_h,6.0,9,cloud,2377,839.0366074467323,858.7092777422592,990.3079783600765,0.0,1.0,9.600000000005926,0.0,"{""cloud"": 1.0}"
load,rate_per_node_h,6.0,9,sensor,2377,57.06374117190205,55.91701641325271,89.78958464347957,0.9511989903239377,1.0,267.29839533624346,0.0,"{""seabed"": 1.0}"
load,rate_per_node_h,6.0,9,surface,2377,502.98463098041555,507.42940230668074,618.8464157044201,0.005469078670593185,1.0,1282.369914538103,0.0,"{""buoy"": 1.0}"
load,rate_per_node_h,6.0,9,statopt,2377,420.29747817280963,435.7958585082597,576.1090349286262,0.011779554059739168,1.0,1326.918551451382,0.0,"{""cloud"": 0.7644, ""seabed"": 0.2356}"
load,rate_per_node_h,6.0,9,cacgr,2377,55.70132482273081,55.071780474684054,86.85417032275446,0.9650820361800589,1.0,274.2428886351201,0.0,"{""seabed"": 0.894, ""auv"": 0.0938, ""sat"": 0.0118, ""uav"": 0.0004}"
load,rate_per_node_h,6.0,10,cloud,2399,767.7545316305954,796.6004269814446,916.016728688943,0.0,1.0,9.600000000005275,0.0,"{""cloud"": 1.0}"
load,rate_per_node_h,6.0,10,sensor,2399,58.51392723296148,56.818614971887776,94.61016187396005,0.9299708211754898,1.0,276.79306854046047,0.0,"{""seabed"": 1.0}"
load,rate_per_node_h,6.0,10,surface,2399,489.4456492921918,501.08307196114714,596.7620013585516,0.004168403501458941,1.0,1182.542437444155,0.0,"{""buoy"": 1.0}"
load,rate_per_node_h,6.0,10,statopt,2399,328.2390680868983,347.22417848311187,454.2471643007033,0.029595664860358483,1.0,1267.615635848254,0.0,"{""cloud"": 0.6353, ""seabed"": 0.3647}"
load,rate_per_node_h,6.0,10,cacgr,2399,56.634543655419904,55.844148795716926,89.65496773683967,0.9512296790329304,1.0,280.6296623593123,0.0,"{""seabed"": 0.8995, ""auv"": 0.0896, ""sat"": 0.0108}"
load,rate_per_node_h,6.0,11,cloud,2321,764.8141053612784,775.9098827895092,893.0799274581453,0.0,1.0,9.600000000006014,0.0,"{""cloud"": 1.0}"
load,rate_per_node_h,6.0,11,sensor,2321,59.775669208318,59.36282991395856,90.76502590006154,0.9482981473502801,1.0,297.4945528405177,0.0,"{""seabed"": 1.0}"
load,rate_per_node_h,6.0,11,surface,2321,493.6450188753408,497.1941154726443,591.5422849839138,0.0012925463162429987,1.0,1204.9805477934196,0.0,"{""buoy"": 1.0}"
load,rate_per_node_h,6.0,11,statopt,2321,372.0226846682169,377.06727346823766,528.9611844769101,0.006893580353295993,1.0,1264.8341798485708,0.0,"{""cloud"": 0.7432, ""seabed"": 0.2568}"
load,rate_per_node_h,6.0,11,cacgr,2321,59.04829402273523,58.78786158365765,89.03289950667386,0.9569151227919,1.0,287.4135828152823,0.0,"{""seabed"": 0.9035, ""auv"": 0.0905, ""sat"": 0.006}"
load,rate_per_node_h,6.0,12,cloud,2327,867.2798129278326,875.3717056683847,1020.3718057789805,0.0,1.0,9.600000000007066,0.0,"{""cloud"": 1.0}"
load,rate_per_node_h,6.0,12,sensor,2327,57.53199839790027,56.74575309714419,91.23159930458601,0.9432746024924796,1.0,259.81508993797127,0.0,"{""seabed"": 1.0}"
load,rate_per_node_h,6.0,12,surface,2327,491.24906514825113,496.1080372718951,605.3518017866548,0.0021486892995272885,1.0,1304.9709511940302,0.0,"{""buoy"": 1.0}"
load,rate_per_node_h,6.0,12,statopt,2327,417.5145724375351,423.148980826097,587.9284999830699,0.006016330038676407,1.0,1311.6159127754672,0.0,"{""cloud"": 0.8762, ""seabed"": 0.1238}"
load,rate_per_node_h,6.0,12,cacgr,2327,56.55532799311688,56.06357559364842,88.37659954992533,0.9565964761495488,1.0,263.95341052241696,0.0,"{""seabed"": 0.9007, ""auv"": 0.0894, ""sat"": 0.0099}"
load,rate_per_node_h,6.0,13,cloud,2328,777.3996134798488,784.8252905848666,937.3495663265792,0.0,1.0,9.600000000004057,0.0,"{""cloud"": 1.0}"
load,rate_per_node_h,6.0,13,sensor,2328,59.02062813336159,57.884820732779616,94.15456298751522,0.9321305841924399,1.0,246.0445508099756,0.0,"{""seabed"": 1.0}"
load,rate_per_node_h,6.0,13,surface,2328,411.54290230771574,425.57415945487304,512.8673572639325,0.006443298969072165,1.0,1203.7755365733647,0.0,"{""buoy"": 1.0}"
load,rate_per_node_h,6.0,13,statopt,2328,346.8542607242868,352.21825888942027,496.4510675996604,0.006872852233676976,1.0,1203.7755365733647,0.0,"{""cloud"": 1.0}"
load,rate_per_node_h,6.0,13,cacgr,2328,57.27631956885034,56.502799036992776,88.9759145964465,0.9527491408934707,1.0,256.45653225327743,0.0,"{""seabed"": 0.887, ""auv"": 0.0997, ""sat"": 0.0133}"
load,rate_per_node_h,6.0,14,cloud,2236,632.6583914758388,660.7244908259047,795.1379424175192,0.0,1.0,9.600000000006258,0.0,"{""cloud"": 1.0}"
load,rate_per_node_h,6.0,14,sensor,2236,60.954135176864995,59.05200549415983,96.25767165875617,0.9253130590339893,1.0,261.4013544594751,0.0,"{""seabed"": 1.0}"
load,rate_per_node_h,6.0,14,surface,2236,460.2121229299979,468.1497405791977,560.1200585671005,0.006708407871198569,1.0,1255.7962606695442,0.0,"{""buoy"": 1.0}"
load,rate_per_node_h,6.0,14,statopt,2236,339.5731656060983,339.8801595152301,481.9843214804782,0.007602862254025045,1.0,1277.8482502427612,0.0,"{""cloud"": 0.8743, ""seabed"": 0.1257}"
load,rate_per_node_h,6.0,14,cacgr,2236,58.76274290693108,57.87206389070237,90.64883624340885,0.9476744186046512,1.0,263.66053667261065,0.0,"{""seabed"": 0.9056, ""auv"": 0.085, ""sat"": 0.0094}"
load,rate_per_node_h,6.0,15,cloud,2281,600.601592386529,622.9637650896135,776.4593545519771,0.0,1.0,9.600000000003632,0.0,"{""cloud"": 1.0}"
load,rate_per_node_h,6.0,15,sensor,2281,57.846056198978125,57.21652855666592,87.44264368517906,0.9614204296361245,1.0,256.01766142666435,0.0,"{""seabed"": 1.0}"
load,rate_per_node_h,6.0,15,surface,2281,417.719882050051,429.46697506003017,520.6536171580233,0.009644892590968873,1.0,1261.1037735328844,0.0,"{""buoy"": 1.0}"
load,rate_per_node_h,6.0,15,statopt,2281,351.45392003863924,353.0965735853526,508.38780932123933,0.009644892590968873,1.0,1261.1037735328844,0.0,"{""cloud"": 1.0}"
load,rate_per_node_h,6.0,15,cacgr,2281,57.17099948288328,57.05338781488299,86.39773785949146,0.9671196843489698,1.0,246.16750447795874,0.0,"{""seabed"": 0.9018, ""auv"": 0.0934, ""sat"": 0.0048}"
load,rate_per_node_h,6.0,16,cloud,2227,637.5857932740914,659.8135907994292,811.8691381565717,0.0,1.0,9.60000000000428,0.0,"{""cloud"": 1.0}"
load,rate_per_node_h,6.0,16,sensor,2227,57.71834060260164,57.364981580679405,89.18439982399357,0.9541984732824428,1.0,246.16575790618106,0.0,"{""seabed"": 1.0}"
load,rate_per_node_h,6.0,16,surface,2227,416.6880051775752,425.45072863480624,518.7611210387308,0.008531656937584195,1.0,1246.7153782795276,0.0,"{""buoy"": 1.0}"
load,rate_per_node_h,6.0,16,statopt,2227,359.1883822560414,356.6452942021851,507.62531063384193,0.00898069151324652,1.0,1246.7153782795276,0.0,"{""cloud"": 1.0}"
load,rate_per_node_h,6.0,16,cacgr,2227,56.39490681152138,56.59894245436978,85.57872717977503,0.9699146834306241,1.0,259.9827775995565,0.0,"{""seabed"": 0.9138, ""auv"": 0.0741, ""sat"": 0.0121}"
load,rate_per_node_h,6.0,17,cloud,2275,686.4270740761625,715.7925585421889,824.8947356418755,0.0,1.0,9.600000000006936,0.0,"{""cloud"": 1.0}"
load,rate_per_node_h,6.0,17,sensor,2275,57.10510816871449,56.58512395345569,87.89334298837225,0.9591208791208791,1.0,301.1365777080238,0.0,"{""seabed"": 1.0}"
load,rate_per_node_h,6.0,17,surface,2275,490.73016780378714,506.73851529256405,600.3684394098323,0.0017582417582417582,1.0,1289.5964081632512,0.0,"{""buoy"": 1.0}"
load,rate_per_node_h,6.0,17,statopt,2275,324.88736959199025,335.7768447638649,451.21056584579867,0.015384615384615385,1.0,1402.8171614442665,0.0,"{""seabed"": 0.5086, ""cloud"": 0.4914}"
load,rate_per_node_h,6.0,17,cacgr,2275,56.65354608275588,56.351518358142734,87.27804809692658,0.9604395604395605,1.0,284.9031223861993,0.0,"{""seabed"": 0.909, ""auv"": 0.087, ""sat"": 0.004}"
load,rate_per_node_h,6.0,18,cloud,2349,691.5145335181975,709.3901500616684,840.2030445894529,0.0,1.0,9.60000000000564,0.0,"{""cloud"": 1.0}"
load,rate_per_node_h,6.0,18,sensor,2349,57.88754409259725,57.76460796424623,89.08512888450528,0.9527458492975734,1.0,242.10825275188995,0.0,"{""seabed"": 1.0}"
load,rate_per_node_h,6.0,18,surface,2349,371.0257756058455,379.501116817429,472.1124071067774,0.009791400595998296,1.0,1250.1720678707936,0.0,"{""buoy"": 1.0}"
load,rate_per_node_h,6.0,18,statopt,2349,315.98499822474815,313.6173198278606,467.0424341119867,0.012345679012345678,1.0,1250.1720678707936,0.0,"{""cloud"": 1.0}"
load,rate_per_node_h,6.0,18,cacgr,2349,56.11465649979766,56.537536888273465,83.72870266010231,0.9727543635589613,1.0,246.3130007905731,0.0,"{""seabed"": 0.8966, ""auv"": 0.0932, ""sat"": 0.0098, ""uav"": 0.0004}"
load,rate_per_node_h,6.0,19,cloud,2316,753.5029607025331,772.0223434341509,885.9464829356351,0.0,1.0,9.600000000007512,0.0,"{""cloud"": 1.0}"
load,rate_per_node_h,6.0,19,sensor,2316,61.59033852475371,61.40335937283992,92.90714052638337,0.937392055267703,1.0,314.1237355045757,0.0,"{""seabed"": 1.0}"
load,rate_per_node_h,6.0,19,surface,2316,514.0407176453947,520.0890016590232,616.1433792256241,0.0004317789291882556,1.0,1222.3987485812838,0.0,"{""buoy"": 1.0}"
load,rate_per_node_h,6.0,19,statopt,2316,306.980158164444,315.0158219696454,434.5072356765607,0.022020725388601035,1.0,1304.048324006901,0.0,"{""seabed"": 0.5039, ""cloud"": 0.4961}"
load,rate_per_node_h,6.0,19,cacgr,2316,60.6664715687309,60.54582234209162,90.29207211417915,0.947754749568221,1.0,302.29255958550385,0.0,"{""seabed"": 0.9076, ""auv"": 0.0872, ""sat"": 0.0052}"
load,rate_per_node_h,6.0,20,cloud,2376,751.2381211126462,776.1774078008725,891.4367997119563,0.0,1.0,9.600000000007492,0.0,"{""cloud"": 1.0}"
load,rate_per_node_h,6.0,20,sensor,2376,56.964125427436116,56.4212680063208,87.75019415732237,0.9591750841750841,1.0,297.10281385280643,0.0,"{""seabed"": 1.0}"
load,rate_per_node_h,6.0,20,surface,2376,527.1074579779897,538.1463811089048,626.628893908706,0.0021043771043771043,1.0,1268.5325945165746,0.0,"{""buoy"": 1.0}"
load,rate_per_node_h,6.0,20,statopt,2376,385.89054964866807,396.57603582553264,533.3989163038393,0.007575757575757576,1.0,1267.4612233766045,0.0,"{""cloud"": 0.7449, ""seabed"": 0.2551}"
load,rate_per_node_h,6.0,20,cacgr,2376,56.319308192433745,55.8653925980491,86.92065867569652,0.9633838383838383,1.0,294.8810937950864,0.0,"{""seabed"": 0.9074, ""auv"": 0.0859, ""sat"": 0.0067}"
load,rate_per_node_h,6.0,21,cloud,2313,819.4180347331051,843.6137535964958,977.591969157245,0.0,1.0,9.600000000005553,0.0,"{""cloud"": 1.0}"
load,rate_per_node_h,6.0,21,sensor,2313,57.59242072261147,56.879782352411226,89.60748853012404,0.9520103761348897,1.0,278.4776727811721,0.0,"{""seabed"": 1.0}"
load,rate_per_node_h,6.0,21,surface,2313,480.05834986218844,490.49365190014,596.4044256204991,0.0025940337224383916,1.0,1285.714118707904,0.0,"{""buoy"": 1.0}"
load,rate_per_node_h,6.0,21,statopt,2313,382.02845356552723,397.7188352751057,540.1060226273319,0.014699524427150886,1.0,1334.36479367548,0.0,"{""cloud"": 0.7454, ""seabed"": 0.2546}"
load,rate_per_node_h,6.0,21,cacgr,2313,56.39094333440174,56.08466253949688,87.6227227729136,0.9632511889321228,1.0,262.60651374219833,0.0,"{""seabed"": 0.885, ""auv"": 0.1094, ""sat"": 0.0056}"
load,rate_per_node_h,6.0,22,cloud,2358,665.8863943044988,675.4654701728397,856.7130478385163,0.0,1.0,9.600000000007066,0.0,"{""cloud"": 1.0}"
load,rate_per_node_h,6.0,22,sensor,2358,58.2870732330968,57.39930166863669,90.54027099919976,0.9465648854961832,1.0,291.0282321579925,0.0,"{""seabed"": 1.0}"
load,rate_per_node_h,6.0,22,surface,2358,536.6020268195442,543.3181693018921,653.2013178632468,0.003816793893129771,1.0,1272.1298398158049,0.0,"{""buoy"": 1.0}"
load,rate_per_node_h,6.0,22,statopt,2358,403.2857230037232,400.9065657448852,566.5578649889025,0.00551314673452078,1.0,1280.7063933115026,0.0,"{""cloud"": 0.7447, ""seabed"": 0.2553}"
load,rate_per_node_h,6.0,22,cacgr,2358,57.2093323129496,56.72799772147385,87.52786583008597,0.9614079728583546,1.0,294.37859202713156,0.0,"{""seabed"": 0.9025, ""auv"": 0.0869, ""sat"": 0.0106}"
load,rate_per_node_h,6.0,23,cloud,2307,817.8517693938312,833.0652361885188,943.4449221872579,0.0,1.0,9.600000000007013,0.0,"{""cloud"": 1.0}"
load,rate_per_node_h,6.0,23,sensor,2307,58.569298209875214,57.47794481249163,93.49219834056439,0.9341135674035544,1.0,272.5926063533263,0.0,"{""seabed"": 1.0}"
load,rate_per_node_h,6.0,23,surface,2307,511.6573994144685,523.6757573201369,615.0473882144888,0.003034243606415258,1.0,1249.411187318077,0.0,"{""buoy"": 1.0}"
load,rate_per_node_h,6.0,23,statopt,2307,414.4932698673994,419.51185512714,582.9398066977585,0.006068487212830516,1.0,1300.711228583793,0.0,"{""cloud"": 0.7581, ""seabed"": 0.2419}"
load,rate_per_node_h,6.0,23,cacgr,2307,56.591793954001695,55.965258512355646,88.40696439160934,0.9562201993931513,1.0,275.1962806365639,0.0,"{""seabed"": 0.8929, ""auv"": 0.0962, ""sat"": 0.01, ""uav"": 0.0009}"
load,rate_per_node_h,6.0,24,cloud,2368,725.4851399726757,744.7348084089989,869.3448240805376,0.0,1.0,9.60000000000653,0.0,"{""cloud"": 1.0}"
load,rate_per_node_h,6.0,24,sensor,2368,59.16130766251898,58.85032238394515,90.48983596341776,0.9472128378378378,1.0,242.25398166019068,0.0,"{""seabed"": 1.0}"
load,rate_per_node_h,6.0,24,surface,2368,413.5645866480611,422.4278652158074,515.7057662316278,0.008023648648648648,1.0,1231.7292277991971,0.0,"{""buoy"": 1.0}"
load,rate_per_node_h,6.0,24,statopt,2368,359.1877192986421,357.2603187089897,506.0571335431889,0.009290540540540541,1.0,1231.7292277991971,0.0,"{""cloud"": 1.0}"
load,rate_per_node_h,6.0,24,cacgr,2368,57.52072605393916,57.5196161212747,87.40443169649156,0.9624155405405406,1.0,260.1683368725489,0.0,"{""seabed"": 0.8991, ""auv"": 0.0861, ""sat"": 0.0144, ""uav"": 0.0004}"
load,rate_per_node_h,6.0,25,cloud,2175,787.0457290536236,818.0556257293916,928.927606201913,0.0,1.0,9.600000000004997,0.0,"{""cloud"": 1.0}"
load,rate_per_node_h,6.0,25,sensor,2175,56.26386200990339,56.755946386814564,86.13846922133794,0.9673563218390805,1.0,272.5418719211706,0.0,"{""seabed"": 1.0}"
load,rate_per_node_h,6.0,25,surface,2175,500.5338853625827,516.03377912095,617.0955001774166,0.003218390804597701,1.0,1365.818158029531,0.0,"{""buoy"": 1.0}"
load,rate_per_node_h,6.0,25,statopt,2175,431.3325644015829,443.3043249424302,602.858231868107,0.005977011494252874,1.0,1394.4692264564642,0.0,"{""cloud"": 0.8736, ""seabed"": 0.1264}"
load,rate_per_node_h,6.0,25,cacgr,2175,55.69920443396915,56.3945430152157,84.06095493644847,0.9742528735632184,1.0,262.8732784236338,0.0,"{""seabed"": 0.9011, ""auv"": 0.0933, ""sat"": 0.0055}"
load,rate_per_node_h,6.0,26,cloud,2400,545.1163777239167,549.4312907770524,768.4226534436633,0.0,1.0,9.600000000008968,0.0,"{""cloud"": 1.0}"
load,rate_per_node_h,6.0,26,sensor,2400,58.652367979100205,58.40269806852916,89.81958933785039,0.9508333333333333,1.0,288.65178571426804,0.0,"{""seabed"": 1.0}"
load,rate_per_node_h,6.0,26,surface,2400,492.71387702222563,499.7287273066487,595.5333603014285,0.0016666666666666668,1.0,1247.523695238072,0.0,"{""buoy"": 1.0}"
load,rate_per_node_h,6.0,26,statopt,2400,385.75437317898326,388.0682383789295,553.2322531537022,0.006666666666666667,1.0,1257.5418565714053,0.0,"{""cloud"": 0.8704, ""seabed"": 0.1296}"
load,rate_per_node_h,6.0,26,cacgr,2400,57.00362932704936,56.91946702271034,86.44452652254179,0.96375,1.0,285.7963685714121,0.0,"{""seabed"": 0.8942, ""auv"": 0.0975, ""sat"": 0.0083}"
load,rate_per_node_h,6.0,27,cloud,2305,599.0481518806696,608.7838629881859,804.2892953744868,0.0,1.0,9.600000000007666,0.0,"{""cloud"": 1.0}"
load,rate_per_node_h,6.0,27,sensor,2305,57.389122562843255,56.35614193909157,87.6643523815117,0.9618221258134491,1.0,282.2448094205124,0.0,"{""seabed"": 1.0}"
load,rate_per_node_h,6.0,27,surface,2305,499.65229912940725,505.66683210752984,607.5790105955617,0.005206073752711497,1.0,1332.3174306786277,0.0,"{""buoy"": 1.0}"
load,rate_per_node_h,6.0,27,statopt,2305,394.329120569622,397.08129362027734,565.0215733144419,0.006941431670281995,1.0,1333.8940793058377,0.0,"{""cloud"": 0.7536, ""seabed"": 0.2464}"
load,rate_per_node_h,6.0,27,cacgr,2305,56.83012993862242,56.04672411314483,86.73385276923707,0.9665943600867679,1.0,278.9143729779959,0.0,"{""seabed"": 0.9111, ""auv"": 0.0829, ""sat"": 0.0061}"
load,rate_per_node_h,6.0,28,cloud,2329,669.0486221201078,690.2825784396821,833.7332143156046,0.0,1.0,9.60000000000646,0.0,"{""cloud"": 1.0}"
load,rate_per_node_h,6.0,28,sensor,2329,58.428069049639426,57.26140721609506,92.60697649663575,0.9386002576212967,1.0,270.2083052198858,0.0,"{""seabed"": 1.0}"
load,rate_per_node_h,6.0,28,surface,2329,470.8568718835024,478.7882710591623,587.3518975910887,0.0038643194504079004,1.0,1268.300003680282,0.0,"{""buoy"": 1.0}"
load,rate_per_node_h,6.0,28,statopt,2329,356.5258257343592,373.8623489668275,493.1508869744342,0.013310433662516101,1.0,1324.1422335520863,0.0,"{""cloud"": 0.7364, ""seabed"": 0.2636}"
load,rate_per_node_h,6.0,28,cacgr,2329,57.204692488414715,56.46854486306717,89.7788686488905,0.9510519536281666,1.0,271.3139441820402,0.0,"{""seabed"": 0.8982, ""auv"": 0.0919, ""sat"": 0.0099}"
load,rate_per_node_h,6.0,29,cloud,2283,728.1146591682842,745.8713266472574,872.2120882538709,0.0,1.0,9.60000000000832,0.0,"{""cloud"": 1.0}"
load,rate_per_node_h,6.0,29,sensor,2283,55.509196156404286,54.11007515319951,88.55133862074557,0.9597021462987297,1.0,291.10581315312646,0.0,"{""seabed"": 1.0}"
load,rate_per_node_h,6.0,29,surface,2283,477.32270401069314,481.2284826668229,586.0674821950014,0.0030661410424879547,1.0,1333.876779675847,0.0,"{""buoy"": 1.0}"
load,rate_per_node_h,6.0,29,statopt,2283,346.87141546385044,349.86255066959905,491.3942826186401,0.00788436268068331,1.0,1338.6519522933347,0.0,"{""cloud"": 0.6277, ""seabed"": 0.3723}"
load,rate_per_node_h,6.0,29,cacgr,2283,54.8017515388749,53.321438895972584,87.08104815285151,0.9662724485326325,1.0,276.277617670991,0.0,"{""seabed"": 0.9006, ""auv"": 0.0946, ""sat"": 0.0048}"
load,rate_per_node_h,8.0,0,cloud,3130,697.1645121246024,725.0525622329078,871.0777388444845,0.0,1.0,9.600000000006828,0.0,"{""cloud"": 1.0}"
load,rate_per_node_h,8.0,0,sensor,3130,81.24329448421194,75.3308127067714,147.43043559729648,0.6447284345047923,1.0,287.32633500685006,0.0,"{""seabed"": 1.0}"
load,rate_per_node_h,8.0,0,surface,3130,554.0611925093832,562.0752295704663,634.9364728974625,0.0044728434504792336,1.0,916.9645465997103,0.0,"{""buoy"": 1.0}"
load,rate_per_node_h,8.0,0,statopt,3130,375.5697186088397,380.47204328769755,515.7758687361348,0.008306709265175719,1.0,995.9751808671759,0.0,"{""cloud"": 0.6182, ""seabed"": 0.3818}"
load,rate_per_node_h,8.0,0,cacgr,3130,67.47877385368994,65.72093530452257,110.26444902027971,0.8175718849840256,1.0,278.68158320401864,0.0,"{""seabed"": 0.8789, ""auv"": 0.1121, ""sat"": 0.0089}"
load,rate_per_node_h,8.0,1,cloud,2983,544.580893183933,547.9656809900696,764.4909508973117,0.0,1.0,9.600000000007924,0.0,"{""cloud"": 1.0}"
load,rate_per_node_h,8.0,1,sensor,2983,70.23927110268329,68.19350199021453,116.34852750676268,0.7971840429098224,1.0,273.6201331353789,0.0,"{""seabed"": 1.0}"
load,rate_per_node_h,8.0,1,surface,2983,496.4844752139596,499.9687180247665,593.4963252419323,0.0023466309084813944,1.0,1005.1259897514309,0.0,"{""buoy"": 1.0}"
load,rate_per_node_h,8.0,1,statopt,2983,350.61885849390274,347.9496787855339,507.7388164949035,0.0077103586992960105,1.0,1025.4109561802438,0.0,"{""cloud"": 0.7519, ""seabed"": 0.2481}"
load,rate_per_node_h,8.0,1,cacgr,2983,62.82840345272304,61.221121936609116,101.51296937195576,0.8930606771706336,1.0,269.7846478616855,0.0,"{""seabed"": 0.876, ""auv"": 0.1136, ""sat"": 0.0101, ""buoy"": 0.0003}"
load,rate_per_node_h,8.0,2,cloud,3041,815.2361340989683,836.5105622327279,979.1674528311614,0.0,1.0,9.600000000004863,0.0,"{""cloud"": 1.0}"
load,rate_per_node_h,8.0,2,sensor,3041,70.03253871301163,67.82104319514038,114.73725665261846,0.8201249588951003,1.0,282.1545544228867,0.0,"{""seabed"": 1.0}"
load,rate_per_node_h,8.0,2,surface,3041,590.9833196450368,601.295977180586,698.5218894296537,0.0023018743834265043,1.0,932.4568038708909,0.0,"{""buoy"": 1.0}"
load,rate_per_node_h,8.0,2,statopt,3041,399.46893656679026,407.6596675902647,561.5955798866836,0.007563301545544229,1.0,1023.1095739559225,0.0,"{""cloud"": 0.6271, ""seabed"": 0.3729}"
load,rate_per_node_h,8.0,2,cacgr,3041,64.5138892307194,63.523672481366944,100.77466191875743,0.8914830647813219,1.0,292.58054812796433,0.0,"{""seabed"": 0.903, ""auv"": 0.0842, ""sat"": 0.0125, ""buoy"": 0.0003}"
load,rate_per_node_h,8.0,3,cloud,3016,609.4359836318074,620.9530201099446,795.0508964622699,0.0,1.0,9.60000000000559,0.0,"{""cloud"": 1.0}"
load,rate_per_node_h,8.0,3,sensor,3016,72.56643537516544,68.40843311760703,127.8886587246186,0.7659151193633952,1.0,251.3321333838232,0.0,"{""seabed"": 1.0}"
load,rate_per_node_h,8.0,3,surface,3016,490.56367257712014,512.8635772307097,572.1179853943894,0.003647214854111406,1.0,939.2041955285882,0.0,"{""buoy"": 1.0}"
load,rate_per_node_h,8.0,3,statopt,3016,390.91834938083025,400.1189062375353,557.8402833965096,0.004641909814323607,1.0,939.2041955285882,0.0,"{""cloud"": 1.0}"
load,rate_per_node_h,8.0,3,cacgr,3016,64.47754940976748,62.99477802306798,104.37430721659517,0.8720159151193634,1.0,257.7306979916323,0.0,"{""seabed"": 0.8654, ""auv"": 0.1217, ""sat"": 0.0126, ""buoy"": 0.0003}"
load,rate_per_node_h,8.0,4,cloud,3152,713.584626270222,736.275763159354,882.3620790915442,0.0,1.0,9.600000000004863,0.0,"{""cloud"": 1.0}"
load,rate_per_node_h,8.0,4,sensor,3152,82.53302799129555,75.95115660776057,156.52554636353676,0.6579949238578681,1.0,268.8623096446534,0.0,"{""seabed"": 1.0}"
load,rate_per_node_h,8.0,4,surface,3152,543.3232213831835,551.448833324139,625.4251239360512,0.00031725888324873094,1.0,888.828716461188,0.0,"{""buoy"": 1.0}"
load,rate_per_node_h,8.0,4,statopt,3152,397.64919268602904,397.68263402497905,568.735046722974,0.0012690355329949238,1.0,913.97589579404,0.0,"{""cloud"": 0.8785, ""seabed"": 0.1215}"
load,rate_per_node_h,8.0,4,cacgr,3152,66.8487446932144,65.83905002434082,106.42947513495388,0.8429568527918782,1.0,263.98439238577083,0.0,"{""seabed"": 0.889, ""auv"": 0.1031, ""sat"": 0.0079}"
load,rate_per_node_h,8.0,5,cloud,3037,786.2083892346596,791.7407492132993,945.4967538142558,0.0,1.0,9.60000000000585,0.0,"{""cloud"": 1.0}"
load,rate_per_node_h,8.0,5,sensor,3037,75.11755557731763,71.38354273561927,127.8290974798355,0.7369114257490945,1.0,280.6608024836305,0.0,"{""seabed"": 1.0}"
load,rate_per_node_h,8.0,5,surface,3037,507.0014033028965,518.27819548915,590.9318618952389,0.0006585446163977609,1.0,974.1162816689173,0.0,"{""buoy"": 1.0}"
load,rate_per_node_h,8.0,5,statopt,3037,397.9493901411854,394.58200382330347,570.1816966496833,0.0026341784655910436,1.0,995.459199999978,0.0,"{""cloud"": 0.8808, ""seabed"": 0.1192}"
load,rate_per_node_h,8.0,5,cacgr,3037,67.62272154278321,65.16546656145971,111.01742524251284,0.8445834705301284,1.0,275.5669674020199,0.0,"{""seabed"": 0.8861, ""auv"": 0.1054, ""sat"": 0.0082, ""uav"": 0.0003}"
load,rate_per_node_h,8.0,6,cloud,3055,612.5582594271971,620.2564020254702,807.4445665032474,0.0,1.0,9.60000000000707,0.0,"{""cloud"": 1.0}"
load,rate_per_node_h,8.0,6,sensor,3055,78.77564343587623,71.24671048089064,156.36230435234208,0.7034369885433716,1.0,268.3549216740548,0.0,"{""seabed"": 1.0}"
load,rate_per_node_h,8.0,6,surface,3055,528.2705334172349,533.400600818466,609.9768480528762,0.003600654664484452,1.0,954.3775386485678,0.0,"{""buoy"": 1.0}"
load,rate_per_node_h,8.0,6,statopt,3055,394.7688914232942,394.8362676514007,558.3482504124881,0.005237315875613748,1.0,960.1918442272466,0.0,"{""cloud"": 0.8809, ""seabed"": 0.1191}"
load,rate_per_node_h,8.0,6,cacgr,3055,64.08845168073127,62.80026862434345,103.47885452486352,0.8733224222585925,1.0,257.75845499180184,0.0,"{""seabed"": 0.871, ""auv"": 0.1211, ""sat"": 0.0075, ""uav"": 0.0003}"
load,rate_per_node_h,8.0,7,cloud,3053,701.9257232466649,721.4483222264192,872.5001574756166,0.0,1.0,9.600000000008082,0.0,"{""cloud"": 1.0}"
load,rate_per_node_h,8.0,7,sensor,3053,75.09071362533606,70.38850727209501,131.639806700727,0.7504094333442516,1.0,263.69575593091304,0.0,"{""seabed"": 1.0}"
load,rate_per_node_h,8.0,7,surface,3053,508.5267956575195,518.2133862855051,593.5819237005085,0.003930560104814936,1.0,1003.6443816386458,0.0,"{""buoy"": 1.0}"
load,rate_per_node_h,8.0,7,statopt,3053,403.94763720593045,402.87454851145884,578.0699766550669,0.00491320013101867,1.0,1027.5644790416707,0.0,"{""cloud"": 0.8795, ""seabed"": 0.1205}"
load,rate_per_node_h,8.0,7,cacgr,3053,63.68121023021874,62.70943193094208,99.73341820734325,0.8919095971175892,1.0,261.3782722380602,0.0,"{""seabed"": 0.8706, ""auv"": 0.1186, ""sat"": 0.0108}"
load,rate_per_node_h,8.0,8,cloud,3120,541.0048999509091,543.1057977904236,788.9741805441448,0.0,1.0,9.600000000006839,0.0,"{""cloud"": 1.0}"
load,rate_per_node_h,8.0,8,sensor,3120,75.55879738218808,73.06951174128893,128.766926008746,0.7073717948717949,1.0,276.2902930402657,0.0,"{""seabed"": 1.0}"
load,rate_per_node_h,8.0,8,surface,3120,539.408795985452,549.9624926042403,626.7037330822,0.002564102564102564,1.0,975.7267926739686,0.0,"{""buoy"": 1.0}"
load,rate_per_node_h,8.0,8,statopt,3120,420.81372452131643,418.5808661943528,591.9029563658846,0.0035256410256410257,1.0,1002.1598174358736,0.0,"{""cloud"": 0.8817, ""seabed"": 0.1183}"
load,rate_per_node_h,8.0,8,cacgr,3120,64.4883102026163,63.46939347496797,104.0483785161547,0.864423076923077,1.0,273.8096146519903,0.0,"{""seabed"": 0.8801, ""auv"": 0.1099, ""sat"": 0.0099}"
load,rate_per_node_h,8.0,9,cloud,3098,855.5666147549748,868.7621619545586,1023.9577663159035,0.0,1.0,9.600000000006196,0.0,"{""cloud"": 1.0}"
load,rate_per_node_h,8.0,9,sensor,3098,79.98752996944637,74.03332153572362,143.4614417441208,0.672046481601033,1.0,269.9240062713143,0.0,"{""seabed"": 1.0}"
load,rate_per_node_h,8.0,9,surface,3098,557.449775500728,570.6951190418006,644.7895299967674,0.0035506778566817302,1.0,987.2401999446375,0.0,"{""buoy"": 1.0}"
load,rate_per_node_h,8.0,9,statopt,3098,450.4018904742958,460.0888465280836,614.7525846649565,0.009038089089735314,1.0,1035.8927444433964,0.0,"{""cloud"": 0.7414, ""seabed"": 0.2586}"
load,rate_per_node_h,8.0,9,cacgr,3098,64.19557682162221,62.713015875870084,104.31153374467144,0.8757262750161394,1.0,265.604111039368,0.0,"{""seabed"": 0.8667, ""auv"": 0.1223, ""sat"": 0.011}"
load,rate_per_node_h,8.0,10,cloud,3189,782.392371334213,807.7882459458034,951.6202347511124,0.0,1.0,9.60000000000553,0.0,"{""cloud"": 1.0}"
load,rate_per_node_h,8.0,10,sensor,3189,95.56301575510783,79.7034030807663,206.97114000024897,0.5826277830040765,1.0,279.509743314068,0.0,"{""seabed"": 1.0}"
load,rate_per_node_h,8.0,10,surface,3189,545.8007704386688,559.6218987186058,633.7795231366179,0.0037629350893697085,1.0,882.1260275052484,0.0,"{""buoy"": 1.0}"
load,rate_per_node_h,8.0,10,statopt,3189,363.21800467207726,373.0561200668019,490.71628828498643,0.013797428661022263,1.0,981.5384277740372,0.0,"{""cloud"": 0.6099, ""seabed"": 0.3901}"
load,rate_per_node_h,8.0,10,cacgr,3189,68.31358655784554,64.6560199202247,117.54187335252307,0.8143618689244277,1.0,268.9725803879366,0.0,"{""seabed"": 0.8648, ""auv"": 0.1257, ""sat"": 0.0094}"
load,rate_per_node_h,8.0,11,cloud,3117,791.4405397724597,800.4204263498689,949.1302550459101,0.0,1.0,9.600000000005856,0.0,"{""cloud"": 1.0}"
load,rate_per_node_h,8.0,11,sensor,3117,78.86066299288004,74.36139610800092,136.00513179251706,0.7122232916265641,1.0,294.1100875383746,0.0,"{""seabed"": 1.0}"
load,rate_per_node_h,8.0,11,surface,3117,561.0653130886692,563.1612466808074,639.5866632613165,0.0012832852101379532,1.0,898.7832410284434,0.0,"{""buoy"": 1.0}"
load,rate_per_node_h,8.0,11,statopt,3117,406.0903442774222,408.8393291002501,577.5396077913717,0.003208213025344883,1.0,950.1085222970663,0.0,"{""cloud"": 0.7584, ""seabed"": 0.2416}"
load,rate_per_node_h,8.0,11,cacgr,3117,66.91489325942685,65.70717780645063,105.16418181550404,0.8585178055822906,1.0,295.3556947614373,0.0,"{""seabed"": 0.8906, ""auv"": 0.0988, ""sat"": 0.0103, ""buoy"": 0.0003}"
load,rate_per_node_h,8.0,12,cloud,3063,893.9356389784721,897.2539055988411,1059.362962113701,0.0,1.0,9.60000000000706,0.0,"{""cloud"": 1.0}"
load,rate_per_node_h,8.0,12,sensor,3063,70.63720808020639,68.87839749772223,117.1816435113719,0.7988899771465883,1.0,260.24122009232354,0.0,"{""seabed"": 1.0}"
load,rate_per_node_h,8.0,12,surface,3063,546.1670995243865,558.6315778272867,635.519481746806,0.001632386549134835,1.0,1009.6928859661145,0.0,"{""buoy"": 1.0}"
load,rate_per_node_h,8.0,12,statopt,3063,441.4865345593718,443.24512935829455,611.9094111011066,0.004244205027750571,1.0,1030.305894687725,0.0,"{""cloud"": 0.8717, ""seabed"": 0.1283}"
load,rate_per_node_h,8.0,12,cacgr,3063,63.62128267277128,62.85643867351318,100.3924900537431,0.8893241919686582,1.0,259.71193283893257,0.0,"{""seabed"": 0.8737, ""auv"": 0.1156, ""sat"": 0.0101, ""uav"": 0.0007}"
load,rate_per_node_h,8.0,13,cloud,3041,809.7269435055848,821.4946720259405,980.9313756519963,0.0,1.0,9.600000000004746,0.0,"{""cloud"": 1.0}"
load,rate_per_node_h,8.0,13,sensor,3041,84.67761960675291,74.91047864309294,169.79714204182602,0.6606379480434068,1.0,247.39155353028457,0.0,"{""seabed"": 1.0}"
load,rate_per_node_h,8.0,13,surface,3041,479.2664546849862,496.83245583837174,560.9314735744017,0.003946070371588293,1.0,918.3404609385791,0.0,"{""buoy"": 1.0}"
load,rate_per_node_h,8.0,13,statopt,3041,375.60003215627364,381.79729918993837,535.8093565311094,0.003946070371588293,1.0,918.3404609385791,0.0,"{""cloud"": 1.0}"
load,rate_per_node_h,8.0,13,cacgr,3041,67.47034197775834,64.88312766453467,115.39791016084685,0.8421571851364683,1.0,251.48110459901542,0.0,"{""seabed"": 0.8714, ""auv"": 0.1167, ""sat"": 0.0118}"
load,rate_per_node_h,8.0,14,cloud,2969,643.7959516837996,661.6959468268566,821.4672918620588,0.0,1.0,9.600000000006837,0.0,"{""cloud"": 1.0}"
load,rate_per_node_h,8.0,14,sensor,2969,81.36570003863605,68.64827428913365,195.50314007963877,0.7426743011114854,1.0,260.13645768173546,0.0,"{""seabed"": 1.0}"
load,rate_per_node_h,8.0,14,surface,2969,522.9138213060102,529.7221971588641,606.7829163190722,0.0030313236780060626,1.0,941.5351877977034,0.0,"{""buoy"": 1.0}"
load,rate_per_node_h,8.0,14,statopt,2969,371.38210641500376,371.9967169176724,534.6152319982784,0.004715392388009431,1.0,972.2251185295514,0.0,"{""cloud"": 0.8767, ""seabed"": 0.1233}"
load,rate_per_node_h,8.0,14,cacgr,2969,66.56251251460944,62.991162700200945,108.80823786966114,0.8588750421017177,1.0,266.02474560936986,0.0,"{""seabed"": 0.8771, ""auv"": 0.1098, ""sat"": 0.0131}"
load,rate_per_node_h,8.0,15,cloud,3089,604.0648392563387,616.6127605503738,793.8095530830926,0.0,1.0,9.600000000003806,0.0,"{""cloud"": 1.0}"
load,rate_per_node_h,8.0,15,sensor,3089,82.37337745273376,73.89093533683723,164.9466109612014,0.6921333764972483,1.0,255.40378300880303,0.0,"{""seabed"": 1.0}"
load,rate_per_node_h,8.0,15,surface,3089,473.91798464051436,488.6988430643716,553.1101971795176,0.002589834898025251,1.0,932.7761017434907,0.0,"{""buoy"": 1.0}"
load,rate_per_node_h,8.0,15,statopt,3089,371.758500731162,371.52557065325817,533.8610002593311,0.002589834898025251,1.0,932.7761017434907,0.0,"{""cloud"": 1.0}"
load,rate_per_node_h,8.0,15,cacgr,3089,66.87439103385049,65.04271786417497,107.99651058657281,0.8455810942052444,1.0,256.03773759419965,0.0,"{""seabed"": 0.8666, ""auv"": 0.1214, ""sat"": 0.0117, ""uav"": 0.0003}"
load,rate_per_node_h,8.0,16,cloud,3014,642.1896818533999,656.0652445240917,818.8368697686196,0.0,1.0,9.600000000005684,0.0,"{""cloud"": 1.0}"
load,rate_per_node_h,8.0,16,sensor,3014,73.46859236032611,70.15462352779214,122.58928011309807,0.7518248175182481,1.0,246.50658830216992,0.0,"{""seabed"": 1.0}"
load,rate_per_node_h,8.0,16,surface,3014,486.23767970656974,493.4051676472322,573.6926193297636,0.0063039150630391505,1.0,922.7493624039965,0.0,"{""buoy"": 1.0}"
load,rate_per_node_h,8.0,16,statopt,3014,387.3823159638681,388.7184711124435,543.0075466753507,0.0063039150630391505,1.0,922.7493624039965,0.0,"{""cloud"": 1.0}"
load,rate_per_node_h,8.0,16,cacgr,3014,65.190585537068,64.46291096573344,102.58665404141432,0.8682813536828136,1.0,265.6847276518737,0.0,"{""seabed"": 0.8958, ""auv"": 0.0889, ""sat"": 0.0153}"
load,rate_per_node_h,8.0,17,cloud,3040,705.6392363508398,737.2810434482963,865.0670382677764,0.0,1.0,9.600000000007608,0.0,"{""cloud"": 1.0}"
load,rate_per_node_h,8.0,17,sensor,3040,72.82876585319306,67.70836462868911,133.89942219125606,0.7871710526315789,1.0,300.2377819549045,0.0,"{""seabed"": 1.0}"
load,rate_per_node_h,8.0,17,surface,3040,545.170924614203,560.3130073948518,639.7433654225214,0.001973684210526316,1.0,971.3131308270551,0.0,"{""buoy"": 1.0}"
load,rate_per_node_h,8.0,17,statopt,3040,372.7581321641888,384.6957752007498,526.2839271719092,0.012828947368421053,1.0,1073.5586431578909,0.0,"{""cloud"": 0.5046, ""seabed"": 0.4954}"
load,rate_per_node_h,8.0,17,cacgr,3040,66.82530214775437,64.25898501094683,111.96580970296594,0.8467105263157895,1.0,284.6659112782102,0.0,"{""seabed"": 0.8938, ""auv"": 0.1016, ""sat"": 0.0046}"
load,rate_per_node_h,8.0,18,cloud,3171,719.8878563488196,734.8208452077753,882.0775559138066,0.0,1.0,9.600000000005549,0.0,"{""cloud"": 1.0}"
load,rate_per_node_h,8.0,18,sensor,3171,78.13043910176661,73.95554027172611,131.10928918416138,0.7064017660044151,1.0,242.0842456187358,0.0,"{""seabed"": 1.0}"
load,rate_per_node_h,8.0,18,surface,3171,454.51661895430755,473.37406510377383,542.3044016802065,0.004099653106275623,1.0,923.1106048564856,0.0,"{""buoy"": 1.0}"
load,rate_per_node_h,8.0,18,statopt,3171,358.497391064583,353.8281877977308,519.5960339849785,0.004415011037527594,1.0,923.1106048564856,0.0,"{""cloud"": 1.0}"
load,rate_per_node_h,8.0,18,cacgr,3171,68.33707146327954,65.8469349638474,112.15650441946933,0.8486281929990539,1.0,260.0687271252494,0.0,"{""seabed"": 0.8909, ""auv"": 0.094, ""sat"": 0.0142, ""uav"": 0.0009}"
load,rate_per_node_h,8.0,19,cloud,3096,764.4233347573207,783.7550866502856,913.5813866903358,0.0,1.0,9.600000000006727,0.0,"{""cloud"": 1.0}"
load,rate_per_node_h,8.0,19,sensor,3096,79.96832580132975,75.8353642581557,134.75478305720657,0.6799095607235142,1.0,313.1341823551239,0.0,"{""seabed"": 1.0}"
load,rate_per_node_h,8.0,19,surface,3096,562.2772489301885,568.6055991749927,632.936010946166,0.0009689922480620155,1.0,929.7885980066299,0.0,"{""buoy"": 1.0}"
load,rate_per_node_h,8.0,19,statopt,3096,355.41797223319605,359.83540628151405,497.4738421750621,0.014211886304909561,1.0,1010.3373785898802,0.0,"{""seabed"": 0.5003, ""cloud"": 0.4997}"
load,rate_per_node_h,8.0,19,cacgr,3096,69.74704183897286,67.73851469471217,110.47406168050178,0.8236434108527132,1.0,296.2877556293926,0.0,"{""seabed"": 0.8782, ""auv"": 0.1147, ""sat"": 0.0071}"
load,rate_per_node_h,8.0,20,cloud,3112,755.910174713429,777.1312303173671,918.653705150385,0.0,1.0,9.600000000008274,0.0,"{""cloud"": 1.0}"
load,rate_per_node_h,8.0,20,sensor,3112,73.91654828518026,70.19976032124019,127.69522510873664,0.7573907455012854,1.0,298.95189129635867,0.0,"{""seabed"": 1.0}"
load,rate_per_node_h,8.0,20,surface,3112,576.8619028605406,581.0273145615032,658.2724932837058,0.0009640102827763496,1.0,993.8708013220541,0.0,"{""buoy"": 1.0}"
load,rate_per_node_h,8.0,20,statopt,3112,408.447833612281,414.7246563971269,571.2089024881977,0.004177377892030848,1.0,1023.1541924347986,0.0,"{""cloud"": 0.731, ""seabed"": 0.269}"
load,rate_per_node_h,8.0,20,cacgr,3112,65.85345195037225,64.50213180861162,105.86835668124618,0.8643958868894601,1.0,285.3640822622044,0.0,"{""seabed"": 0.8856, ""auv"": 0.108, ""sat"": 0.0064}"
load,rate_per_node_h,8.0,21,cloud,3083,848.7750884275559,855.1855735681462,1022.2888359162451,0.0,1.0,9.600000000006162,0.0,"{""cloud"": 1.0}"
load,rate_per_node_h,8.0,21,sensor,3083,73.8899967549791,69.53217706492724,130.40164030945576,0.7505676289328576,1.0,277.9927714192978,0.0,"{""seabed"": 1.0}"
load,rate_per_node_h,8.0,21,surface,3083,535.1362363237982,545.3064412886399,634.1495355829757,0.001621796951021732,1.0,958.7036070617482,0.0,"{""buoy"": 1.0}"
load,rate_per_node_h,8.0,21,statopt,3083,407.3992850149945,418.9591181054421,583.619648238541,0.007784625364904314,1.0,1013.0793656642278,0.0,"{""cloud"": 0.748, ""seabed"": 0.252}"
load,rate_per_node_h,8.0,21,cacgr,3083,64.7277769758046,63.25390584929305,104.44729705094734,0.8631203373337658,1.0,263.23214901996386,0.0,"{""seabed"": 0.8657, ""auv"": 0.1268, ""sat"": 0.0075}"
load,rate_per_node_h,8.0,22,cloud,3169,666.5740420581694,675.248115264936,869.1748324572569,0.0,1.0,9.600000000007231,0.0,"{""cloud"": 1.0}"
load,rate_per_node_h,8.0,22,sensor,3169,83.65301454893486,77.48426836876169,153.0412651504034,0.6465762070053644,1.0,290.0291213992559,0.0,"{""seabed"": 1.0}"
load,rate_per_node_h,8.0,22,surface,3169,589.4697946163484,601.4907097242516,679.6950589010052,0.003155569580309246,1.0,958.8987047739091,0.0,"{""buoy"": 1.0}"
load,rate_per_node_h,8.0,22,statopt,3169,429.05191349282865,427.1674047858425,600.5908888097897,0.0034711265383401703,1.0,1003.4762574583962,0.0,"{""cloud"": 0.7573, ""seabed"": 0.2427}"
load,rate_per_node_h,8.0,22,cacgr,3169,66.88932610063314,64.81300510566338,109.93243184250117,0.8437993057746923,1.0,280.91412703420315,0.0,"{""seabed"": 0.8605, ""auv"": 0.1294, ""sat"": 0.0098, ""buoy"": 0.0003}"
load,rate_per_node_h,8.0,23,cloud,3030,834.8979805931771,851.7772405377642,982.5049705732944,0.0,1.0,9.600000000007427,0.0,"{""cloud"": 1.0}"
load,rate_per_node_h,8.0,23,sensor,3030,73.97283152189983,69.02527295284526,134.82861439916536,0.763036303630363,1.0,273.2517680339363,0.0,"{""seabed"": 1.0}"
load,rate_per_node_h,8.0,23,surface,3030,563.169099953814,572.1443659836646,645.6829166173009,0.0016501650165016502,1.0,983.9050727015331,0.0,"{""buoy"": 1.0}"
load,rate_per_node_h,8.0,23,statopt,3030,439.0883356973201,445.7111741586742,619.8420612687661,0.006270627062706271,1.0,1030.9394479584912,0.0,"{""cloud"": 0.7502, ""seabed"": 0.2498}"
load,rate_per_node_h,8.0,23,cacgr,3030,65.52501647812105,63.63550999295864,108.04648679656898,0.8564356435643564,1.0,265.22942838282916,0.0,"{""seabed"": 0.8749, ""auv"": 0.1162, ""sat"": 0.0079, ""uav"": 0.001}"
load,rate_per_node_h,8.0,24,cloud,3121,740.7187735547019,760.881036347136,906.201861449005,0.0,1.0,9.600000000006718,0.0,"{""cloud"": 1.0}"
load,rate_per_node_h,8.0,24,sensor,3121,76.23107891858955,73.17471701808954,126.99695422244137,0.7148349887856457,1.0,242.03982240120365,0.0,"{""seabed"": 1.0}"
load,rate_per_node_h,8.0,24,surface,3121,476.61423217408907,491.4714904158728,570.0341998954667,0.005446972124319128,1.0,933.2958813566829,0.0,"{""buoy"": 1.0}"
load,rate_per_node_h,8.0,24,statopt,3121,386.53219143845047,392.66473224679186,553.6267447915493,0.006087792374239026,1.0,933.2958813566829,0.0,"{""cloud"": 1.0}"
load,rate_per_node_h,8.0,24,cacgr,3121,66.62037583161852,65.20999487512823,107.33027151975814,0.8478051906440244,1.0,251.90599057074974,0.0,"{""seabed"": 0.8731, ""auv"": 0.1128, ""sat"": 0.0138, ""uav"": 0.0003}"
load,rate_per_node_h,8.0,25,cloud,2893,796.9660440479624,819.859340858548,964.7093209371674,0.0,1.0,9.600000000004677,0.0,"{""cloud"": 1.0}"
load,rate_per_node_h,8.0,25,sensor,2893,64.25853623383105,63.211174023069425,99.48589131142064,0.8921534739025233,1.0,272.82366302897367,0.0,"{""seabed"": 1.0}"
load,rate_per_node_h,8.0,25,surface,2893,544.6891019012174,561.2606027627927,645.9340125603031,0.00414794331144141,1.0,1031.3840335785667,0.0,"{""buoy"": 1.0}"
load,rate_per_node_h,8.0,25,statopt,2893,447.17571885223595,446.5939692325136,633.314349788746,0.00414794331144141,1.0,1060.3410612018965,0.0,"{""cloud"": 0.8752, ""seabed"": 0.1248}"
load,rate_per_node_h,8.0,25,cacgr,2893,60.54423869720596,60.111604664021556,92.95971745349804,0.9312132734185966,1.0,257.8504449162879,0.0,"{""seabed"": 0.8752, ""auv"": 0.1193, ""sat"": 0.0055}"
load,rate_per_node_h,8.0,26,cloud,3162,545.4519277235855,548.4487273642563,778.9757414809432,0.0,1.0,9.600000000008444,0.0,"{""cloud"": 1.0}"
load,rate_per_node_h,8.0,26,sensor,3162,84.85406432147371,74.94855950746643,173.909187039843,0.6783681214421252,1.0,287.4341736694491,0.0,"{""seabed"": 1.0}"
load,rate_per_node_h,8.0,26,surface,3162,540.1640151280835,545.1878825495359,624.1551865203309,0.0018975332068311196,1.0,976.3654294749934,0.0,"{""buoy"": 1.0}"
load,rate_per_node_h,8.0,26,statopt,3162,403.57226161786315,404.1910137074028,583.7366330504876,0.003478810879190386,1.0,1008.0439021956955,0.0,"{""cloud"": 0.8748, ""seabed"": 0.1252}"
load,rate_per_node_h,8.0,26,cacgr,3162,67.7141206452848,65.3899131826883,110.01596277589223,0.8393421884882986,1.0,269.77870714735883,0.0,"{""seabed"": 0.8552, ""auv"": 0.1369, ""sat"": 0.0076, ""uav"": 0.0003}"
load,rate_per_node_h,8.0,27,cloud,3097,600.3054865500446,603.2587335652523,811.5600090746655,0.0,1.0,9.600000000008652,0.0,"{""cloud"": 1.0}"
load,rate_per_node_h,8.0,27,sensor,3097,80.52478830141763,74.5642723198524,147.0578158512281,0.6709719082983533,1.0,281.8353245075865,0.0,"{""seabed"": 1.0}"
load,rate_per_node_h,8.0,27,surface,3097,555.9675998555002,562.8522706722545,632.2058532029749,0.0032289312237649337,1.0,1008.812479542396,0.0,"{""buoy"": 1.0}"
load,rate_per_node_h,8.0,27,statopt,3097,420.6592710257555,419.5935441996951,592.2887816385224,0.005166289958023894,1.0,1015.023423146807,0.0,"{""cloud"": 0.7604, ""seabed"": 0.2396}"
load,rate_per_node_h,8.0,27,cacgr,3097,65.37649527583464,63.75697878211843,104.58056261112878,0.8585728123990959,1.0,274.50440776788594,0.0,"{""seabed"": 0.8754, ""auv"": 0.1169, ""sat"": 0.0071, ""buoy"": 0.0003, ""uav"": 0.0003}"
load,rate_per_node_h,8.0,28,cloud,3068,678.1139298138953,696.3612867016353,866.8842068085158,0.0,1.0,9.600000000006071,0.0,"{""cloud"": 1.0}"
load,rate_per_node_h,8.0,28,sensor,3068,76.50723572227399,70.51580289998294,141.27042002893498,0.7330508474576272,1.0,268.44626559879356,0.0,"{""seabed"": 1.0}"
load,rate_per_node_h,8.0,28,surface,3068,526.0188316143178,539.8161801207665,614.3427775692568,0.0016297262059973925,1.0,957.7807025516651,0.0,"{""buoy"": 1.0}"
load,rate_per_node_h,8.0,28,statopt,3068,393.29596169561086,404.7154976233401,558.9671011123975,0.007496740547588005,1.0,1014.3617808902786,0.0,"{""cloud"": 0.7526, ""seabed"": 0.2474}"
load,rate_per_node_h,8.0,28,cacgr,3068,65.49577988859193,63.727568119921735,104.42148810777574,0.8617992177314211,1.0,267.78092903705044,0.0,"{""seabed"": 0.8784, ""auv"": 0.1105, ""sat"": 0.0108, ""buoy"": 0.0003}"
load,rate_per_node_h,8.0,29,cloud,3050,747.431123217729,767.8578186675641,908.674187857115,0.0,1.0,9.60000000000812,0.0,"{""cloud"": 1.0}"
load,rate_per_node_h,8.0,29,sensor,3050,70.55803239499404,67.98975426008498,119.74173976763602,0.7665573770491804,1.0,290.4894613583205,0.0,"{""seabed"": 1.0}"
load,rate_per_node_h,8.0,29,surface,3050,541.710535293912,546.6789211846478,623.3551686694552,0.0029508196721311475,1.0,984.0496637002185,0.0,"{""buoy"": 1.0}"
load,rate_per_node_h,8.0,29,statopt,3050,382.5487336903899,386.69741427820884,539.4820841150876,0.00819672131147541,1.0,1025.7178687400349,0.0,"{""cloud"": 0.6361, ""seabed"": 0.3639}"
load,rate_per_node_h,8.0,29,cacgr,3050,64.52086090373339,62.385309857872564,107.13641281013224,0.8531147540983607,1.0,272.14413864169154,0.0,"{""seabed"": 0.8823, ""auv"": 0.1131, ""sat"": 0.0046}"
