sweep,param,value,seed,policy,n,mean_min,p50_min,p95_min,on_time,delivered,energy_j,replans,b_where
deadline,deadline_s,1800.0,0,cloud,764,629.336691983321,643.4511212429838,775.3538275438713,0.0,1.0,9.60000000000571,0.0,"{""cloud"": 1.0}"
deadline,deadline_s,1800.0,0,sensor,764,53.63382930175517,53.72025850305696,79.77030372892709,0.09031413612565445,1.0,285.11518324607835,0.0,"{""seabed"": 1.0}"
deadline,deadline_s,1800.0,0,surface,764,307.08009191484,314.00889750225457,422.8795871241856,0.0013089005235602095,1.0,3629.669564697053,0.0,"{""buoy"": 1.0}"
deadline,deadline_s,1800.0,0,statopt,764,58.25570630889461,58.370806876287475,91.43948658839882,0.0693717277486911,1.0,2675.448017950626,0.0,"{""cloud"": 0.6414, ""seabed"": 0.3586}"
deadline,deadline_s,1800.0,0,cacgr,764,52.17413060165178,52.73961451927832,78.81289326805603,0.10863874345549739,1.0,356.7179715781639,0.0,"{""seabed"": 0.9045, ""auv"": 0.0641, ""sat"": 0.0314}"
deadline,deadline_s,1800.0,1,cloud,727,527.4115101520973,530.117495998639,713.5356985108822,0.0,1.0,9.600000000007828,0.0,"{""cloud"": 1.0}"
deadline,deadline_s,1800.0,1,sensor,727,50.16068107115189,49.176568081276976,78.97720976126041,0.10178817056396149,1.0,273.91982707800565,0.0,"{""seabed"": 1.0}"
deadline,deadline_s,1800.0,1,surface,727,254.80936735177207,258.5882292604302,377.95698375531424,0.001375515818431912,1.0,3857.4863147965875,0.0,"{""buoy"": 1.0}"
deadline,deadline_s,1800.0,1,statopt,727,59.09676317528139,57.960736518458965,91.51567216509511,0.04401650618982118,1.0,2896.243011986616,0.0,"{""cloud"": 0.7428, ""seabed"": 0.2572}"
deadline,deadline_s,1800.0,1,cacgr,727,48.95189387750078,48.199170673992924,77.160516354314,0.11966987620357634,1.0,339.6260609156946,0.0,"{""seabed"": 0.9037, ""auv"": 0.066, ""sat"": 0.0303}"
deadline,deadline_s,1800.0,2,cloud,757,667.9238359253239,660.1702646916723,807.9665756745648,0.0,1.0,9.600000000003769,0.0,"{""cloud"": 1.0}"
deadline,deadline_s,1800.0,2,sensor,757,52.04819041156683,51.82185200432317,80.92351211419047,0.10303830911492734,1.0,281.4961313455384,0.0,"{""seabed"": 1.0}"
deadline,deadline_s,1800.0,2,surface,757,331.8205237352244,338.9837840109175,441.15628997571974,0.0,1.0,3689.6226306850044,0.0,"{""buoy"": 1.0}"
deadline,deadline_s,1800.0,2,statopt,757,53.03401425898621,52.77832014336563,82.00036519672014,0.09114927344782034,1.0,2290.5827514625294,0.0,"{""cloud"": 0.6328, ""seabed"": 0.3672}"
deadline,deadline_s,1800.0,2,cacgr,757,50.87179577022822,50.73136629775448,79.7049806044443,0.11624834874504623,1.0,338.6608009058315,0.0,"{""seabed"": 0.9168, ""auv"": 0.0568, ""sat"": 0.0251, ""uav"": 0.0013}"
deadline,deadline_s,1800.0,3,cloud,758,562.2790360217656,599.9538018876563,693.9464154424596,0.0,1.0,9.600000000007029,0.0,"{""cloud"": 1.0}"
deadline,deadline_s,1800.0,3,sensor,758,52.386689531261645,52.58714533517876,79.5697592666785,0.10026385224274406,1.0,252.320392009013,0.0,"{""seabed"": 1.0}"
deadline,deadline_s,1800.0,3,surface,758,190.0584604916073,186.35592895758737,288.05535497874394,0.0,1.0,3654.5074044477374,0.0,"{""buoy"": 1.0}"
deadline,deadline_s,1800.0,3,statopt,758,189.2382483312349,186.14881982284177,287.0869860047221,0.0,1.0,3654.5074044477374,0.0,"{""cloud"": 1.0}"
deadline,deadline_s,1800.0,3,cacgr,758,50.85921396720256,51.44421549874357,78.64073283726057,0.12269129287598944,1.0,324.67153260456575,0.0,"{""seabed"": 0.8945, ""auv"": 0.0712, ""sat"": 0.0343}"
deadline,deadline_s,1800.0,4,cloud,790,622.203682889514,620.2105514490611,768.2859051703614,0.0,1.0,9.600000000003964,0.0,"{""cloud"": 1.0}"
deadline,deadline_s,1800.0,4,sensor,790,50.2464863144051,49.52221985419455,79.50667766401736,0.12784810126582277,1.0,268.77215189872175,0.0,"{""seabed"": 1.0}"
deadline,deadline_s,1800.0,4,surface,790,280.9075177822951,291.3618850966442,370.03668903073105,0.0,1.0,3539.194473779348,0.0,"{""buoy"": 1.0}"
deadline,deadline_s,1800.0,4,statopt,790,196.07216619351973,200.26027732293974,267.9431294798226,0.0,1.0,3491.445555732332,0.0,"{""cloud"": 0.8848, ""seabed"": 0.1152}"
deadline,deadline_s,1800.0,4,cacgr,790,49.29648255185467,48.89254567690793,77.72868823596488,0.13924050632911392,1.0,329.5139561663524,0.0,"{""seabed"": 0.9266, ""auv"": 0.0481, ""sat"": 0.0253}"
deadline,deadline_s,1800.0,5,cloud,763,610.6704987251568,626.862786218375,703.4659513391309,0.0,1.0,9.600000000006274,0.0,"{""cloud"": 1.0}"
deadline,deadline_s,1800.0,5,sensor,763,52.923441598285756,52.43244369196643,80.14742503072179,0.09436435124508519,1.0,287.89215502712926,0.0,"{""seabed"": 1.0}"
deadline,deadline_s,1800.0,5,surface,763,276.7019721856612,268.036991053751,423.6304952458878,0.0,1.0,3705.556673282119,0.0,"{""buoy"": 1.0}"
deadline,deadline_s,1800.0,5,statopt,763,99.16169776741744,100.28747613412415,143.18279945531296,0.003931847968545216,1.0,3500.897351057813,0.0,"{""cloud"": 0.8506, ""seabed"": 0.1494}"
deadline,deadline_s,1800.0,5,cacgr,763,52.04722189101797,51.66800955829737,78.83728355045999,0.10484927916120576,1.0,313.1393282156713,0.0,"{""seabed"": 0.9122, ""auv"": 0.0708, ""sat"": 0.0157, ""uav"": 0.0013}"
deadline,deadline_s,1800.0,6,cloud,729,586.2409115788183,598.4305083485327,745.9114120506196,0.0,1.0,9.600000000008261,0.0,"{""cloud"": 1.0}"
deadline,deadline_s,1800.0,6,sensor,729,50.44120802065902,49.68787147846936,79.13360659515132,0.12208504801097393,1.0,266.7658240250655,0.0,"{""seabed"": 1.0}"
deadline,deadline_s,1800.0,6,surface,729,270.797666753329,274.4962676318634,395.5488808559981,0.0,1.0,3780.267679404232,0.0,"{""buoy"": 1.0}"
deadline,deadline_s,1800.0,6,statopt,729,164.6252053173202,156.284577731753,259.45850510438856,0.0,1.0,3783.2462322554925,0.0,"{""cloud"": 0.8985, ""seabed"": 0.1015}"
deadline,deadline_s,1800.0,6,cacgr,729,49.41666079299757,48.64602857720286,78.1321085542875,0.13580246913580246,1.0,317.88397099743577,0.0,"{""seabed"": 0.8944, ""auv"": 0.0796, ""sat"": 0.0247, ""uav"": 0.0014}"
deadline,deadline_s,1800.0,7,cloud,757,621.7230418293867,650.8915001016678,729.7745355350216,0.0,1.0,9.600000000007762,0.0,"{""cloud"": 1.0}"
deadline,deadline_s,1800.0,7,sensor,757,52.15632249115866,51.86782800198077,80.52702908055696,0.08190224570673713,1.0,266.49330062274504,0.0,"{""seabed"": 1.0}"
deadline,deadline_s,1800.0,7,surface,757,267.81367280991407,268.1372787776726,374.4733152902117,0.0,1.0,3580.1304789582528,0.0,"{""buoy"": 1.0}"
deadline,deadline_s,1800.0,7,statopt,757,178.9074811985631,186.50939219772263,231.55280708663733,0.0,1.0,3532.182149990523,0.0,"{""cloud"": 0.86, ""seabed"": 0.14}"
deadline,deadline_s,1800.0,7,cacgr,757,51.1439689294999,50.664495717909695,80.40473071993924,0.09379128137384413,1.0,318.9862630684903,0.0,"{""seabed"": 0.9234, ""auv"": 0.0542, ""sat"": 0.0225}"
deadline,deadline_s,1800.0,8,cloud,772,537.6285059512867,536.5887135012184,760.943050713984,0.0,1.0,9.600000000006183,0.0,"{""cloud"": 1.0}"
deadline,deadline_s,1800.0,8,sensor,772,49.873757327398984,48.51391018355001,81.97312761838215,0.133419689119171,1.0,279.7202072538606,0.0,"{""seabed"": 1.0}"
deadline,deadline_s,1800.0,8,surface,772,309.86018170020213,301.6500741672371,436.4059672297121,0.0,1.0,3625.359928941482,0.0,"{""buoy"": 1.0}"
deadline,deadline_s,1800.0,8,statopt,772,72.67240878152573,71.46560178690387,116.73903190269746,0.029792746113989636,1.0,3306.960284233854,0.0,"{""cloud"": 0.8705, ""seabed"": 0.1295}"
deadline,deadline_s,1800.0,8,cacgr,772,47.82679739899043,46.3250134504697,78.69199565279759,0.16062176165803108,1.0,361.2067387120411,0.0,"{""seabed"": 0.8873, ""auv"": 0.0738, ""sat"": 0.0389}"
deadline,deadline_s,1800.0,9,cloud,819,690.6218506919237,711.2067745893856,809.5478260985305,0.0,1.0,9.600000000006688,0.0,"{""cloud"": 1.0}"
deadline,deadline_s,1800.0,9,sensor,819,51.183681865249746,50.52515312772072,79.78611056469816,0.11355311355311355,1.0,269.5911390196926,0.0,"{""seabed"": 1.0}"
deadline,deadline_s,1800.0,9,surface,819,311.02110057698263,322.4339110142925,430.40697247554914,0.0,1.0,3504.621583115251,0.0,"{""buoy"": 1.0}"
deadline,deadline_s,1800.0,9,statopt,819,55.95846755872854,55.85454746983523,84.79599206739236,0.06715506715506715,1.0,2634.4786324785982,0.0,"{""cloud"": 0.7497, ""seabed"": 0.2503}"
deadline,deadline_s,1800.0,9,cacgr,819,49.44783525609828,49.255348553813384,78.20586184164706,0.13797313797313798,1.0,339.66113378683036,0.0,"{""seabed"": 0.8926, ""auv"": 0.0733, ""sat"": 0.0342}"
deadline,deadline_s,1800.0,10,cloud,786,626.2295017793682,641.6365271622958,754.4856620250342,0.0,1.0,9.600000000004725,0.0,"{""cloud"": 1.0}"
deadline,deadline_s,1800.0,10,sensor,786,50.51947972139986,49.534332010399524,77.17745925305917,0.10178117048346055,1.0,279.1537622682638,0.0,"{""seabed"": 1.0}"
deadline,deadline_s,1800.0,10,surface,786,304.3572264101746,320.19236661970905,420.4500702797654,0.002544529262086514,1.0,3604.4651748454826,0.0,"{""buoy"": 1.0}"
deadline,deadline_s,1800.0,10,statopt,786,50.47298065127073,49.5215640411494,77.17745858639252,0.10814249363867684,1.0,1886.6964740094372,0.0,"{""cloud"": 0.6132, ""seabed"": 0.3868}"
deadline,deadline_s,1800.0,10,cacgr,786,49.274717024646904,48.60181303472224,75.5476677794731,0.11704834605597965,1.0,328.418739367499,0.0,"{""seabed"": 0.8995, ""auv"": 0.0738, ""sat"": 0.0254, ""uav"": 0.0013}"
deadline,deadline_s,1800.0,11,cloud,770,641.5272688519166,644.1019843640593,725.9467114909481,0.0,1.0,9.600000000005995,0.0,"{""cloud"": 1.0}"
deadline,deadline_s,1800.0,11,sensor,770,53.334039357658085,53.539879681957956,80.93240644937448,0.09480519480519481,1.0,295.6456400742069,0.0,"{""seabed"": 1.0}"
deadline,deadline_s,1800.0,11,surface,770,325.95764210457526,326.96447569855843,439.0539045281654,0.0,1.0,3601.4239525046087,0.0,"{""buoy"": 1.0}"
deadline,deadline_s,1800.0,11,statopt,770,101.11997303344785,99.5723146244986,170.45889046169833,0.006493506493506494,1.0,3308.456413209621,0.0,"{""cloud"": 0.7442, ""seabed"": 0.2558}"
deadline,deadline_s,1800.0,11,cacgr,770,52.07275288427059,52.48040237168485,79.06928338285681,0.10779220779220779,1.0,348.4299666048185,0.0,"{""seabed"": 0.9234, ""auv"": 0.0519, ""sat"": 0.0247}"
deadline,deadline_s,1800.0,12,cloud,792,685.0739190344472,694.7728048952807,800.0142496042556,0.0,1.0,9.600000000006,0.0,"{""cloud"": 1.0}"
deadline,deadline_s,1800.0,12,sensor,792,51.40780845580876,50.249017595510786,82.46912516377546,0.11994949494949494,1.0,259.1338383838163,0.0,"{""seabed"": 1.0}"
deadline,deadline_s,1800.0,12,surface,792,270.355262050449,288.53894257444693,375.5977350696029,0.003787878787878788,1.0,3533.8066378065864,0.0,"{""buoy"": 1.0}"
deadline,deadline_s,1800.0,12,statopt,792,94.88279895471534,89.55849440015056,160.5037704418461,0.021464646464646464,1.0,3224.945177489133,0.0,"{""cloud"": 0.8801, ""seabed"": 0.1199}"
deadline,deadline_s,1800.0,12,cacgr,792,49.877748455806504,48.934639629369485,81.08461666376459,0.1414141414141414,1.0,331.9799047618834,0.0,"{""seabed"": 0.8902, ""auv"": 0.0745, ""sat"": 0.0341, ""uav"": 0.0013}"
deadline,deadline_s,1800.0,13,cloud,769,595.5086124036962,613.6455513501753,683.8955795271987,0.0,1.0,9.600000000004503,0.0,"{""cloud"": 1.0}"
deadline,deadline_s,1800.0,13,sensor,769,51.60384703221499,50.56431368494256,79.96405712320008,0.0988296488946684,1.0,246.53836150841536,0.0,"{""seabed"": 1.0}"
deadline,deadline_s,1800.0,13,surface,769,110.26217601513854,102.27719498498242,187.25181599132935,0.007802340702210663,1.0,3509.344407207817,0.0,"{""buoy"": 1.0}"
deadline,deadline_s,1800.0,13,statopt,769,109.51327209600979,101.41114542210295,186.83828054128068,0.009102730819245773,1.0,3509.344407207817,0.0,"{""cloud"": 1.0}"
deadline,deadline_s,1800.0,13,cacgr,769,50.12620149587738,49.27770962579852,77.58844700278148,0.11963589076723016,1.0,324.0143444175745,0.0,"{""seabed"": 0.8908, ""auv"": 0.0741, ""sat"": 0.0351}"
deadline,deadline_s,1800.0,14,cloud,750,595.9308872645263,617.5912708750116,736.7901141030967,0.0,1.0,9.600000000005632,0.0,"{""cloud"": 1.0}"
deadline,deadline_s,1800.0,14,sensor,750,52.96512689527155,51.75200861320603,83.18845825525203,0.07333333333333333,1.0,259.8095238095044,0.0,"{""seabed"": 1.0}"
deadline,deadline_s,1800.0,14,surface,750,253.32801355522258,263.9876129802934,352.3686805021533,0.0,1.0,3640.1756220951925,0.0,"{""buoy"": 1.0}"
deadline,deadline_s,1800.0,14,statopt,750,76.31305542412548,72.75569723883152,119.54349818945573,0.014666666666666666,1.0,3311.2571428571023,0.0,"{""cloud"": 0.8813, ""seabed"": 0.1187}"
deadline,deadline_s,1800.0,14,cacgr,750,51.913108508540525,51.21710291349057,82.12645173954249,0.088,1.0,302.4536594285527,0.0,"{""seabed"": 0.9133, ""auv"": 0.0653, ""sat"": 0.0213}"
deadline,deadline_s,1800.0,15,cloud,770,567.9445978672295,607.2544111405225,702.1696947739157,0.0,1.0,9.600000000004483,0.0,"{""cloud"": 1.0}"
deadline,deadline_s,1800.0,15,sensor,770,52.35004132006013,51.35610989457667,80.9462203557601,0.08961038961038961,1.0,254.96846011128886,0.0,"{""seabed"": 1.0}"
deadline,deadline_s,1800.0,15,surface,770,199.0149475121976,207.06515763446575,276.8266123017941,0.0,1.0,3560.4909298700773,0.0,"{""buoy"": 1.0}"
deadline,deadline_s,1800.0,15,statopt,770,196.5912348498052,205.58137590111576,274.3366141590179,0.0,1.0,3560.4909298700773,0.0,"{""cloud"": 1.0}"
deadline,deadline_s,1800.0,15,cacgr,770,50.981413593668194,50.28375345109859,78.82812898536592,0.10519480519480519,1.0,318.68840964746687,0.0,"{""seabed"": 0.8987, ""auv"": 0.0727, ""sat"": 0.0273, ""uav"": 0.0013}"
deadline,deadline_s,1800.0,16,cloud,748,596.7902599629119,607.8398373252586,745.0934620957029,0.0,1.0,9.600000000006327,0.0,"{""cloud"": 1.0}"
deadline,deadline_s,1800.0,16,sensor,748,51.91596160718687,52.16315822115224,78.2664645420846,0.09358288770053476,1.0,247.64553093960936,0.0,"{""seabed"": 1.0}"
deadline,deadline_s,1800.0,16,surface,748,104.91508485688396,106.57278956716806,154.86133664054623,0.0066844919786096255,1.0,3638.365689839508,0.0,"{""buoy"": 1.0}"
deadline,deadline_s,1800.0,16,statopt,748,104.40447625398454,106.12064050688451,153.74058366546475,0.009358288770053475,1.0,3638.365689839508,0.0,"{""cloud"": 1.0}"
deadline,deadline_s,1800.0,16,cacgr,748,50.50137720188778,51.00651022752827,76.66075252233026,0.11096256684491979,1.0,326.5706921313592,0.0,"{""seabed"": 0.9144, ""auv"": 0.0508, ""sat"": 0.0348}"
deadline,deadline_s,1800.0,17,cloud,733,594.9463837246224,606.1395751182533,707.0631413078255,0.0,1.0,9.60000000000642,0.0,"{""cloud"": 1.0}"
deadline,deadline_s,1800.0,17,sensor,733,52.35524527054384,51.87778232498531,81.48815137075871,0.10368349249658936,1.0,299.93412590140053,0.0,"{""seabed"": 1.0}"
deadline,deadline_s,1800.0,17,surface,733,328.1333700550944,323.3320249492589,461.5737236777194,0.0,1.0,3974.1134125901185,0.0,"{""buoy"": 1.0}"
deadline,deadline_s,1800.0,17,statopt,733,54.972121837191416,54.34992424003455,84.76362576863572,0.08321964529331514,1.0,2286.311050477494,0.0,"{""seabed"": 0.5007, ""cloud"": 0.4993}"
deadline,deadline_s,1800.0,17,cacgr,733,51.243026919377186,50.66031339848123,80.45373423378123,0.11869031377899045,1.0,340.24486454883424,0.0,"{""seabed"": 0.9086, ""auv"": 0.0682, ""sat"": 0.0232}"
deadline,deadline_s,1800.0,18,cloud,782,574.3370664465377,593.6312950446663,675.1598806497694,0.0,1.0,9.600000000006132,0.0,"{""cloud"": 1.0}"
deadline,deadline_s,1800.0,18,sensor,782,50.64684738462339,50.34495632022793,75.27806144689369,0.11253196930946291,1.0,242.23565948114083,0.0,"{""seabed"": 1.0}"
deadline,deadline_s,1800.0,18,surface,782,79.89647094888257,75.35464394783824,135.31697795991866,0.02557544757033248,1.0,3184.3198421628886,0.0,"{""buoy"": 1.0}"
deadline,deadline_s,1800.0,18,statopt,782,79.02537834441245,74.44017252259188,134.70354493507946,0.029411764705882353,1.0,3184.3198421628886,0.0,"{""cloud"": 1.0}"
deadline,deadline_s,1800.0,18,cacgr,782,48.92742246368684,49.01011362577385,73.58769534645904,0.13554987212276215,1.0,329.03159663861396,0.0,"{""seabed"": 0.9041, ""auv"": 0.0575, ""sat"": 0.0384}"
deadline,deadline_s,1800.0,19,cloud,753,639.7206001607798,648.0099287221999,732.0392709828985,0.0,1.0,9.600000000007444,0.0,"{""cloud"": 1.0}"
deadline,deadline_s,1800.0,19,sensor,753,55.539797725731816,54.745358432519424,83.28081860602717,0.0650730411686587,1.0,309.3800037943556,0.0,"{""seabed"": 1.0}"
deadline,deadline_s,1800.0,19,surface,753,357.529779611453,358.7971831604756,495.3104347222527,0.0,1.0,3633.394531587915,0.0,"{""buoy"": 1.0}"
deadline,deadline_s,1800.0,19,statopt,753,56.41296118461908,55.884045992641404,84.66700350660102,0.06374501992031872,1.0,2034.8210965661146,0.0,"{""cloud"": 0.5153, ""seabed"": 0.4847}"
deadline,deadline_s,1800.0,19,cacgr,753,54.51555701620496,53.874498535459615,82.84254837624707,0.07569721115537849,1.0,337.5556759628226,0.0,"{""seabed"": 0.8991, ""auv"": 0.081, ""sat"": 0.0199}"
deadline,deadline_s,1800.0,20,cloud,812,652.1720837228291,648.4713712034114,760.9582147968467,0.0,1.0,9.600000000007316,0.0,"{""cloud"": 1.0}"
deadline,deadline_s,1800.0,20,sensor,812,50.92402910966457,50.69760268738755,81.30876522913759,0.10960591133004927,1.0,294.8483462350384,0.0,"{""seabed"": 1.0}"
deadline,deadline_s,1800.0,20,surface,812,360.78558344310375,365.0849944187352,499.200090956351,0.0,1.0,3425.834482758592,0.0,"{""buoy"": 1.0}"
deadline,deadline_s,1800.0,20,statopt,812,108.12585902093555,110.29714054183545,152.2564781738689,0.003694581280788177,1.0,3261.2193505981436,0.0,"{""cloud"": 0.7463, ""seabed"": 0.2537}"
deadline,deadline_s,1800.0,20,cacgr,812,49.92817688513823,49.509261279104386,78.67895023769407,0.11699507389162561,1.0,337.0582266009785,0.0,"{""seabed"": 0.9224, ""auv"": 0.0554, ""sat"": 0.0222}"
deadline,deadline_s,1800.0,21,cloud,770,628.9125168953838,637.0247058713883,753.6371393659109,0.0,1.0,9.600000000005952,0.0,"{""cloud"": 1.0}"
deadline,deadline_s,1800.0,21,sensor,770,51.38364027239665,51.26582176924627,80.50522418944182,0.12207792207792208,1.0,279.1799628942457,0.0,"{""seabed"": 1.0}"
deadline,deadline_s,1800.0,21,surface,770,309.4687255805918,314.24053771154587,411.5865963127987,0.0,1.0,3731.265656400709,0.0,"{""buoy"": 1.0}"
deadline,deadline_s,1800.0,21,statopt,770,77.25908270200213,73.2866595692154,128.75391747790155,0.024675324675324677,1.0,3196.0259802597157,0.0,"{""cloud"": 0.7312, ""seabed"": 0.2688}"
deadline,deadline_s,1800.0,21,cacgr,770,50.153845223982664,49.98786567131935,79.86205777027325,0.13766233766233765,1.0,322.41953246752865,0.0,"{""seabed"": 0.8974, ""auv"": 0.0779, ""sat"": 0.0247}"
deadline,deadline_s,1800.0,22,cloud,813,630.6808256678379,659.0450334440181,820.7220076060402,0.0,1.0,9.60000000000813,0.0,"{""cloud"": 1.0}"
deadline,deadline_s,1800.0,22,sensor,813,53.05244395312419,53.48964990884197,80.30144733735514,0.08733087330873308,1.0,287.26620980494175,0.0,"{""seabed"": 1.0}"
deadline,deadline_s,1800.0,22,surface,813,346.49560687665326,352.9762799009923,476.00164287982614,0.0,1.0,3555.1181950447713,0.0,"{""buoy"": 1.0}"
deadline,deadline_s,1800.0,22,statopt,813,75.37401233399933,70.74203677423648,130.39761647891243,0.041820418204182044,1.0,2983.2696144789697,0.0,"{""cloud"": 0.7651, ""seabed"": 0.2349}"
deadline,deadline_s,1800.0,22,cacgr,813,51.73376542607899,52.07010244107077,79.26724409241959,0.10947109471094711,1.0,343.2985584255699,0.0,"{""seabed"": 0.8868, ""auv"": 0.0824, ""sat"": 0.0308}"
deadline,deadline_s,1800.0,23,cloud,784,675.9925234789845,678.1600676222373,822.4531108415771,0.0,1.0,9.600000000007626,0.0,"{""cloud"": 1.0}"
deadline,deadline_s,1800.0,23,sensor,784,52.41718512998357,51.59576277622455,83.67700762054504,0.12244897959183673,1.0,273.92966472302436,0.0,"{""seabed"": 1.0}"
deadline,deadline_s,1800.0,23,surface,784,313.28260915361534,318.90430856531054,434.68232008328886,0.0,1.0,3569.9013177842194,0.0,"{""buoy"": 1.0}"
deadline,deadline_s,1800.0,23,statopt,784,64.97045496066845,63.10188631030657,114.21142216223483,0.0663265306122449,1.0,2914.2448979591563,0.0,"{""cloud"": 0.7436, ""seabed"": 0.2564}"
deadline,deadline_s,1800.0,23,cacgr,784,50.91436428358646,50.27921974849421,82.96969323263531,0.14285714285714285,1.0,334.2399387755028,0.0,"{""seabed"": 0.8814, ""auv"": 0.0867, ""sat"": 0.0306, ""uav"": 0.0013}"
deadline,deadline_s,1800.0,24,cloud,813,607.5859423835824,617.9947819744183,723.7825288873913,0.0,1.0,9.600000000007594,0.0,"{""cloud"": 1.0}"
deadline,deadline_s,1800.0,24,sensor,813,52.680623741398975,53.362156286449924,81.68553740047099,0.1057810578105781,1.0,242.28290282898672,0.0,"{""seabed"": 1.0}"
deadline,deadline_s,1800.0,24,surface,813,98.78019015756686,103.26556486329355,147.28046285386554,0.017220172201722016,1.0,3189.492796345044,0.0,"{""buoy"": 1.0}"
deadline,deadline_s,1800.0,24,statopt,813,97.84466877691803,102.09132583057047,146.7718137949872,0.020910209102091022,1.0,3189.492796345044,0.0,"{""cloud"": 1.0}"
deadline,deadline_s,1800.0,24,cacgr,813,51.10592151004934,52.1999138597593,79.92778571565943,0.12423124231242312,1.0,300.4580425232421,0.0,"{""seabed"": 0.8905, ""auv"": 0.08, ""sat"": 0.0295}"
deadline,deadline_s,1800.0,25,cloud,675,640.4481804394543,646.5677681359007,775.037018536088,0.0,1.0,9.60000000000538,0.0,"{""cloud"": 1.0}"
deadline,deadline_s,1800.0,25,sensor,675,52.36014735519552,52.12385851511353,79.10050668905254,0.09037037037037036,1.0,273.16402116401025,0.0,"{""seabed"": 1.0}"
deadline,deadline_s,1800.0,25,surface,675,294.7702861363408,305.53001623824406,413.3212452567339,0.0,1.0,4302.61329608461,0.0,"{""buoy"": 1.0}"
deadline,deadline_s,1800.0,25,statopt,675,185.87336168404786,199.14176406201514,280.22421039465405,0.005925925925925926,1.0,4094.7956412274666,0.0,"{""cloud"": 0.8726, ""seabed"": 0.1274}"
deadline,deadline_s,1800.0,25,cacgr,675,51.36454558983882,51.168099651451726,77.91673769358246,0.1037037037037037,1.0,319.1936033862314,0.0,"{""seabed"": 0.9022, ""auv"": 0.077, ""sat"": 0.0207}"
deadline,deadline_s,1800.0,26,cloud,842,530.7601984930717,543.3811402292612,724.0084821775785,0.0,1.0,9.60000000000948,0.0,"{""cloud"": 1.0}"
deadline,deadline_s,1800.0,26,sensor,842,52.14725080979138,52.31273383879034,78.88544806974728,0.09619952494061758,1.0,288.91041737358177,0.0,"{""seabed"": 1.0}"
deadline,deadline_s,1800.0,26,surface,842,338.7174416657728,341.07021481851615,470.48983157980496,0.0,1.0,3307.237499830302,0.0,"{""buoy"": 1.0}"
deadline,deadline_s,1800.0,26,statopt,842,238.0465279669343,253.6793295764354,339.44443184132405,0.0,1.0,3328.9259860196394,0.0,"{""cloud"": 0.8705, ""seabed"": 0.1295}"
deadline,deadline_s,1800.0,26,cacgr,842,51.11030091763236,51.07080817122151,77.6701439754906,0.11045130641330166,1.0,332.8825978961474,0.0,"{""seabed"": 0.899, ""auv"": 0.076, ""sat"": 0.0249}"
deadline,deadline_s,1800.0,27,cloud,753,582.541377000007,609.6532651890469,748.2237811288308,0.0,1.0,9.600000000009588,0.0,"{""cloud"": 1.0}"
deadline,deadline_s,1800.0,27,sensor,753,50.62400139094973,49.18074466802791,82.0767720153577,0.1102257636122178,1.0,280.82754695503576,0.0,"{""seabed"": 1.0}"
deadline,deadline_s,1800.0,27,surface,753,322.6687870764544,322.6685459154777,451.95366882378164,0.0,1.0,3625.746173401602,0.0,"{""buoy"": 1.0}"
deadline,deadline_s,1800.0,27,statopt,753,152.0296104855166,157.78366395369375,209.1284525608331,0.0,1.0,3604.620680705723,0.0,"{""cloud"": 0.7596, ""seabed"": 0.2404}"
deadline,deadline_s,1800.0,27,cacgr,753,49.95421747828834,48.7120254487716,81.3635981709987,0.12084993359893759,1.0,318.8678064883311,0.0,"{""seabed"": 0.9283, ""auv"": 0.0544, ""sat"": 0.0173}"
deadline,deadline_s,1800.0,28,cloud,756,601.0065464355241,629.1895887636646,748.616981215988,0.0,1.0,9.600000000006665,0.0,"{""cloud"": 1.0}"
deadline,deadline_s,1800.0,28,sensor,756,53.09161642320658,51.96197048274301,86.16654166618888,0.10185185185185185,1.0,267.5234315948462,0.0,"{""seabed"": 1.0}"
deadline,deadline_s,1800.0,28,surface,756,265.0668308434445,265.37699885351816,391.7964176998873,0.0,1.0,3713.362854119387,0.0,"{""buoy"": 1.0}"
deadline,deadline_s,1800.0,28,statopt,756,55.65595889819566,53.870448218409095,90.03760694483114,0.08333333333333333,1.0,2619.08238851093,0.0,"{""cloud"": 0.7632, ""seabed"": 0.2368}"
deadline,deadline_s,1800.0,28,cacgr,756,51.73605425452883,50.790319067756705,84.761013947767,0.12169312169312169,1.0,317.414013605427,0.0,"{""seabed"": 0.9153, ""auv"": 0.0595, ""sat"": 0.0251}"
deadline,deadline_s,1800.0,29,cloud,782,636.6560718349533,648.1535313000313,730.6115446463413,0.0,1.0,9.6000000000075,0.0,"{""cloud"": 1.0}"
deadline,deadline_s,1800.0,29,sensor,782,49.286405185514305,47.68452843165566,78.35024798924941,0.11764705882352941,1.0,292.19912312752354,0.0,"{""seabed"": 1.0}"
deadline,deadline_s,1800.0,29,surface,782,326.07220960931346,323.17302330035807,452.91834029610015,0.0,1.0,3524.2832356594595,0.0,"{""buoy"": 1.0}"
deadline,deadline_s,1800.0,29,statopt,782,68.07058838795392,66.93329183080532,110.53069298711594,0.03580562659846547,1.0,3050.154914139564,0.0,"{""cloud"": 0.624, ""seabed"": 0.376}"
deadline,deadline_s,1800.0,29,cacgr,782,48.63075354368468,47.10030276362413,78.17491754522206,0.12915601023017903,1.0,306.3970303251826,0.0,"{""seabed"": 0.9066, ""auv"": 0.0806, ""sat"": 0.0128}"
deadline,deadline_s,3600.0,0,cloud,764,629.336691983321,643.4511212429838,775.3538275438713,0.0,1.0,9.60000000000571,0.0,"{""cloud"": 1.0}"
deadline,deadline_s,3600.0,0,sensor,764,53.63382930175517,53.72025850305696,79.77030372892709,0.6282722513089005,1.0,285.11518324607835,0.0,"{""seabed"": 1.0}"
deadline,deadline_s,3600.0,0,surface,764,307.08009191484,314.00889750225457,422.8795871241856,0.007853403141361256,1.0,3629.669564697053,0.0,"{""buoy"": 1.0}"
deadline,deadline_s,3600.0,0,statopt,764,58.25570630889461,58.370806876287475,91.43948658839882,0.5353403141361257,1.0,2675.448017950626,0.0,"{""cloud"": 0.6414, ""seabed"": 0.3586}"
deadline,deadline_s,3600.0,0,cacgr,764,52.24261038447811,52.73961451927832,78.81289326805603,0.6544502617801047,1.0,346.4244038893083,0.0,"{""seabed"": 0.9084, ""auv"": 0.0641, ""sat"": 0.0275}"
deadline,deadline_s,3600.0,1,cloud,727,527.4115101520973,530.117495998639,713.5356985108822,0.0,1.0,9.600000000007828,0.0,"{""cloud"": 1.0}"
deadline,deadline_s,3600.0,1,sensor,727,50.16068107115189,49.176568081276976,78.97720976126041,0.7303988995873453,1.0,273.91982707800565,0.0,"{""seabed"": 1.0}"
deadline,deadline_s,3600.0,1,surface,727,254.80936735177207,258.5882292604302,377.95698375531424,0.011004126547455296,1.0,3857.4863147965875,0.0,"{""buoy"": 1.0}"
deadline,deadline_s,3600.0,1,statopt,727,59.09676317528139,57.960736518458965,91.51567216509511,0.53232462173315,1.0,2896.243011986616,0.0,"{""cloud"": 0.7428, ""seabed"": 0.2572}"
deadline,deadline_s,3600.0,1,cacgr,727,49.013070942304,48.199170673992924,77.160516354314,0.7524071526822559,1.0,332.41442798191594,0.0,"{""seabed"": 0.9065, ""auv"": 0.066, ""sat"": 0.0275}"
deadline,deadline_s,3600.0,2,cloud,757,667.9238359253239,660.1702646916723,807.9665756745648,0.0,1.0,9.600000000003769,0.0,"{""cloud"": 1.0}"
deadline,deadline_s,3600.0,2,sensor,757,52.04819041156683,51.82185200432317,80.92351211419047,0.678996036988111,1.0,281.4961313455384,0.0,"{""seabed"": 1.0}"
deadline,deadline_s,3600.0,2,surface,757,331.8205237352244,338.9837840109175,441.15628997571974,0.0,1.0,3689.6226306850044,0.0,"{""buoy"": 1.0}"
deadline,deadline_s,3600.0,2,statopt,757,53.03401425898621,52.77832014336563,82.00036519672014,0.6618229854689565,1.0,2290.5827514625294,0.0,"{""cloud"": 0.6328, ""seabed"": 0.3672}"
deadline,deadline_s,3600.0,2,cacgr,757,50.8855092945331,50.73136629775448,79.7049806044443,0.7014531043593131,1.0,338.34992866578625,0.0,"{""seabed"": 0.9155, ""auv"": 0.0581, ""sat"": 0.0251, ""uav"": 0.0013}"
deadline,deadline_s,3600.0,3,cloud,758,562.2790360217656,599.9538018876563,693.9464154424596,0.0,1.0,9.600000000007029,0.0,"{""cloud"": 1.0}"
deadline,deadline_s,3600.0,3,sensor,758,52.386689531261645,52.58714533517876,79.5697592666785,0.6701846965699209,1.0,252.320392009013,0.0,"{""seabed"": 1.0}"
deadline,deadline_s,3600.0,3,surface,758,190.0584604916073,186.35592895758737,288.05535497874394,0.021108179419525065,1.0,3654.5074044477374,0.0,"{""buoy"": 1.0}"
deadline,deadline_s,3600.0,3,statopt,758,189.2382483312349,186.14881982284177,287.0869860047221,0.021108179419525065,1.0,3654.5074044477374,0.0,"{""cloud"": 1.0}"
deadline,deadline_s,3600.0,3,cacgr,758,50.96146732434774,51.44421549874357,78.64073283726057,0.6992084432717678,1.0,313.9860233697373,0.0,"{""seabed"": 0.8971, ""auv"": 0.0726, ""sat"": 0.0303}"
deadline,deadline_s,3600.0,4,cloud,790,622.203682889514,620.2105514490611,768.2859051703614,0.0,1.0,9.600000000003964,0.0,"{""cloud"": 1.0}"
deadline,deadline_s,3600.0,4,sensor,790,50.2464863144051,49.52221985419455,79.50667766401736,0.7151898734177216,1.0,268.77215189872175,0.0,"{""seabed"": 1.0}"
deadline,deadline_s,3600.0,4,surface,790,280.9075177822951,291.3618850966442,370.03668903073105,0.006329113924050633,1.0,3539.194473779348,0.0,"{""buoy"": 1.0}"
deadline,deadline_s,3600.0,4,statopt,790,196.07216619351973,200.26027732293974,267.9431294798226,0.013924050632911392,1.0,3491.445555732332,0.0,"{""cloud"": 0.8848, ""seabed"": 0.1152}"
deadline,deadline_s,3600.0,4,cacgr,790,49.42881382074979,48.89254567690793,77.72868823596488,0.7354430379746836,1.0,319.21606972873934,0.0,"{""seabed"": 0.9291, ""auv"": 0.0494, ""sat"": 0.0215}"
deadline,deadline_s,3600.0,5,cloud,763,610.6704987251568,626.862786218375,703.4659513391309,0.0,1.0,9.600000000006274,0.0,"{""cloud"": 1.0}"
deadline,deadline_s,3600.0,5,sensor,763,52.923441598285756,52.43244369196643,80.14742503072179,0.6684141546526867,1.0,287.89215502712926,0.0,"{""seabed"": 1.0}"
deadline,deadline_s,3600.0,5,surface,763,276.7019721856612,268.036991053751,423.6304952458878,0.009174311926605505,1.0,3705.556673282119,0.0,"{""buoy"": 1.0}"
deadline,deadline_s,3600.0,5,statopt,763,99.16169776741744,100.28747613412415,143.18279945531296,0.07863695937090433,1.0,3500.897351057813,0.0,"{""cloud"": 0.8506, ""seabed"": 0.1494}"
deadline,deadline_s,3600.0,5,cacgr,763,52.08371351040879,51.66800955829737,78.83728355045999,0.6867627785058977,1.0,312.83090058039716,0.0,"{""seabed"": 0.9109, ""auv"": 0.0721, ""sat"": 0.0157, ""uav"": 0.0013}"
deadline,deadline_s,3600.0,6,cloud,729,586.2409115788183,598.4305083485327,745.9114120506196,0.0,1.0,9.600000000008261,0.0,"{""cloud"": 1.0}"
deadline,deadline_s,3600.0,6,sensor,729,50.44120802065902,49.68787147846936,79.13360659515132,0.7174211248285323,1.0,266.7658240250655,0.0,"{""seabed"": 1.0}"
deadline,deadline_s,3600.0,6,surface,729,270.797666753329,274.4962676318634,395.5488808559981,0.009602194787379973,1.0,3780.267679404232,0.0,"{""buoy"": 1.0}"
deadline,deadline_s,3600.0,6,statopt,729,164.6252053173202,156.284577731753,259.45850510438856,0.009602194787379973,1.0,3783.2462322554925,0.0,"{""cloud"": 0.8985, ""seabed"": 0.1015}"
deadline,deadline_s,3600.0,6,cacgr,729,49.45987427989068,48.64602857720286,78.1321085542875,0.7352537722908093,1.0,310.32031981185867,0.0,"{""seabed"": 0.8957, ""auv"": 0.0809, ""sat"": 0.0219, ""uav"": 0.0014}"
deadline,deadline_s,3600.0,7,cloud,757,621.7230418293867,650.8915001016678,729.7745355350216,0.0,1.0,9.600000000007762,0.0,"{""cloud"": 1.0}"
deadline,deadline_s,3600.0,7,sensor,757,52.15632249115866,51.86782800198077,80.52702908055696,0.6842800528401585,1.0,266.49330062274504,0.0,"{""seabed"": 1.0}"
deadline,deadline_s,3600.0,7,surface,757,267.81367280991407,268.1372787776726,374.4733152902117,0.013210039630118891,1.0,3580.1304789582528,0.0,"{""buoy"": 1.0}"
deadline,deadline_s,3600.0,7,statopt,757,178.9074811985631,186.50939219772263,231.55280708663733,0.023778071334214,1.0,3532.182149990523,0.0,"{""cloud"": 0.86, ""seabed"": 0.14}"
deadline,deadline_s,3600.0,7,cacgr,757,51.193678809495616,50.664495717909695,80.40473071993924,0.7040951122853368,1.0,312.06042800527086,0.0,"{""seabed"": 0.926, ""auv"": 0.0542, ""sat"": 0.0198}"
deadline,deadline_s,3600.0,8,cloud,772,537.6285059512867,536.5887135012184,760.943050713984,0.0,1.0,9.600000000006183,0.0,"{""cloud"": 1.0}"
deadline,deadline_s,3600.0,8,sensor,772,49.873757327398984,48.51391018355001,81.97312761838215,0.7176165803108808,1.0,279.7202072538606,0.0,"{""seabed"": 1.0}"
deadline,deadline_s,3600.0,8,surface,772,309.86018170020213,301.6500741672371,436.4059672297121,0.0051813471502590676,1.0,3625.359928941482,0.0,"{""buoy"": 1.0}"
deadline,deadline_s,3600.0,8,statopt,772,72.67240878152573,71.46560178690387,116.73903190269746,0.3380829015544041,1.0,3306.960284233854,0.0,"{""cloud"": 0.8705, ""seabed"": 0.1295}"
deadline,deadline_s,3600.0,8,cacgr,772,47.94039449698267,46.41572153998404,78.69199565279759,0.7525906735751295,1.0,351.0198401184068,0.0,"{""seabed"": 0.8912, ""auv"": 0.0738, ""sat"": 0.035}"
deadline,deadline_s,3600.0,9,cloud,819,690.6218506919237,711.2067745893856,809.5478260985305,0.0,1.0,9.600000000006688,0.0,"{""cloud"": 1.0}"
deadline,deadline_s,3600.0,9,sensor,819,51.183681865249746,50.52515312772072,79.78611056469816,0.684981684981685,1.0,269.5911390196926,0.0,"{""seabed"": 1.0}"
deadline,deadline_s,3600.0,9,surface,819,311.02110057698263,322.4339110142925,430.40697247554914,0.015873015873015872,1.0,3504.621583115251,0.0,"{""buoy"": 1.0}"
deadline,deadline_s,3600.0,9,statopt,819,55.95846755872854,55.85454746983523,84.79599206739236,0.5885225885225885,1.0,2634.4786324785982,0.0,"{""cloud"": 0.7497, ""seabed"": 0.2503}"
deadline,deadline_s,3600.0,9,cacgr,819,49.50314472009821,49.255348553813384,78.20586184164706,0.7191697191697192,1.0,336.173027734153,0.0,"{""seabed"": 0.8926, ""auv"": 0.0745, ""sat"": 0.033}"
deadline,deadline_s,3600.0,10,cloud,786,626.2295017793682,641.6365271622958,754.4856620250342,0.0,1.0,9.600000000004725,0.0,"{""cloud"": 1.0}"
deadline,deadline_s,3600.0,10,sensor,786,50.51947972139986,49.534332010399524,77.17745925305917,0.7175572519083969,1.0,279.1537622682638,0.0,"{""seabed"": 1.0}"
deadline,deadline_s,3600.0,10,surface,786,304.3572264101746,320.19236661970905,420.4500702797654,0.008905852417302799,1.0,3604.4651748454826,0.0,"{""buoy"": 1.0}"
deadline,deadline_s,3600.0,10,statopt,786,50.47298065127073,49.5215640411494,77.17745858639252,0.7162849872773537,1.0,1886.6964740094372,0.0,"{""cloud"": 0.6132, ""seabed"": 0.3868}"
deadline,deadline_s,3600.0,10,cacgr,786,49.343875295486676,48.60181303472224,75.5476677794731,0.7430025445292621,1.0,324.34846964739717,0.0,"{""seabed"": 0.8982, ""auv"": 0.0763, ""sat"": 0.0242, ""uav"": 0.0013}"
deadline,deadline_s,3600.0,11,cloud,770,641.5272688519166,644.1019843640593,725.9467114909481,0.0,1.0,9.600000000005995,0.0,"{""cloud"": 1.0}"
deadline,deadline_s,3600.0,11,sensor,770,53.334039357658085,53.539879681957956,80.93240644937448,0.6337662337662338,1.0,295.6456400742069,0.0,"{""seabed"": 1.0}"
deadline,deadline_s,3600.0,11,surface,770,325.95764210457526,326.96447569855843,439.0539045281654,0.0,1.0,3601.4239525046087,0.0,"{""buoy"": 1.0}"
deadline,deadline_s,3600.0,11,statopt,770,101.11997303344785,99.5723146244986,170.45889046169833,0.13246753246753246,1.0,3308.456413209621,0.0,"{""cloud"": 0.7442, ""seabed"": 0.2558}"
deadline,deadline_s,3600.0,11,cacgr,770,52.08136622925271,52.48040237168485,79.06928338285681,0.6610389610389611,1.0,345.0255139146516,0.0,"{""seabed"": 0.9247, ""auv"": 0.0519, ""sat"": 0.0234}"
deadline,deadline_s,3600.0,12,cloud,792,685.0739190344472,694.7728048952807,800.0142496042556,0.0,1.0,9.600000000006,0.0,"{""cloud"": 1.0}"
deadline,deadline_s,3600.0,12,sensor,792,51.40780845580876,50.249017595510786,82.46912516377546,0.6881313131313131,1.0,259.1338383838163,0.0,"{""seabed"": 1.0}"
deadline,deadline_s,3600.0,12,surface,792,270.355262050449,288.53894257444693,375.5977350696029,0.015151515151515152,1.0,3533.8066378065864,0.0,"{""buoy"": 1.0}"
deadline,deadline_s,3600.0,12,statopt,792,94.88279895471534,89.55849440015056,160.5037704418461,0.2159090909090909,1.0,3224.945177489133,0.0,"{""cloud"": 0.8801, ""seabed"": 0.1199}"
deadline,deadline_s,3600.0,12,cacgr,792,49.925048660106725,48.934639629369485,81.08461666376459,0.7133838383838383,1.0,325.0630014429802,0.0,"{""seabed"": 0.8914, ""auv"": 0.0758, ""sat"": 0.0316, ""uav"": 0.0013}"
deadline,deadline_s,3600.0,13,cloud,769,595.5086124036962,613.6455513501753,683.8955795271987,0.0,1.0,9.600000000004503,0.0,"{""cloud"": 1.0}"
deadline,deadline_s,3600.0,13,sensor,769,51.60384703221499,50.56431368494256,79.96405712320008,0.6983094928478544,1.0,246.53836150841536,0.0,"{""seabed"": 1.0}"
deadline,deadline_s,3600.0,13,surface,769,110.26217601513854,102.27719498498242,187.25181599132935,0.1222366710013004,1.0,3509.344407207817,0.0,"{""buoy"": 1.0}"
deadline,deadline_s,3600.0,13,statopt,769,109.51327209600979,101.41114542210295,186.83828054128068,0.12743823146944083,1.0,3509.344407207817,0.0,"{""cloud"": 1.0}"
deadline,deadline_s,3600.0,13,cacgr,769,50.12620149587738,49.27770962579852,77.58844700278148,0.7256176853055917,1.0,324.0143444175745,0.0,"{""seabed"": 0.8908, ""auv"": 0.0741, ""sat"": 0.0351}"
deadline,deadline_s,3600.0,14,cloud,750,595.9308872645263,617.5912708750116,736.7901141030967,0.0,1.0,9.600000000005632,0.0,"{""cloud"": 1.0}"
deadline,deadline_s,3600.0,14,sensor,750,52.96512689527155,51.75200861320603,83.18845825525203,0.66,1.0,259.8095238095044,0.0,"{""seabed"": 1.0}"
deadline,deadline_s,3600.0,14,surface,750,253.32801355522258,263.9876129802934,352.3686805021533,0.004,1.0,3640.1756220951925,0.0,"{""buoy"": 1.0}"
deadline,deadline_s,3600.0,14,statopt,750,76.31305542412548,72.75569723883152,119.54349818945573,0.276,1.0,3311.2571428571023,0.0,"{""cloud"": 0.8813, ""seabed"": 0.1187}"
deadline,deadline_s,3600.0,14,cacgr,750,51.93094462257159,51.21710291349057,82.12645173954249,0.68,1.0,302.1398857142671,0.0,"{""seabed"": 0.912, ""auv"": 0.0667, ""sat"": 0.0213}"
deadline,deadline_s,3600.0,15,cloud,770,567.9445978672295,607.2544111405225,702.1696947739157,0.0,1.0,9.600000000004483,0.0,"{""cloud"": 1.0}"
deadline,deadline_s,3600.0,15,sensor,770,52.35004132006013,51.35610989457667,80.9462203557601,0.6896103896103896,1.0,254.96846011128886,0.0,"{""seabed"": 1.0}"
deadline,deadline_s,3600.0,15,surface,770,199.0149475121976,207.06515763446575,276.8266123017941,0.02207792207792208,1.0,3560.4909298700773,0.0,"{""buoy"": 1.0}"
deadline,deadline_s,3600.0,15,statopt,770,196.5912348498052,205.58137590111576,274.3366141590179,0.023376623376623377,1.0,3560.4909298700773,0.0,"{""cloud"": 1.0}"
deadline,deadline_s,3600.0,15,cacgr,770,51.01503620828887,50.28375345109859,78.82812898536592,0.7116883116883117,1.0,315.28395695729995,0.0,"{""seabed"": 0.9, ""auv"": 0.0727, ""sat"": 0.026, ""uav"": 0.0013}"
deadline,deadline_s,3600.0,16,cloud,748,596.7902599629119,607.8398373252586,745.0934620957029,0.0,1.0,9.600000000006327,0.0,"{""cloud"": 1.0}"
deadline,deadline_s,3600.0,16,sensor,748,51.91596160718687,52.16315822115224,78.2664645420846,0.7072192513368984,1.0,247.64553093960936,0.0,"{""seabed"": 1.0}"
deadline,deadline_s,3600.0,16,surface,748,104.91508485688396,106.57278956716806,154.86133664054623,0.10294117647058823,1.0,3638.365689839508,0.0,"{""buoy"": 1.0}"
deadline,deadline_s,3600.0,16,statopt,748,104.40447625398454,106.12064050688451,153.74058366546475,0.10561497326203209,1.0,3638.365689839508,0.0,"{""cloud"": 1.0}"
deadline,deadline_s,3600.0,16,cacgr,748,50.53422543539652,51.00651022752827,76.66075252233026,0.7366310160427807,1.0,323.0661084797167,0.0,"{""seabed"": 0.9158, ""auv"": 0.0508, ""sat"": 0.0334}"
deadline,deadline_s,3600.0,17,cloud,733,594.9463837246224,606.1395751182533,707.0631413078255,0.0,1.0,9.60000000000642,0.0,"{""cloud"": 1.0}"
deadline,deadline_s,3600.0,17,sensor,733,52.35524527054384,51.87778232498531,81.48815137075871,0.6753069577080492,1.0,299.93412590140053,0.0,"{""seabed"": 1.0}"
deadline,deadline_s,3600.0,17,surface,733,328.1333700550944,323.3320249492589,461.5737236777194,0.001364256480218281,1.0,3974.1134125901185,0.0,"{""buoy"": 1.0}"
deadline,deadline_s,3600.0,17,statopt,733,54.972121837191416,54.34992424003455,84.76362576863572,0.6139154160982264,1.0,2286.311050477494,0.0,"{""seabed"": 0.5007, ""cloud"": 0.4993}"
deadline,deadline_s,3600.0,17,cacgr,733,51.29713246325673,50.66031339848123,80.45373423378123,0.694406548431105,1.0,333.09226271683275,0.0,"{""seabed"": 0.9113, ""auv"": 0.0682, ""sat"": 0.0205}"
deadline,deadline_s,3600.0,18,cloud,782,574.3370664465377,593.6312950446663,675.1598806497694,0.0,1.0,9.600000000006132,0.0,"{""cloud"": 1.0}"
deadline,deadline_s,3600.0,18,sensor,782,50.64684738462339,50.34495632022793,75.27806144689369,0.6994884910485933,1.0,242.23565948114083,0.0,"{""seabed"": 1.0}"
deadline,deadline_s,3600.0,18,surface,782,79.89647094888257,75.35464394783824,135.31697795991866,0.29923273657289,1.0,3184.3198421628886,0.0,"{""buoy"": 1.0}"
deadline,deadline_s,3600.0,18,statopt,782,79.02537834441245,74.44017252259188,134.70354493507946,0.30818414322250637,1.0,3184.3198421628886,0.0,"{""cloud"": 1.0}"
deadline,deadline_s,3600.0,18,cacgr,782,48.99232505507913,49.01011362577385,73.58769534645904,0.7352941176470589,1.0,325.3784523200171,0.0,"{""seabed"": 0.9041, ""auv"": 0.0588, ""sat"": 0.0371}"
deadline,deadline_s,3600.0,19,cloud,753,639.7206001607798,648.0099287221999,732.0392709828985,0.0,1.0,9.600000000007444,0.0,"{""cloud"": 1.0}"
deadline,deadline_s,3600.0,19,sensor,753,55.539797725731816,54.745358432519424,83.28081860602717,0.5976095617529881,1.0,309.3800037943556,0.0,"{""seabed"": 1.0}"
deadline,deadline_s,3600.0,19,surface,753,357.529779611453,358.7971831604756,495.3104347222527,0.0,1.0,3633.394531587915,0.0,"{""buoy"": 1.0}"
deadline,deadline_s,3600.0,19,statopt,753,56.41296118461908,55.884045992641404,84.66700350660102,0.5790172642762285,1.0,2034.8210965661146,0.0,"{""cloud"": 0.5153, ""seabed"": 0.4847}"
deadline,deadline_s,3600.0,19,cacgr,753,54.51555701620496,53.874498535459615,82.84254837624707,0.6175298804780877,1.0,337.5556759628226,0.0,"{""seabed"": 0.8991, ""auv"": 0.081, ""sat"": 0.0199}"
deadline,deadline_s,3600.0,20,cloud,812,652.1720837228291,648.4713712034114,760.9582147968467,0.0,1.0,9.600000000007316,0.0,"{""cloud"": 1.0}"
deadline,deadline_s,3600.0,20,sensor,812,50.92402910966457,50.69760268738755,81.30876522913759,0.7253694581280788,1.0,294.8483462350384,0.0,"{""seabed"": 1.0}"
deadline,deadline_s,3600.0,20,surface,812,360.78558344310375,365.0849944187352,499.200090956351,0.0024630541871921183,1.0,3425.834482758592,0.0,"{""buoy"": 1.0}"
deadline,deadline_s,3600.0,20,statopt,812,108.12585902093555,110.29714054183545,152.2564781738689,0.04433497536945813,1.0,3261.2193505981436,0.0,"{""cloud"": 0.7463, ""seabed"": 0.2537}"
deadline,deadline_s,3600.0,20,cacgr,812,49.94369570255641,49.509261279104386,78.67895023769407,0.7450738916256158,1.0,333.8298662913374,0.0,"{""seabed"": 0.9236, ""auv"": 0.0554, ""sat"": 0.0209}"
deadline,deadline_s,3600.0,21,cloud,770,628.9125168953838,637.0247058713883,753.6371393659109,0.0,1.0,9.600000000005952,0.0,"{""cloud"": 1.0}"
deadline,deadline_s,3600.0,21,sensor,770,51.38364027239665,51.26582176924627,80.50522418944182,0.6896103896103896,1.0,279.1799628942457,0.0,"{""seabed"": 1.0}"
deadline,deadline_s,3600.0,21,surface,770,309.4687255805918,314.24053771154587,411.5865963127987,0.0025974025974025974,1.0,3731.265656400709,0.0,"{""buoy"": 1.0}"
deadline,deadline_s,3600.0,21,statopt,770,77.25908270200213,73.2866595692154,128.75391747790155,0.3116883116883117,1.0,3196.0259802597157,0.0,"{""cloud"": 0.7312, ""seabed"": 0.2688}"
deadline,deadline_s,3600.0,21,cacgr,770,50.16804238196293,49.98786567131935,79.86205777027325,0.712987012987013,1.0,319.01507977736173,0.0,"{""seabed"": 0.8987, ""auv"": 0.0779, ""sat"": 0.0234}"
deadline,deadline_s,3600.0,22,cloud,813,630.6808256678379,659.0450334440181,820.7220076060402,0.0,1.0,9.60000000000813,0.0,"{""cloud"": 1.0}"
deadline,deadline_s,3600.0,22,sensor,813,53.05244395312419,53.48964990884197,80.30144733735514,0.6482164821648216,1.0,287.26620980494175,0.0,"{""seabed"": 1.0}"
deadline,deadline_s,3600.0,22,surface,813,346.49560687665326,352.9762799009923,476.00164287982614,0.006150061500615006,1.0,3555.1181950447713,0.0,"{""buoy"": 1.0}"
deadline,deadline_s,3600.0,22,statopt,813,75.37401233399933,70.74203677423648,130.39761647891243,0.3296432964329643,1.0,2983.2696144789697,0.0,"{""cloud"": 0.7651, ""seabed"": 0.2349}"
deadline,deadline_s,3600.0,22,cacgr,813,51.75492243241671,52.07010244107077,79.26724409241959,0.6728167281672817,1.0,340.074169038819,0.0,"{""seabed"": 0.8881, ""auv"": 0.0824, ""sat"": 0.0295}"
deadline,deadline_s,3600.0,23,cloud,784,675.9925234789845,678.1600676222373,822.4531108415771,0.0,1.0,9.600000000007626,0.0,"{""cloud"": 1.0}"
deadline,deadline_s,3600.0,23,sensor,784,52.41718512998357,51.59576277622455,83.67700762054504,0.6543367346938775,1.0,273.92966472302436,0.0,"{""seabed"": 1.0}"
deadline,deadline_s,3600.0,23,surface,784,313.28260915361534,318.90430856531054,434.68232008328886,0.0012755102040816326,1.0,3569.9013177842194,0.0,"{""buoy"": 1.0}"
deadline,deadline_s,3600.0,23,statopt,784,64.97045496066845,63.10188631030657,114.21142216223483,0.4630102040816326,1.0,2914.2448979591563,0.0,"{""cloud"": 0.7436, ""seabed"": 0.2564}"
deadline,deadline_s,3600.0,23,cacgr,784,50.973741666527296,50.27921974849421,82.96969323263531,0.6811224489795918,1.0,327.20690087462845,0.0,"{""seabed"": 0.8827, ""auv"": 0.088, ""sat"": 0.0281, ""uav"": 0.0013}"
deadline,deadline_s,3600.0,24,cloud,813,607.5859423835824,617.9947819744183,723.7825288873913,0.0,1.0,9.600000000007594,0.0,"{""cloud"": 1.0}"
deadline,deadline_s,3600.0,24,sensor,813,52.680623741398975,53.362156286449924,81.68553740047099,0.6519065190651907,1.0,242.28290282898672,0.0,"{""seabed"": 1.0}"
deadline,deadline_s,3600.0,24,surface,813,98.78019015756686,103.26556486329355,147.28046285386554,0.13776137761377613,1.0,3189.492796345044,0.0,"{""buoy"": 1.0}"
deadline,deadline_s,3600.0,24,statopt,813,97.84466877691803,102.09132583057047,146.7718137949872,0.14514145141451415,1.0,3189.492796345044,0.0,"{""cloud"": 1.0}"
deadline,deadline_s,3600.0,24,cacgr,813,51.156055956471214,52.1999138597593,79.92778571565943,0.6801968019680197,1.0,294.0092637497401,0.0,"{""seabed"": 0.893, ""auv"": 0.08, ""sat"": 0.0271}"
deadline,deadline_s,3600.0,25,cloud,675,640.4481804394543,646.5677681359007,775.037018536088,0.0,1.0,9.60000000000538,0.0,"{""cloud"": 1.0}"
deadline,deadline_s,3600.0,25,sensor,675,52.36014735519552,52.12385851511353,79.10050668905254,0.6859259259259259,1.0,273.16402116401025,0.0,"{""seabed"": 1.0}"
deadline,deadline_s,3600.0,25,surface,675,294.7702861363408,305.53001623824406,413.3212452567339,0.008888888888888889,1.0,4302.61329608461,0.0,"{""buoy"": 1.0}"
deadline,deadline_s,3600.0,25,statopt,675,185.87336168404786,199.14176406201514,280.22421039465405,0.034074074074074076,1.0,4094.7956412274666,0.0,"{""cloud"": 0.8726, ""seabed"": 0.1274}"
deadline,deadline_s,3600.0,25,cacgr,675,51.36454558983882,51.168099651451726,77.91673769358246,0.7022222222222222,1.0,319.1936033862314,0.0,"{""seabed"": 0.9022, ""auv"": 0.077, ""sat"": 0.0207}"
deadline,deadline_s,3600.0,26,cloud,842,530.7601984930717,543.3811402292612,724.0084821775785,0.0,1.0,9.60000000000948,0.0,"{""cloud"": 1.0}"
deadline,deadline_s,3600.0,26,sensor,842,52.14725080979138,52.31273383879034,78.88544806974728,0.6745843230403801,1.0,288.91041737358177,0.0,"{""seabed"": 1.0}"
deadline,deadline_s,3600.0,26,surface,842,338.7174416657728,341.07021481851615,470.48983157980496,0.0,1.0,3307.237499830302,0.0,"{""buoy"": 1.0}"
deadline,deadline_s,3600.0,26,statopt,842,238.0465279669343,253.6793295764354,339.44443184132405,0.0059382422802850355,1.0,3328.9259860196394,0.0,"{""cloud"": 0.8705, ""seabed"": 0.1295}"
deadline,deadline_s,3600.0,26,cacgr,842,51.12860118558246,51.07080817122151,77.6701439754906,0.6923990498812351,1.0,329.76926230062656,0.0,"{""seabed"": 0.9002, ""auv"": 0.076, ""sat"": 0.0238}"
deadline,deadline_s,3600.0,27,cloud,753,582.541377000007,609.6532651890469,748.2237811288308,0.0,1.0,9.600000000009588,0.0,"{""cloud"": 1.0}"
deadline,deadline_s,3600.0,27,sensor,753,50.62400139094973,49.18074466802791,82.0767720153577,0.7131474103585658,1.0,280.82754695503576,0.0,"{""seabed"": 1.0}"
deadline,deadline_s,3600.0,27,surface,753,322.6687870764544,322.6685459154777,451.95366882378164,0.009296148738379814,1.0,3625.746173401602,0.0,"{""buoy"": 1.0}"
deadline,deadline_s,3600.0,27,statopt,753,152.0296104855166,157.78366395369375,209.1284525608331,0.01859229747675963,1.0,3604.620680705723,0.0,"{""cloud"": 0.7596, ""seabed"": 0.2404}"
deadline,deadline_s,3600.0,27,cacgr,753,49.99420612641357,48.7120254487716,81.3635981709987,0.7237715803452855,1.0,314.7614464048556,0.0,"{""seabed"": 0.927, ""auv"": 0.0571, ""sat"": 0.0159}"
deadline,deadline_s,3600.0,28,cloud,756,601.0065464355241,629.1895887636646,748.616981215988,0.0,1.0,9.600000000006665,0.0,"{""cloud"": 1.0}"
deadline,deadline_s,3600.0,28,sensor,756,53.09161642320658,51.96197048274301,86.16654166618888,0.6706349206349206,1.0,267.5234315948462,0.0,"{""seabed"": 1.0}"
deadline,deadline_s,3600.0,28,surface,756,265.0668308434445,265.37699885351816,391.7964176998873,0.003968253968253968,1.0,3713.362854119387,0.0,"{""buoy"": 1.0}"
deadline,deadline_s,3600.0,28,statopt,756,55.65595889819566,53.870448218409095,90.03760694483114,0.6203703703703703,1.0,2619.08238851093,0.0,"{""cloud"": 0.7632, ""seabed"": 0.2368}"
deadline,deadline_s,3600.0,28,cacgr,756,51.73605425452883,50.790319067756705,84.761013947767,0.6944444444444444,1.0,317.414013605427,0.0,"{""seabed"": 0.9153, ""auv"": 0.0595, ""sat"": 0.0251}"
deadline,deadline_s,3600.0,29,cloud,782,636.6560718349533,648.1535313000313,730.6115446463413,0.0,1.0,9.6000000000075,0.0,"{""cloud"": 1.0}"
deadline,deadline_s,3600.0,29,sensor,782,49.286405185514305,47.68452843165566,78.35024798924941,0.7480818414322251,1.0,292.19912312752354,0.0,"{""seabed"": 1.0}"
deadline,deadline_s,3600.0,29,surface,782,326.07220960931346,323.17302330035807,452.91834029610015,0.0038363171355498722,1.0,3524.2832356594595,0.0,"{""buoy"": 1.0}"
deadline,deadline_s,3600.0,29,statopt,782,68.07058838795392,66.93329183080532,110.53069298711594,0.4117647058823529,1.0,3050.154914139564,0.0,"{""cloud"": 0.624, ""seabed"": 0.376}"
deadline,deadline_s,3600.0,29,cacgr,782,48.68438571577725,47.10030276362413,78.17491754522206,0.7583120204603581,1.0,299.6926094263883,0.0,"{""seabed"": 0.9092, ""auv"": 0.0806, ""sat"": 0.0102}"
deadline,deadline_s,5400.0,0,cloud,764,629.336691983321,643.4511212429838,775.3538275438713,0.0,1.0,9.60000000000571,0.0,"{""cloud"": 1.0}"
deadline,deadline_s,5400.0,0,sensor,764,53.63382930175517,53.72025850305696,79.77030372892709,0.9869109947643979,1.0,285.11518324607835,0.0,"{""seabed"": 1.0}"
deadline,deadline_s,5400.0,0,surface,764,307.08009191484,314.00889750225457,422.8795871241856,0.01832460732984293,1.0,3629.669564697053,0.0,"{""buoy"": 1.0}"
deadline,deadline_s,5400.0,0,statopt,764,58.25570630889461,58.370806876287475,91.43948658839882,0.943717277486911,1.0,2675.448017950626,0.0,"{""cloud"": 0.6414, ""seabed"": 0.3586}"
deadline,deadline_s,5400.0,0,cacgr,764,52.892316689366616,53.56344677763785,78.81289326805603,0.9908376963350786,1.0,304.54461331339166,0.0,"{""seabed"": 0.9084, ""auv"": 0.0772, ""sat"": 0.0144}"
deadline,deadline_s,5400.0,1,cloud,727,527.4115101520973,530.117495998639,713.5356985108822,0.0,1.0,9.600000000007828,0.0,"{""cloud"": 1.0}"
deadline,deadline_s,5400.0,1,sensor,727,50.16068107115189,49.176568081276976,78.97720976126041,0.9931224209078404,1.0,273.91982707800565,0.0,"{""seabed"": 1.0}"
deadline,deadline_s,5400.0,1,surface,727,254.80936735177207,258.5882292604302,377.95698375531424,0.03576341127922971,1.0,3857.4863147965875,0.0,"{""buoy"": 1.0}"
deadline,deadline_s,5400.0,1,statopt,727,59.09676317528139,57.960736518458965,91.51567216509511,0.9422283356258597,1.0,2896.243011986616,0.0,"{""cloud"": 0.7428, ""seabed"": 0.2572}"
deadline,deadline_s,5400.0,1,cacgr,727,49.836538164939114,48.970674795625385,77.160516354314,0.9944979367262724,1.0,278.80301198663204,0.0,"{""seabed"": 0.9147, ""auv"": 0.077, ""sat"": 0.0083}"
deadline,deadline_s,5400.0,2,cloud,757,667.9238359253239,660.1702646916723,807.9665756745648,0.0,1.0,9.600000000003769,0.0,"{""cloud"": 1.0}"
deadline,deadline_s,5400.0,2,sensor,757,52.04819041156683,51.82185200432317,80.92351211419047,0.9907529722589168,1.0,281.4961313455384,0.0,"{""seabed"": 1.0}"
deadline,deadline_s,5400.0,2,surface,757,331.8205237352244,338.9837840109175,441.15628997571974,0.003963011889035667,1.0,3689.6226306850044,0.0,"{""buoy"": 1.0}"
deadline,deadline_s,5400.0,2,statopt,757,53.03401425898621,52.77832014336563,82.00036519672014,0.9841479524438573,1.0,2290.5827514625294,0.0,"{""cloud"": 0.6328, ""seabed"": 0.3672}"
deadline,deadline_s,5400.0,2,cacgr,757,51.50618958071001,51.688283912325524,79.7049806044443,0.9933949801849405,1.0,287.40939799962325,0.0,"{""seabed"": 0.9247, ""auv"": 0.0661, ""sat"": 0.0079, ""uav"": 0.0013}"
deadline,deadline_s,5400.0,3,cloud,758,562.2790360217656,599.9538018876563,693.9464154424596,0.0,1.0,9.600000000007029,0.0,"{""cloud"": 1.0}"
deadline,deadline_s,5400.0,3,sensor,758,52.386689531261645,52.58714533517876,79.5697592666785,0.9894459102902374,1.0,252.320392009013,0.0,"{""seabed"": 1.0}"
deadline,deadline_s,5400.0,3,surface,758,190.0584604916073,186.35592895758737,288.05535497874394,0.06464379947229551,1.0,3654.5074044477374,0.0,"{""buoy"": 1.0}"
deadline,deadline_s,5400.0,3,statopt,758,189.2382483312349,186.14881982284177,287.0869860047221,0.06728232189973615,1.0,3654.5074044477374,0.0,"{""cloud"": 1.0}"
deadline,deadline_s,5400.0,3,cacgr,758,51.756770151998694,52.35946736748195,78.64073283726057,0.9934036939313984,1.0,269.8607885412421,0.0,"{""seabed"": 0.9024, ""auv"": 0.0831, ""sat"": 0.0145}"
deadline,deadline_s,5400.0,4,cloud,790,622.203682889514,620.2105514490611,768.2859051703614,0.0,1.0,9.600000000003964,0.0,"{""cloud"": 1.0}"
deadline,deadline_s,5400.0,4,sensor,790,50.2464863144051,49.52221985419455,79.50667766401736,0.9860759493670886,1.0,268.77215189872175,0.0,"{""seabed"": 1.0}"
deadline,deadline_s,5400.0,4,surface,790,280.9075177822951,291.3618850966442,370.03668903073105,0.013924050632911392,1.0,3539.194473779348,0.0,"{""buoy"": 1.0}"
deadline,deadline_s,5400.0,4,statopt,790,196.07216619351973,200.26027732293974,267.9431294798226,0.04556962025316456,1.0,3491.445555732332,0.0,"{""cloud"": 0.8848, ""seabed"": 0.1152}"
deadline,deadline_s,5400.0,4,cacgr,790,49.92109533858918,49.42058274639024,77.72868823596488,0.9873417721518988,1.0,299.20293989148803,0.0,"{""seabed"": 0.9228, ""auv"": 0.062, ""sat"": 0.0152}"
deadline,deadline_s,5400.0,5,cloud,763,610.6704987251568,626.862786218375,703.4659513391309,0.0,1.0,9.600000000006274,0.0,"{""cloud"": 1.0}"
deadline,deadline_s,5400.0,5,sensor,763,52.923441598285756,52.43244369196643,80.14742503072179,0.9803407601572739,1.0,287.89215502712926,0.0,"{""seabed"": 1.0}"
deadline,deadline_s,5400.0,5,surface,763,276.7019721856612,268.036991053751,423.6304952458878,0.019659239842726082,1.0,3705.556673282119,0.0,"{""buoy"": 1.0}"
deadline,deadline_s,5400.0,5,statopt,763,99.16169776741744,100.28747613412415,143.18279945531296,0.3722149410222805,1.0,3500.897351057813,0.0,"{""cloud"": 0.8506, ""seabed"": 0.1494}"
deadline,deadline_s,5400.0,5,cacgr,763,52.72588232976696,52.43244369196643,78.83728355045999,0.981651376146789,1.0,277.60844785618764,0.0,"{""seabed"": 0.9096, ""auv"": 0.0852, ""sat"": 0.0052}"
deadline,deadline_s,5400.0,6,cloud,729,586.2409115788183,598.4305083485327,745.9114120506196,0.0,1.0,9.600000000008261,0.0,"{""cloud"": 1.0}"
deadline,deadline_s,5400.0,6,sensor,729,50.44120802065902,49.68787147846936,79.13360659515132,0.99039780521262,1.0,266.7658240250655,0.0,"{""seabed"": 1.0}"
deadline,deadline_s,5400.0,6,surface,729,270.797666753329,274.4962676318634,395.5488808559981,0.02194787379972565,1.0,3780.267679404232,0.0,"{""buoy"": 1.0}"
deadline,deadline_s,5400.0,6,statopt,729,164.6252053173202,156.284577731753,259.45850510438856,0.08093278463648834,1.0,3783.2462322554925,0.0,"{""cloud"": 0.8985, ""seabed"": 0.1015}"
deadline,deadline_s,5400.0,6,cacgr,729,50.18310466864669,49.53704399537116,78.1321085542875,0.99039780521262,1.0,266.67532039974856,0.0,"{""seabed"": 0.8957, ""auv"": 0.096, ""sat"": 0.0069, ""uav"": 0.0014}"
deadline,deadline_s,5400.0,7,cloud,757,621.7230418293867,650.8915001016678,729.7745355350216,0.0,1.0,9.600000000007762,0.0,"{""cloud"": 1.0}"
deadline,deadline_s,5400.0,7,sensor,757,52.15632249115866,51.86782800198077,80.52702908055696,0.9907529722589168,1.0,266.49330062274504,0.0,"{""seabed"": 1.0}"
deadline,deadline_s,5400.0,7,surface,757,267.81367280991407,268.1372787776726,374.4733152902117,0.031704095112285335,1.0,3580.1304789582528,0.0,"{""buoy"": 1.0}"
deadline,deadline_s,5400.0,7,statopt,757,178.9074811985631,186.50939219772263,231.55280708663733,0.03830911492734478,1.0,3532.182149990523,0.0,"{""cloud"": 0.86, ""seabed"": 0.14}"
deadline,deadline_s,5400.0,7,cacgr,757,52.063705536340905,51.8569634924456,80.40473071993924,0.9920739762219286,1.0,263.3110186827584,0.0,"{""seabed"": 0.9273, ""auv"": 0.0674, ""sat"": 0.0053}"
deadline,deadline_s,5400.0,8,cloud,772,537.6285059512867,536.5887135012184,760.943050713984,0.0,1.0,9.600000000006183,0.0,"{""cloud"": 1.0}"
deadline,deadline_s,5400.0,8,sensor,772,49.873757327398984,48.51391018355001,81.97312761838215,0.9831606217616581,1.0,279.7202072538606,0.0,"{""seabed"": 1.0}"
deadline,deadline_s,5400.0,8,surface,772,309.86018170020213,301.6500741672371,436.4059672297121,0.015544041450777202,1.0,3625.359928941482,0.0,"{""buoy"": 1.0}"
deadline,deadline_s,5400.0,8,statopt,772,72.67240878152573,71.46560178690387,116.73903190269746,0.7512953367875648,1.0,3306.960284233854,0.0,"{""cloud"": 0.8705, ""seabed"": 0.1295}"
deadline,deadline_s,5400.0,8,cacgr,772,48.951580761879335,47.91834398565752,78.69199565279759,0.9870466321243523,1.0,307.5142324204058,0.0,"{""seabed"": 0.8834, ""auv"": 0.0959, ""sat"": 0.0207}"
deadline,deadline_s,5400.0,9,cloud,819,690.6218506919237,711.2067745893856,809.5478260985305,0.0,1.0,9.600000000006688,0.0,"{""cloud"": 1.0}"
deadline,deadline_s,5400.0,9,sensor,819,51.183681865249746,50.52515312772072,79.78611056469816,0.9938949938949939,1.0,269.5911390196926,0.0,"{""seabed"": 1.0}"
deadline,deadline_s,5400.0,9,surface,819,311.02110057698263,322.4339110142925,430.40697247554914,0.028083028083028084,1.0,3504.621583115251,0.0,"{""buoy"": 1.0}"
deadline,deadline_s,5400.0,9,statopt,819,55.95846755872854,55.85454746983523,84.79599206739236,0.9682539682539683,1.0,2634.4786324785982,0.0,"{""cloud"": 0.7497, ""seabed"": 0.2503}"
deadline,deadline_s,5400.0,9,cacgr,819,50.43095669435402,49.791143320471264,78.20586184164706,0.9963369963369964,1.0,284.4518095237927,0.0,"{""seabed"": 0.8962, ""auv"": 0.0891, ""sat"": 0.0147}"
deadline,deadline_s,5400.0,10,cloud,786,626.2295017793682,641.6365271622958,754.4856620250342,0.0,1.0,9.600000000004725,0.0,"{""cloud"": 1.0}"
deadline,deadline_s,5400.0,10,sensor,786,50.51947972139986,49.534332010399524,77.17745925305917,0.9949109414758269,1.0,279.1537622682638,0.0,"{""seabed"": 1.0}"
deadline,deadline_s,5400.0,10,surface,786,304.3572264101746,320.19236661970905,420.4500702797654,0.020356234096692113,1.0,3604.4651748454826,0.0,"{""buoy"": 1.0}"
deadline,deadline_s,5400.0,10,statopt,786,50.47298065127073,49.5215640411494,77.17745858639252,0.9961832061068703,1.0,1886.6964740094372,0.0,"{""cloud"": 0.6132, ""seabed"": 0.3868}"
deadline,deadline_s,5400.0,10,cacgr,786,50.025101326429194,49.21835650324436,75.5476677794731,0.9961832061068703,1.0,288.7648302435444,0.0,"{""seabed"": 0.902, ""auv"": 0.0852, ""sat"": 0.0115, ""uav"": 0.0013}"
deadline,deadline_s,5400.0,11,cloud,770,641.5272688519166,644.1019843640593,725.9467114909481,0.0,1.0,9.600000000005995,0.0,"{""cloud"": 1.0}"
deadline,deadline_s,5400.0,11,sensor,770,53.334039357658085,53.539879681957956,80.93240644937448,0.987012987012987,1.0,295.6456400742069,0.0,"{""seabed"": 1.0}"
deadline,deadline_s,5400.0,11,surface,770,325.95764210457526,326.96447569855843,439.0539045281654,0.01948051948051948,1.0,3601.4239525046087,0.0,"{""buoy"": 1.0}"
deadline,deadline_s,5400.0,11,statopt,770,101.11997303344785,99.5723146244986,170.45889046169833,0.42337662337662335,1.0,3308.456413209621,0.0,"{""cloud"": 0.7442, ""seabed"": 0.2558}"
deadline,deadline_s,5400.0,11,cacgr,770,52.712526886905245,53.22298150938077,79.06928338285681,0.990909090909091,1.0,318.4710619666007,0.0,"{""seabed"": 0.9234, ""auv"": 0.0623, ""sat"": 0.0143}"
deadline,deadline_s,5400.0,12,cloud,792,685.0739190344472,694.7728048952807,800.0142496042556,0.0,1.0,9.600000000006,0.0,"{""cloud"": 1.0}"
deadline,deadline_s,5400.0,12,sensor,792,51.40780845580876,50.249017595510786,82.46912516377546,0.9772727272727273,1.0,259.1338383838163,0.0,"{""seabed"": 1.0}"
deadline,deadline_s,5400.0,12,surface,792,270.355262050449,288.53894257444693,375.5977350696029,0.06060606060606061,1.0,3533.8066378065864,0.0,"{""buoy"": 1.0}"
deadline,deadline_s,5400.0,12,statopt,792,94.88279895471534,89.55849440015056,160.5037704418461,0.5050505050505051,1.0,3224.945177489133,0.0,"{""cloud"": 0.8801, ""seabed"": 0.1199}"
deadline,deadline_s,5400.0,12,cacgr,792,50.79164334846958,49.781510561801525,81.08461666376459,0.9810606060606061,1.0,272.10116305914306,0.0,"{""seabed"": 0.8965, ""auv"": 0.0896, ""sat"": 0.0126, ""uav"": 0.0013}"
deadline,deadline_s,5400.0,13,cloud,769,595.5086124036962,613.6455513501753,683.8955795271987,0.0,1.0,9.600000000004503,0.0,"{""cloud"": 1.0}"
deadline,deadline_s,5400.0,13,sensor,769,51.60384703221499,50.56431368494256,79.96405712320008,0.9843953185955787,1.0,246.53836150841536,0.0,"{""seabed"": 1.0}"
deadline,deadline_s,5400.0,13,surface,769,110.26217601513854,102.27719498498242,187.25181599132935,0.3940182054616385,1.0,3509.344407207817,0.0,"{""buoy"": 1.0}"
deadline,deadline_s,5400.0,13,statopt,769,109.51327209600979,101.41114542210295,186.83828054128068,0.40052015604681407,1.0,3509.344407207817,0.0,"{""cloud"": 1.0}"
deadline,deadline_s,5400.0,13,cacgr,769,51.13071428496628,50.3026730037207,77.58844700278148,0.988296488946684,1.0,259.14845431911704,0.0,"{""seabed"": 0.8999, ""auv"": 0.0871, ""sat"": 0.013}"
deadline,deadline_s,5400.0,14,cloud,750,595.9308872645263,617.5912708750116,736.7901141030967,0.0,1.0,9.600000000005632,0.0,"{""cloud"": 1.0}"
deadline,deadline_s,5400.0,14,sensor,750,52.96512689527155,51.75200861320603,83.18845825525203,0.9853333333333333,1.0,259.8095238095044,0.0,"{""seabed"": 1.0}"
deadline,deadline_s,5400.0,14,surface,750,253.32801355522258,263.9876129802934,352.3686805021533,0.030666666666666665,1.0,3640.1756220951925,0.0,"{""buoy"": 1.0}"
deadline,deadline_s,5400.0,14,statopt,750,76.31305542412548,72.75569723883152,119.54349818945573,0.704,1.0,3311.2571428571023,0.0,"{""cloud"": 0.8813, ""seabed"": 0.1187}"
deadline,deadline_s,5400.0,14,cacgr,750,52.65354782691309,51.79031970588906,82.12645173954249,0.988,1.0,269.3565775237917,0.0,"{""seabed"": 0.904, ""auv"": 0.0853, ""sat"": 0.0107}"
deadline,deadline_s,5400.0,15,cloud,770,567.9445978672295,607.2544111405225,702.1696947739157,0.0,1.0,9.600000000004483,0.0,"{""cloud"": 1.0}"
deadline,deadline_s,5400.0,15,sensor,770,52.35004132006013,51.35610989457667,80.9462203557601,0.9922077922077922,1.0,254.96846011128886,0.0,"{""seabed"": 1.0}"
deadline,deadline_s,5400.0,15,surface,770,199.0149475121976,207.06515763446575,276.8266123017941,0.06493506493506493,1.0,3560.4909298700773,0.0,"{""buoy"": 1.0}"
deadline,deadline_s,5400.0,15,statopt,770,196.5912348498052,205.58137590111576,274.3366141590179,0.06493506493506493,1.0,3560.4909298700773,0.0,"{""cloud"": 1.0}"
deadline,deadline_s,5400.0,15,cacgr,770,51.5861148897159,51.148555797861114,78.82812898536592,0.9961038961038962,1.0,281.0954953617537,0.0,"{""seabed"": 0.8974, ""auv"": 0.0844, ""sat"": 0.0182}"
deadline,deadline_s,5400.0,16,cloud,748,596.7902599629119,607.8398373252586,745.0934620957029,0.0,1.0,9.600000000006327,0.0,"{""cloud"": 1.0}"
deadline,deadline_s,5400.0,16,sensor,748,51.91596160718687,52.16315822115224,78.2664645420846,0.9959893048128342,1.0,247.64553093960936,0.0,"{""seabed"": 1.0}"
deadline,deadline_s,5400.0,16,surface,748,104.91508485688396,106.57278956716806,154.86133664054623,0.3315508021390374,1.0,3638.365689839508,0.0,"{""buoy"": 1.0}"
deadline,deadline_s,5400.0,16,statopt,748,104.40447625398454,106.12064050688451,153.74058366546475,0.3355614973262032,1.0,3638.365689839508,0.0,"{""cloud"": 1.0}"
deadline,deadline_s,5400.0,16,cacgr,748,51.47407599735037,52.08095356286594,76.66075252233026,0.9973262032085561,1.0,266.70238961035125,0.0,"{""seabed"": 0.9211, ""auv"": 0.0655, ""sat"": 0.0134}"
deadline,deadline_s,5400.0,17,cloud,733,594.9463837246224,606.1395751182533,707.0631413078255,0.0,1.0,9.60000000000642,0.0,"{""cloud"": 1.0}"
deadline,deadline_s,5400.0,17,sensor,733,52.35524527054384,51.87778232498531,81.48815137075871,0.9863574351978172,1.0,299.93412590140053,0.0,"{""seabed"": 1.0}"
deadline,deadline_s,5400.0,17,surface,733,328.1333700550944,323.3320249492589,461.5737236777194,0.0068212824010914054,1.0,3974.1134125901185,0.0,"{""buoy"": 1.0}"
deadline,deadline_s,5400.0,17,statopt,733,54.972121837191416,54.34992424003455,84.76362576863572,0.9727148703956344,1.0,2286.311050477494,0.0,"{""seabed"": 0.5007, ""cloud"": 0.4993}"
deadline,deadline_s,5400.0,17,cacgr,733,51.7217960779629,51.09631730671884,80.45373423378123,0.9877216916780355,1.0,303.3725324498283,0.0,"{""seabed"": 0.9181, ""auv"": 0.0723, ""sat"": 0.0095}"
deadline,deadline_s,5400.0,18,cloud,782,574.3370664465377,593.6312950446663,675.1598806497694,0.0,1.0,9.600000000006132,0.0,"{""cloud"": 1.0}"
deadline,deadline_s,5400.0,18,sensor,782,50.64684738462339,50.34495632022793,75.27806144689369,0.9961636828644501,1.0,242.23565948114083,0.0,"{""seabed"": 1.0}"
deadline,deadline_s,5400.0,18,surface,782,79.89647094888257,75.35464394783824,135.31697795991866,0.6470588235294118,1.0,3184.3198421628886,0.0,"{""buoy"": 1.0}"
deadline,deadline_s,5400.0,18,statopt,782,79.02537834441245,74.44017252259188,134.70354493507946,0.6560102301790282,1.0,3184.3198421628886,0.0,"{""cloud"": 1.0}"
deadline,deadline_s,5400.0,18,cacgr,782,50.11090876272534,50.18522540142421,73.58769534645904,0.9987212276214834,1.0,258.28484033609396,0.0,"{""seabed"": 0.9143, ""auv"": 0.0729, ""sat"": 0.0128}"
deadline,deadline_s,5400.0,19,cloud,753,639.7206001607798,648.0099287221999,732.0392709828985,0.0,1.0,9.600000000007444,0.0,"{""cloud"": 1.0}"
deadline,deadline_s,5400.0,19,sensor,753,55.539797725731816,54.745358432519424,83.28081860602717,0.9853917662682603,1.0,309.3800037943556,0.0,"{""seabed"": 1.0}"
deadline,deadline_s,5400.0,19,surface,753,357.529779611453,358.7971831604756,495.3104347222527,0.006640106241699867,1.0,3633.394531587915,0.0,"{""buoy"": 1.0}"
deadline,deadline_s,5400.0,19,statopt,753,56.41296118461908,55.884045992641404,84.66700350660102,0.9747675962815405,1.0,2034.8210965661146,0.0,"{""cloud"": 0.5153, ""seabed"": 0.4847}"
deadline,deadline_s,5400.0,19,cacgr,753,54.90339479055808,54.50816274579605,82.84254837624707,0.9880478087649402,1.0,317.4871531018856,0.0,"{""seabed"": 0.8964, ""auv"": 0.0903, ""sat"": 0.0133}"
deadline,deadline_s,5400.0,20,cloud,812,652.1720837228291,648.4713712034114,760.9582147968467,0.0,1.0,9.600000000007316,0.0,"{""cloud"": 1.0}"
deadline,deadline_s,5400.0,20,sensor,812,50.92402910966457,50.69760268738755,81.30876522913759,0.9815270935960592,1.0,294.8483462350384,0.0,"{""seabed"": 1.0}"
deadline,deadline_s,5400.0,20,surface,812,360.78558344310375,365.0849944187352,499.200090956351,0.009852216748768473,1.0,3425.834482758592,0.0,"{""buoy"": 1.0}"
deadline,deadline_s,5400.0,20,statopt,812,108.12585902093555,110.29714054183545,152.2564781738689,0.2660098522167488,1.0,3261.2193505981436,0.0,"{""cloud"": 0.7463, ""seabed"": 0.2537}"
deadline,deadline_s,5400.0,20,cacgr,812,50.36870172278722,50.002856634356974,78.67895023769407,0.9864532019704434,1.0,304.93674595354713,0.0,"{""seabed"": 0.9236, ""auv"": 0.0653, ""sat"": 0.0111}"
deadline,deadline_s,5400.0,21,cloud,770,628.9125168953838,637.0247058713883,753.6371393659109,0.0,1.0,9.600000000005952,0.0,"{""cloud"": 1.0}"
deadline,deadline_s,5400.0,21,sensor,770,51.38364027239665,51.26582176924627,80.50522418944182,0.9844155844155844,1.0,279.1799628942457,0.0,"{""seabed"": 1.0}"
deadline,deadline_s,5400.0,21,surface,770,309.4687255805918,314.24053771154587,411.5865963127987,0.016883116883116882,1.0,3731.265656400709,0.0,"{""buoy"": 1.0}"
deadline,deadline_s,5400.0,21,statopt,770,77.25908270200213,73.2866595692154,128.75391747790155,0.6844155844155844,1.0,3196.0259802597157,0.0,"{""cloud"": 0.7312, ""seabed"": 0.2688}"
deadline,deadline_s,5400.0,21,cacgr,770,51.085830353356734,51.24836159953884,79.86205777027325,0.987012987012987,1.0,276.6570686456365,0.0,"{""seabed"": 0.8935, ""auv"": 0.0974, ""sat"": 0.0091}"
deadline,deadline_s,5400.0,22,cloud,813,630.6808256678379,659.0450334440181,820.7220076060402,0.0,1.0,9.60000000000813,0.0,"{""cloud"": 1.0}"
deadline,deadline_s,5400.0,22,sensor,813,53.05244395312419,53.48964990884197,80.30144733735514,0.993849938499385,1.0,287.26620980494175,0.0,"{""seabed"": 1.0}"
deadline,deadline_s,5400.0,22,surface,813,346.49560687665326,352.9762799009923,476.00164287982614,0.014760147601476014,1.0,3555.1181950447713,0.0,"{""buoy"": 1.0}"
deadline,deadline_s,5400.0,22,statopt,813,75.37401233399933,70.74203677423648,130.39761647891243,0.7257072570725708,1.0,2983.2696144789697,0.0,"{""cloud"": 0.7651, ""seabed"": 0.2349}"
deadline,deadline_s,5400.0,22,cacgr,813,52.661111261629124,53.433449409602325,79.26724409241959,0.996309963099631,1.0,297.8460137058379,0.0,"{""seabed"": 0.8893, ""auv"": 0.0959, ""sat"": 0.0148}"
deadline,deadline_s,5400.0,23,cloud,784,675.9925234789845,678.1600676222373,822.4531108415771,0.0,1.0,9.600000000007626,0.0,"{""cloud"": 1.0}"
deadline,deadline_s,5400.0,23,sensor,784,52.41718512998357,51.59576277622455,83.67700762054504,0.9783163265306123,1.0,273.92966472302436,0.0,"{""seabed"": 1.0}"
deadline,deadline_s,5400.0,23,surface,784,313.28260915361534,318.90430856531054,434.68232008328886,0.012755102040816327,1.0,3569.9013177842194,0.0,"{""buoy"": 1.0}"
deadline,deadline_s,5400.0,23,statopt,784,64.97045496066845,63.10188631030657,114.21142216223483,0.8252551020408163,1.0,2914.2448979591563,0.0,"{""cloud"": 0.7436, ""seabed"": 0.2564}"
deadline,deadline_s,5400.0,23,cacgr,784,51.809188290308136,51.51176078000656,82.96969323263531,0.9821428571428571,1.0,279.7729096209847,0.0,"{""seabed"": 0.8839, ""auv"": 0.1033, ""sat"": 0.0128}"
deadline,deadline_s,5400.0,24,cloud,813,607.5859423835824,617.9947819744183,723.7825288873913,0.0,1.0,9.600000000007594,0.0,"{""cloud"": 1.0}"
deadline,deadline_s,5400.0,24,sensor,813,52.680623741398975,53.362156286449924,81.68553740047099,0.991389913899139,1.0,242.28290282898672,0.0,"{""seabed"": 1.0}"
deadline,deadline_s,5400.0,24,surface,813,98.78019015756686,103.26556486329355,147.28046285386554,0.3849938499384994,1.0,3189.492796345044,0.0,"{""buoy"": 1.0}"
deadline,deadline_s,5400.0,24,statopt,813,97.84466877691803,102.09132583057047,146.7718137949872,0.3948339483394834,1.0,3189.492796345044,0.0,"{""cloud"": 1.0}"
deadline,deadline_s,5400.0,24,cacgr,813,51.83711882625845,53.073300448700806,79.92778571565943,0.993849938499385,1.0,262.09516780878135,0.0,"{""seabed"": 0.8918, ""auv"": 0.0923, ""sat"": 0.016}"
deadline,deadline_s,5400.0,25,cloud,675,640.4481804394543,646.5677681359007,775.037018536088,0.0,1.0,9.60000000000538,0.0,"{""cloud"": 1.0}"
deadline,deadline_s,5400.0,25,sensor,675,52.36014735519552,52.12385851511353,79.10050668905254,0.9955555555555555,1.0,273.16402116401025,0.0,"{""seabed"": 1.0}"
deadline,deadline_s,5400.0,25,surface,675,294.7702861363408,305.53001623824406,413.3212452567339,0.034074074074074076,1.0,4302.61329608461,0.0,"{""buoy"": 1.0}"
deadline,deadline_s,5400.0,25,statopt,675,185.87336168404786,199.14176406201514,280.22421039465405,0.07555555555555556,1.0,4094.7956412274666,0.0,"{""cloud"": 0.8726, ""seabed"": 0.1274}"
deadline,deadline_s,5400.0,25,cacgr,675,51.941044665303046,51.92254025482107,77.91673769358246,0.997037037037037,1.0,268.35216253967155,0.0,"{""seabed"": 0.9022, ""auv"": 0.0904, ""sat"": 0.0074}"
deadline,deadline_s,5400.0,26,cloud,842,530.7601984930717,543.3811402292612,724.0084821775785,0.0,1.0,9.60000000000948,0.0,"{""cloud"": 1.0}"
deadline,deadline_s,5400.0,26,sensor,842,52.14725080979138,52.31273383879034,78.88544806974728,0.9916864608076009,1.0,288.91041737358177,0.0,"{""seabed"": 1.0}"
deadline,deadline_s,5400.0,26,surface,842,338.7174416657728,341.07021481851615,470.48983157980496,0.0011876484560570072,1.0,3307.237499830302,0.0,"{""buoy"": 1.0}"
deadline,deadline_s,5400.0,26,statopt,842,238.0465279669343,253.6793295764354,339.44443184132405,0.048693586698337295,1.0,3328.9259860196394,0.0,"{""cloud"": 0.8705, ""seabed"": 0.1295}"
deadline,deadline_s,5400.0,26,cacgr,842,51.77975171829757,52.195349041803034,77.6701439754906,0.994061757719715,1.0,291.5998642687311,0.0,"{""seabed"": 0.9002, ""auv"": 0.0891, ""sat"": 0.0107}"
deadline,deadline_s,5400.0,27,cloud,753,582.541377000007,609.6532651890469,748.2237811288308,0.0,1.0,9.600000000009588,0.0,"{""cloud"": 1.0}"
deadline,deadline_s,5400.0,27,sensor,753,50.62400139094973,49.18074466802791,82.0767720153577,0.9867197875166003,1.0,280.82754695503576,0.0,"{""seabed"": 1.0}"
deadline,deadline_s,5400.0,27,surface,753,322.6687870764544,322.6685459154777,451.95366882378164,0.0199203187250996,1.0,3625.746173401602,0.0,"{""buoy"": 1.0}"
deadline,deadline_s,5400.0,27,statopt,753,152.0296104855166,157.78366395369375,209.1284525608331,0.08100929614873838,1.0,3604.620680705723,0.0,"{""cloud"": 0.7596, ""seabed"": 0.2404}"
deadline,deadline_s,5400.0,27,cacgr,753,50.73822221354298,49.706524384031944,81.3635981709987,0.9867197875166003,1.0,271.66379055207636,0.0,"{""seabed"": 0.923, ""auv"": 0.073, ""sat"": 0.004}"
deadline,deadline_s,5400.0,28,cloud,756,601.0065464355241,629.1895887636646,748.616981215988,0.0,1.0,9.600000000006665,0.0,"{""cloud"": 1.0}"
deadline,deadline_s,5400.0,28,sensor,756,53.09161642320658,51.96197048274301,86.16654166618888,0.9708994708994709,1.0,267.5234315948462,0.0,"{""seabed"": 1.0}"
deadline,deadline_s,5400.0,28,surface,756,265.0668308434445,265.37699885351816,391.7964176998873,0.026455026455026454,1.0,3713.362854119387,0.0,"{""buoy"": 1.0}"
deadline,deadline_s,5400.0,28,statopt,756,55.65595889819566,53.870448218409095,90.03760694483114,0.9497354497354498,1.0,2619.08238851093,0.0,"{""cloud"": 0.7632, ""seabed"": 0.2368}"
deadline,deadline_s,5400.0,28,cacgr,756,52.44516113901696,51.6006498081927,84.761013947767,0.9748677248677249,1.0,279.1065457293881,0.0,"{""seabed"": 0.9153, ""auv"": 0.0728, ""sat"": 0.0119}"
deadline,deadline_s,5400.0,29,cloud,782,636.6560718349533,648.1535313000313,730.6115446463413,0.0,1.0,9.6000000000075,0.0,"{""cloud"": 1.0}"
deadline,deadline_s,5400.0,29,sensor,782,49.286405185514305,47.68452843165566,78.35024798924941,0.9910485933503836,1.0,292.19912312752354,0.0,"{""seabed"": 1.0}"
deadline,deadline_s,5400.0,29,surface,782,326.07220960931346,323.17302330035807,452.91834029610015,0.010230179028132993,1.0,3524.2832356594595,0.0,"{""buoy"": 1.0}"
deadline,deadline_s,5400.0,29,statopt,782,68.07058838795392,66.93329183080532,110.53069298711594,0.8081841432225064,1.0,3050.154914139564,0.0,"{""cloud"": 0.624, ""seabed"": 0.376}"
deadline,deadline_s,5400.0,29,cacgr,782,49.270605304648484,47.95520682016925,78.17491754522206,0.9910485933503836,1.0,282.49803142127325,0.0,"{""seabed"": 0.9015, ""auv"": 0.0934, ""sat"": 0.0051}"
deadline,deadline_s,10800.0,0,cloud,764,629.336691983321,643.4511212429838,775.3538275438713,0.0,1.0,9.60000000000571,0.0,"{""cloud"": 1.0}"
deadline,deadline_s,10800.0,0,sensor,764,53.63382930175517,53.72025850305696,79.77030372892709,1.0,1.0,285.11518324607835,0.0,"{""seabed"": 1.0}"
deadline,deadline_s,10800.0,0,surface,764,307.08009191484,314.00889750225457,422.8795871241856,0.08376963350785341,1.0,3629.669564697053,0.0,"{""buoy"": 1.0}"
deadline,deadline_s,10800.0,0,statopt,764,58.25570630889461,58.370806876287475,91.43948658839882,1.0,1.0,2675.448017950626,0.0,"{""cloud"": 0.6414, ""seabed"": 0.3586}"
deadline,deadline_s,10800.0,0,cacgr,764,60.67568196182468,57.63084590480242,116.28257300922921,1.0,1.0,229.6833418100246,0.0,"{""seabed"": 0.805, ""auv"": 0.195}"
deadline,deadline_s,10800.0,1,cloud,727,527.4115101520973,530.117495998639,713.5356985108822,0.0,1.0,9.600000000007828,0.0,"{""cloud"": 1.0}"
deadline,deadline_s,10800.0,1,sensor,727,50.16068107115189,49.176568081276976,78.97720976126041,1.0,1.0,273.91982707800565,0.0,"{""seabed"": 1.0}"
deadline,deadline_s,10800.0,1,surface,727,254.80936735177207,258.5882292604302,377.95698375531424,0.15130674002751032,1.0,3857.4863147965875,0.0,"{""buoy"": 1.0}"
deadline,deadline_s,10800.0,1,statopt,727,59.09676317528139,57.960736518458965,91.51567216509511,1.0,1.0,2896.243011986616,0.0,"{""cloud"": 0.7428, ""seabed"": 0.2572}"
deadline,deadline_s,10800.0,1,cacgr,727,57.57603454733357,52.12416827861778,116.6573611950622,1.0,1.0,217.72133778737953,0.0,"{""seabed"": 0.7923, ""auv"": 0.2077}"
deadline,deadline_s,10800.0,2,cloud,757,667.9238359253239,660.1702646916723,807.9665756745648,0.0,1.0,9.600000000003769,0.0,"{""cloud"": 1.0}"
deadline,deadline_s,10800.0,2,sensor,757,52.04819041156683,51.82185200432317,80.92351211419047,1.0,1.0,281.4961313455384,0.0,"{""seabed"": 1.0}"
deadline,deadline_s,10800.0,2,surface,757,331.8205237352244,338.9837840109175,441.15628997571974,0.0488771466314399,1.0,3689.6226306850044,0.0,"{""buoy"": 1.0}"
deadline,deadline_s,10800.0,2,statopt,757,53.03401425898621,52.77832014336563,82.00036519672014,1.0,1.0,2290.5827514625294,0.0,"{""cloud"": 0.6328, ""seabed"": 0.3672}"
deadline,deadline_s,10800.0,2,cacgr,757,60.58305060181409,55.719381633374,122.8866157400232,1.0,1.0,224.28042121154826,0.0,"{""seabed"": 0.7966, ""auv"": 0.2034}"
deadline,deadline_s,10800.0,3,cloud,758,562.2790360217656,599.9538018876563,693.9464154424596,0.0,1.0,9.600000000007029,0.0,"{""cloud"": 1.0}"
deadline,deadline_s,10800.0,3,sensor,758,52.386689531261645,52.58714533517876,79.5697592666785,1.0,1.0,252.320392009013,0.0,"{""seabed"": 1.0}"
deadline,deadline_s,10800.0,3,surface,758,190.0584604916073,186.35592895758737,288.05535497874394,0.44854881266490765,1.0,3654.5074044477374,0.0,"{""buoy"": 1.0}"
deadline,deadline_s,10800.0,3,statopt,758,189.2382483312349,186.14881982284177,287.0869860047221,0.4525065963060686,1.0,3654.5074044477374,0.0,"{""cloud"": 1.0}"
deadline,deadline_s,10800.0,3,cacgr,758,60.155162489323935,56.42432518978051,115.77497209156441,1.0,1.0,197.3164146249233,0.0,"{""seabed"": 0.7797, ""auv"": 0.2203}"
deadline,deadline_s,10800.0,4,cloud,790,622.203682889514,620.2105514490611,768.2859051703614,0.0,1.0,9.600000000003964,0.0,"{""cloud"": 1.0}"
deadline,deadline_s,10800.0,4,sensor,790,50.2464863144051,49.52221985419455,79.50667766401736,1.0,1.0,268.77215189872175,0.0,"{""seabed"": 1.0}"
deadline,deadline_s,10800.0,4,surface,790,280.9075177822951,291.3618850966442,370.03668903073105,0.09620253164556962,1.0,3539.194473779348,0.0,"{""buoy"": 1.0}"
deadline,deadline_s,10800.0,4,statopt,790,196.07216619351973,200.26027732293974,267.9431294798226,0.27974683544303797,1.0,3491.445555732332,0.0,"{""cloud"": 0.8848, ""seabed"": 0.1152}"
deadline,deadline_s,10800.0,4,cacgr,790,58.19113632662018,54.10158524589637,116.1123578340215,1.0,1.0,217.53509728750984,0.0,"{""seabed"": 0.8076, ""auv"": 0.1924}"
deadline,deadline_s,10800.0,5,cloud,763,610.6704987251568,626.862786218375,703.4659513391309,0.0,1.0,9.600000000006274,0.0,"{""cloud"": 1.0}"
deadline,deadline_s,10800.0,5,sensor,763,52.923441598285756,52.43244369196643,80.14742503072179,1.0,1.0,287.89215502712926,0.0,"{""seabed"": 1.0}"
deadline,deadline_s,10800.0,5,surface,763,276.7019721856612,268.036991053751,423.6304952458878,0.07077326343381389,1.0,3705.556673282119,0.0,"{""buoy"": 1.0}"
deadline,deadline_s,10800.0,5,statopt,763,99.16169776741744,100.28747613412415,143.18279945531296,1.0,1.0,3500.897351057813,0.0,"{""cloud"": 0.8506, ""seabed"": 0.1494}"
deadline,deadline_s,10800.0,5,cacgr,763,62.64776667075668,57.5513052452631,120.98224094202628,1.0,1.0,221.92618910314502,0.0,"{""seabed"": 0.768, ""auv"": 0.232}"
deadline,deadline_s,10800.0,6,cloud,729,586.2409115788183,598.4305083485327,745.9114120506196,0.0,1.0,9.600000000008261,0.0,"{""cloud"": 1.0}"
deadline,deadline_s,10800.0,6,sensor,729,50.44120802065902,49.68787147846936,79.13360659515132,1.0,1.0,266.7658240250655,0.0,"{""seabed"": 1.0}"
deadline,deadline_s,10800.0,6,surface,729,270.797666753329,274.4962676318634,395.5488808559981,0.12208504801097393,1.0,3780.267679404232,0.0,"{""buoy"": 1.0}"
deadline,deadline_s,10800.0,6,statopt,729,164.6252053173202,156.284577731753,259.45850510438856,0.6021947873799726,1.0,3783.2462322554925,0.0,"{""cloud"": 0.8985, ""seabed"": 0.1015}"
deadline,deadline_s,10800.0,6,cacgr,729,59.20395212579966,53.658307882317985,122.52460761721912,1.0,1.0,206.21351832254183,0.0,"{""seabed"": 0.7695, ""auv"": 0.2305}"
deadline,deadline_s,10800.0,7,cloud,757,621.7230418293867,650.8915001016678,729.7745355350216,0.0,1.0,9.600000000007762,0.0,"{""cloud"": 1.0}"
deadline,deadline_s,10800.0,7,sensor,757,52.15632249115866,51.86782800198077,80.52702908055696,1.0,1.0,266.49330062274504,0.0,"{""seabed"": 1.0}"
deadline,deadline_s,10800.0,7,surface,757,267.81367280991407,268.1372787776726,374.4733152902117,0.09114927344782034,1.0,3580.1304789582528,0.0,"{""buoy"": 1.0}"
deadline,deadline_s,10800.0,7,statopt,757,178.9074811985631,186.50939219772263,231.55280708663733,0.4372523117569353,1.0,3532.182149990523,0.0,"{""cloud"": 0.86, ""seabed"": 0.14}"
deadline,deadline_s,10800.0,7,cacgr,757,60.87149508194344,55.22630127876949,124.28018331093247,1.0,1.0,210.35681600300816,0.0,"{""seabed"": 0.7873, ""auv"": 0.2127}"
deadline,deadline_s,10800.0,8,cloud,772,537.6285059512867,536.5887135012184,760.943050713984,0.015544041450777202,1.0,9.600000000006183,0.0,"{""cloud"": 1.0}"
deadline,deadline_s,10800.0,8,sensor,772,49.873757327398984,48.51391018355001,81.97312761838215,1.0,1.0,279.7202072538606,0.0,"{""seabed"": 1.0}"
deadline,deadline_s,10800.0,8,surface,772,309.86018170020213,301.6500741672371,436.4059672297121,0.05310880829015544,1.0,3625.359928941482,0.0,"{""buoy"": 1.0}"
deadline,deadline_s,10800.0,8,statopt,772,72.67240878152573,71.46560178690387,116.73903190269746,1.0,1.0,3306.960284233854,0.0,"{""cloud"": 0.8705, ""seabed"": 0.1295}"
deadline,deadline_s,10800.0,8,cacgr,772,57.79238239579828,53.67642594136547,111.34517899785423,1.0,1.0,218.5538415987946,0.0,"{""seabed"": 0.7798, ""auv"": 0.2202}"
deadline,deadline_s,10800.0,9,cloud,819,690.6218506919237,711.2067745893856,809.5478260985305,0.0,1.0,9.600000000006688,0.0,"{""cloud"": 1.0}"
deadline,deadline_s,10800.0,9,sensor,819,51.183681865249746,50.52515312772072,79.78611056469816,1.0,1.0,269.5911390196926,0.0,"{""seabed"": 1.0}"
deadline,deadline_s,10800.0,9,surface,819,311.02110057698263,322.4339110142925,430.40697247554914,0.08424908424908426,1.0,3504.621583115251,0.0,"{""buoy"": 1.0}"
deadline,deadline_s,10800.0,9,statopt,819,55.95846755872854,55.85454746983523,84.79599206739236,1.0,1.0,2634.4786324785982,0.0,"{""cloud"": 0.7497, ""seabed"": 0.2503}"
deadline,deadline_s,10800.0,9,cacgr,819,59.52702355577823,54.79961355633592,120.31646265169711,1.0,1.0,206.4599309262007,0.0,"{""seabed"": 0.7643, ""auv"": 0.2357}"
deadline,deadline_s,10800.0,10,cloud,786,626.2295017793682,641.6365271622958,754.4856620250342,0.002544529262086514,1.0,9.600000000004725,0.0,"{""cloud"": 1.0}"
deadline,deadline_s,10800.0,10,sensor,786,50.51947972139986,49.534332010399524,77.17745925305917,1.0,1.0,279.1537622682638,0.0,"{""seabed"": 1.0}"
deadline,deadline_s,10800.0,10,surface,786,304.3572264101746,320.19236661970905,420.4500702797654,0.1005089058524173,1.0,3604.4651748454826,0.0,"{""buoy"": 1.0}"
deadline,deadline_s,10800.0,10,statopt,786,50.47298065127073,49.5215640411494,77.17745858639252,1.0,1.0,1886.6964740094372,0.0,"{""cloud"": 0.6132, ""seabed"": 0.3868}"
deadline,deadline_s,10800.0,10,cacgr,786,60.00147284795765,54.32298395978669,122.44859243449757,1.0,1.0,214.71159869138154,0.0,"{""seabed"": 0.7684, ""auv"": 0.2316}"
deadline,deadline_s,10800.0,11,cloud,770,641.5272688519166,644.1019843640593,725.9467114909481,0.0,1.0,9.600000000005995,0.0,"{""cloud"": 1.0}"
deadline,deadline_s,10800.0,11,sensor,770,53.334039357658085,53.539879681957956,80.93240644937448,1.0,1.0,295.6456400742069,0.0,"{""seabed"": 1.0}"
deadline,deadline_s,10800.0,11,surface,770,325.95764210457526,326.96447569855843,439.0539045281654,0.04285714285714286,1.0,3601.4239525046087,0.0,"{""buoy"": 1.0}"
deadline,deadline_s,10800.0,11,statopt,770,101.11997303344785,99.5723146244986,170.45889046169833,0.9727272727272728,1.0,3308.456413209621,0.0,"{""cloud"": 0.7442, ""seabed"": 0.2558}"
deadline,deadline_s,10800.0,11,cacgr,770,60.05322637918109,56.87545485320513,110.9468529047859,1.0,1.0,243.07995250463455,0.0,"{""seabed"": 0.8208, ""auv"": 0.1792}"
deadline,deadline_s,10800.0,12,cloud,792,685.0739190344472,694.7728048952807,800.0142496042556,0.0,1.0,9.600000000006,0.0,"{""cloud"": 1.0}"
deadline,deadline_s,10800.0,12,sensor,792,51.40780845580876,50.249017595510786,82.46912516377546,1.0,1.0,259.1338383838163,0.0,"{""seabed"": 1.0}"
deadline,deadline_s,10800.0,12,surface,792,270.355262050449,288.53894257444693,375.5977350696029,0.15151515151515152,1.0,3533.8066378065864,0.0,"{""buoy"": 1.0}"
deadline,deadline_s,10800.0,12,statopt,792,94.88279895471534,89.55849440015056,160.5037704418461,0.9936868686868687,1.0,3224.945177489133,0.0,"{""cloud"": 0.8801, ""seabed"": 0.1199}"
deadline,deadline_s,10800.0,12,cacgr,792,60.252101056971874,54.76551158032213,124.73276604559197,1.0,1.0,200.60722655120833,0.0,"{""seabed"": 0.7753, ""auv"": 0.2247}"
deadline,deadline_s,10800.0,13,cloud,769,595.5086124036962,613.6455513501753,683.8955795271987,0.0,1.0,9.600000000004503,0.0,"{""cloud"": 1.0}"
deadline,deadline_s,10800.0,13,sensor,769,51.60384703221499,50.56431368494256,79.96405712320008,1.0,1.0,246.53836150841536,0.0,"{""seabed"": 1.0}"
deadline,deadline_s,10800.0,13,surface,769,110.26217601513854,102.27719498498242,187.25181599132935,0.9232769830949284,1.0,3509.344407207817,0.0,"{""buoy"": 1.0}"
deadline,deadline_s,10800.0,13,statopt,769,109.51327209600979,101.41114542210295,186.83828054128068,0.9258777633289987,1.0,3509.344407207817,0.0,"{""cloud"": 1.0}"
deadline,deadline_s,10800.0,13,cacgr,769,60.389476318627445,55.33059664412261,121.95368441081398,1.0,1.0,190.51491287383126,0.0,"{""seabed"": 0.7698, ""auv"": 0.2302}"
deadline,deadline_s,10800.0,14,cloud,750,595.9308872645263,617.5912708750116,736.7901141030967,0.0,1.0,9.600000000005632,0.0,"{""cloud"": 1.0}"
deadline,deadline_s,10800.0,14,sensor,750,52.96512689527155,51.75200861320603,83.18845825525203,1.0,1.0,259.8095238095044,0.0,"{""seabed"": 1.0}"
deadline,deadline_s,10800.0,14,surface,750,253.32801355522258,263.9876129802934,352.3686805021533,0.148,1.0,3640.1756220951925,0.0,"{""buoy"": 1.0}"
deadline,deadline_s,10800.0,14,statopt,750,76.31305542412548,72.75569723883152,119.54349818945573,1.0,1.0,3311.2571428571023,0.0,"{""cloud"": 0.8813, ""seabed"": 0.1187}"
deadline,deadline_s,10800.0,14,cacgr,750,60.76781274055426,55.92217150758308,117.36807785241301,1.0,1.0,204.64484876188916,0.0,"{""seabed"": 0.784, ""auv"": 0.216}"
deadline,deadline_s,10800.0,15,cloud,770,567.9445978672295,607.2544111405225,702.1696947739157,0.0,1.0,9.600000000004483,0.0,"{""cloud"": 1.0}"
deadline,deadline_s,10800.0,15,sensor,770,52.35004132006013,51.35610989457667,80.9462203557601,1.0,1.0,254.96846011128886,0.0,"{""seabed"": 1.0}"
deadline,deadline_s,10800.0,15,surface,770,199.0149475121976,207.06515763446575,276.8266123017941,0.2805194805194805,1.0,3560.4909298700773,0.0,"{""buoy"": 1.0}"
deadline,deadline_s,10800.0,15,statopt,770,196.5912348498052,205.58137590111576,274.3366141590179,0.3064935064935065,1.0,3560.4909298700773,0.0,"{""cloud"": 1.0}"
deadline,deadline_s,10800.0,15,cacgr,770,60.47000180222524,55.342201750484556,119.91191092220953,1.0,1.0,199.9677565862442,0.0,"{""seabed"": 0.7844, ""auv"": 0.2156}"
deadline,deadline_s,10800.0,16,cloud,748,596.7902599629119,607.8398373252586,745.0934620957029,0.0,1.0,9.600000000006327,0.0,"{""cloud"": 1.0}"
deadline,deadline_s,10800.0,16,sensor,748,51.91596160718687,52.16315822115224,78.2664645420846,1.0,1.0,247.64553093960936,0.0,"{""seabed"": 1.0}"
deadline,deadline_s,10800.0,16,surface,748,104.91508485688396,106.57278956716806,154.86133664054623,0.9852941176470589,1.0,3638.365689839508,0.0,"{""buoy"": 1.0}"
deadline,deadline_s,10800.0,16,statopt,748,104.40447625398454,106.12064050688451,153.74058366546475,0.9866310160427807,1.0,3638.365689839508,0.0,"{""cloud"": 1.0}"
deadline,deadline_s,10800.0,16,cacgr,748,59.8255841499766,55.12501603202703,117.32621715652752,1.0,1.0,198.4005347593251,0.0,"{""seabed"": 0.7995, ""auv"": 0.2005}"
deadline,deadline_s,10800.0,17,cloud,733,594.9463837246224,606.1395751182533,707.0631413078255,0.0,1.0,9.60000000000642,0.0,"{""cloud"": 1.0}"
deadline,deadline_s,10800.0,17,sensor,733,52.35524527054384,51.87778232498531,81.48815137075871,1.0,1.0,299.93412590140053,0.0,"{""seabed"": 1.0}"
deadline,deadline_s,10800.0,17,surface,733,328.1333700550944,323.3320249492589,461.5737236777194,0.04911323328785812,1.0,3974.1134125901185,0.0,"{""buoy"": 1.0}"
deadline,deadline_s,10800.0,17,statopt,733,54.972121837191416,54.34992424003455,84.76362576863572,1.0,1.0,2286.311050477494,0.0,"{""seabed"": 0.5007, ""cloud"": 0.4993}"
deadline,deadline_s,10800.0,17,cacgr,733,60.57271042999002,56.12928353180311,117.81449917409815,1.0,1.0,237.48313233288866,0.0,"{""seabed"": 0.7899, ""auv"": 0.2101}"
deadline,deadline_s,10800.0,18,cloud,782,574.3370664465377,593.6312950446663,675.1598806497694,0.0,1.0,9.600000000006132,0.0,"{""cloud"": 1.0}"
deadline,deadline_s,10800.0,18,sensor,782,50.64684738462339,50.34495632022793,75.27806144689369,1.0,1.0,242.23565948114083,0.0,"{""seabed"": 1.0}"
deadline,deadline_s,10800.0,18,surface,782,79.89647094888257,75.35464394783824,135.31697795991866,1.0,1.0,3184.3198421628886,0.0,"{""buoy"": 1.0}"
deadline,deadline_s,10800.0,18,statopt,782,79.02537834441245,74.44017252259188,134.70354493507946,1.0,1.0,3184.3198421628886,0.0,"{""cloud"": 1.0}"
deadline,deadline_s,10800.0,18,cacgr,782,60.37135796978928,55.130717366323005,121.75582933633231,1.0,1.0,186.92580197292887,0.0,"{""seabed"": 0.7698, ""auv"": 0.2302}"
deadline,deadline_s,10800.0,19,cloud,753,639.7206001607798,648.0099287221999,732.0392709828985,0.0,1.0,9.600000000007444,0.0,"{""cloud"": 1.0}"
deadline,deadline_s,10800.0,19,sensor,753,55.539797725731816,54.745358432519424,83.28081860602717,1.0,1.0,309.3800037943556,0.0,"{""seabed"": 1.0}"
deadline,deadline_s,10800.0,19,surface,753,357.529779611453,358.7971831604756,495.3104347222527,0.04249667994687915,1.0,3633.394531587915,0.0,"{""buoy"": 1.0}"
deadline,deadline_s,10800.0,19,statopt,753,56.41296118461908,55.884045992641404,84.66700350660102,1.0,1.0,2034.8210965661146,0.0,"{""cloud"": 0.5153, ""seabed"": 0.4847}"
deadline,deadline_s,10800.0,19,cacgr,753,63.1348816421905,59.70302143003112,118.06548374455105,1.0,1.0,242.9597601973131,0.0,"{""seabed"": 0.7782, ""auv"": 0.2218}"
deadline,deadline_s,10800.0,20,cloud,812,652.1720837228291,648.4713712034114,760.9582147968467,0.0,1.0,9.600000000007316,0.0,"{""cloud"": 1.0}"
deadline,deadline_s,10800.0,20,sensor,812,50.92402910966457,50.69760268738755,81.30876522913759,1.0,1.0,294.8483462350384,0.0,"{""seabed"": 1.0}"
deadline,deadline_s,10800.0,20,surface,812,360.78558344310375,365.0849944187352,499.200090956351,0.03078817733990148,1.0,3425.834482758592,0.0,"{""buoy"": 1.0}"
deadline,deadline_s,10800.0,20,statopt,812,108.12585902093555,110.29714054183545,152.2564781738689,0.9987684729064039,1.0,3261.2193505981436,0.0,"{""cloud"": 0.7463, ""seabed"": 0.2537}"
deadline,deadline_s,10800.0,20,cacgr,812,59.82635278226972,53.316807936037485,121.69202650593978,1.0,1.0,232.60703729767366,0.0,"{""seabed"": 0.7845, ""auv"": 0.2155}"
deadline,deadline_s,10800.0,21,cloud,770,628.9125168953838,637.0247058713883,753.6371393659109,0.0,1.0,9.600000000005952,0.0,"{""cloud"": 1.0}"
deadline,deadline_s,10800.0,21,sensor,770,51.38364027239665,51.26582176924627,80.50522418944182,1.0,1.0,279.1799628942457,0.0,"{""seabed"": 1.0}"
deadline,deadline_s,10800.0,21,surface,770,309.4687255805918,314.24053771154587,411.5865963127987,0.05844155844155844,1.0,3731.265656400709,0.0,"{""buoy"": 1.0}"
deadline,deadline_s,10800.0,21,statopt,770,77.25908270200213,73.2866595692154,128.75391747790155,1.0,1.0,3196.0259802597157,0.0,"{""cloud"": 0.7312, ""seabed"": 0.2688}"
deadline,deadline_s,10800.0,21,cacgr,770,59.202507605546884,55.382382586276194,118.7433023406419,1.0,1.0,219.78372393320572,0.0,"{""seabed"": 0.7805, ""auv"": 0.2195}"
deadline,deadline_s,10800.0,22,cloud,813,630.6808256678379,659.0450334440181,820.7220076060402,0.0,1.0,9.60000000000813,0.0,"{""cloud"": 1.0}"
deadline,deadline_s,10800.0,22,sensor,813,53.05244395312419,53.48964990884197,80.30144733735514,1.0,1.0,287.26620980494175,0.0,"{""seabed"": 1.0}"
deadline,deadline_s,10800.0,22,surface,813,346.49560687665326,352.9762799009923,476.00164287982614,0.05904059040590406,1.0,3555.1181950447713,0.0,"{""buoy"": 1.0}"
deadline,deadline_s,10800.0,22,statopt,813,75.37401233399933,70.74203677423648,130.39761647891243,0.996309963099631,1.0,2983.2696144789697,0.0,"{""cloud"": 0.7651, ""seabed"": 0.2349}"
deadline,deadline_s,10800.0,22,cacgr,813,62.20054643418552,58.57935801154005,121.66645249899602,1.0,1.0,218.89887049726485,0.0,"{""seabed"": 0.7614, ""auv"": 0.2386}"
deadline,deadline_s,10800.0,23,cloud,784,675.9925234789845,678.1600676222373,822.4531108415771,0.0,1.0,9.600000000007626,0.0,"{""cloud"": 1.0}"
deadline,deadline_s,10800.0,23,sensor,784,52.41718512998357,51.59576277622455,83.67700762054504,1.0,1.0,273.92966472302436,0.0,"{""seabed"": 1.0}"
deadline,deadline_s,10800.0,23,surface,784,313.28260915361534,318.90430856531054,434.68232008328886,0.0778061224489796,1.0,3569.9013177842194,0.0,"{""buoy"": 1.0}"
deadline,deadline_s,10800.0,23,statopt,784,64.97045496066845,63.10188631030657,114.21142216223483,1.0,1.0,2914.2448979591563,0.0,"{""cloud"": 0.7436, ""seabed"": 0.2564}"
deadline,deadline_s,10800.0,23,cacgr,784,61.882700464128604,57.30992197907467,124.4652557388113,1.0,1.0,207.65309037900514,0.0,"{""seabed"": 0.7513, ""auv"": 0.2487}"
deadline,deadline_s,10800.0,24,cloud,813,607.5859423835824,617.9947819744183,723.7825288873913,0.0,1.0,9.600000000007594,0.0,"{""cloud"": 1.0}"
deadline,deadline_s,10800.0,24,sensor,813,52.680623741398975,53.362156286449924,81.68553740047099,1.0,1.0,242.28290282898672,0.0,"{""seabed"": 1.0}"
deadline,deadline_s,10800.0,24,surface,813,98.78019015756686,103.26556486329355,147.28046285386554,0.997539975399754,1.0,3189.492796345044,0.0,"{""buoy"": 1.0}"
deadline,deadline_s,10800.0,24,statopt,813,97.84466877691803,102.09132583057047,146.7718137949872,0.997539975399754,1.0,3189.492796345044,0.0,"{""cloud"": 1.0}"
deadline,deadline_s,10800.0,24,cacgr,813,60.103690028218736,56.35147709588515,119.550245577271,1.0,1.0,189.5472064663141,0.0,"{""seabed"": 0.7798, ""auv"": 0.2202}"
deadline,deadline_s,10800.0,25,cloud,675,640.4481804394543,646.5677681359007,775.037018536088,0.0,1.0,9.60000000000538,0.0,"{""cloud"": 1.0}"
deadline,deadline_s,10800.0,25,sensor,675,52.36014735519552,52.12385851511353,79.10050668905254,1.0,1.0,273.16402116401025,0.0,"{""seabed"": 1.0}"
deadline,deadline_s,10800.0,25,surface,675,294.7702861363408,305.53001623824406,413.3212452567339,0.10814814814814815,1.0,4302.61329608461,0.0,"{""buoy"": 1.0}"
deadline,deadline_s,10800.0,25,statopt,675,185.87336168404786,199.14176406201514,280.22421039465405,0.4177777777777778,1.0,4094.7956412274666,0.0,"{""cloud"": 0.8726, ""seabed"": 0.1274}"
deadline,deadline_s,10800.0,25,cacgr,675,59.84198739904757,55.13450793276958,118.31770527400799,1.0,1.0,213.1123572486642,0.0,"{""seabed"": 0.7763, ""auv"": 0.2237}"
deadline,deadline_s,10800.0,26,cloud,842,530.7601984930717,543.3811402292612,724.0084821775785,0.007125890736342043,1.0,9.60000000000948,0.0,"{""cloud"": 1.0}"
deadline,deadline_s,10800.0,26,sensor,842,52.14725080979138,52.31273383879034,78.88544806974728,1.0,1.0,288.91041737358177,0.0,"{""seabed"": 1.0}"
deadline,deadline_s,10800.0,26,surface,842,338.7174416657728,341.07021481851615,470.48983157980496,0.0498812351543943,1.0,3307.237499830302,0.0,"{""buoy"": 1.0}"
deadline,deadline_s,10800.0,26,statopt,842,238.0465279669343,253.6793295764354,339.44443184132405,0.18883610451306412,1.0,3328.9259860196394,0.0,"{""cloud"": 0.8705, ""seabed"": 0.1295}"
deadline,deadline_s,10800.0,26,cacgr,842,62.66356569479399,57.549958828393635,122.75862101622944,1.0,1.0,217.58746929079177,0.0,"{""seabed"": 0.747, ""auv"": 0.253}"
deadline,deadline_s,10800.0,27,cloud,753,582.541377000007,609.6532651890469,748.2237811288308,0.0,1.0,9.600000000009588,0.0,"{""cloud"": 1.0}"
deadline,deadline_s,10800.0,27,sensor,753,50.62400139094973,49.18074466802791,82.0767720153577,1.0,1.0,280.82754695503576,0.0,"{""seabed"": 1.0}"
deadline,deadline_s,10800.0,27,surface,753,322.6687870764544,322.6685459154777,451.95366882378164,0.06772908366533864,1.0,3625.746173401602,0.0,"{""buoy"": 1.0}"
deadline,deadline_s,10800.0,27,statopt,753,152.0296104855166,157.78366395369375,209.1284525608331,0.7131474103585658,1.0,3604.620680705723,0.0,"{""cloud"": 0.7596, ""seabed"": 0.2404}"
deadline,deadline_s,10800.0,27,cacgr,753,59.279617837015266,53.5273321095757,119.27785207319874,1.0,1.0,222.96998064883437,0.0,"{""seabed"": 0.7862, ""auv"": 0.2138}"
deadline,deadline_s,10800.0,28,cloud,756,601.0065464355241,629.1895887636646,748.616981215988,0.0,1.0,9.600000000006665,0.0,"{""cloud"": 1.0}"
deadline,deadline_s,10800.0,28,sensor,756,53.09161642320658,51.96197048274301,86.16654166618888,1.0,1.0,267.5234315948462,0.0,"{""seabed"": 1.0}"
deadline,deadline_s,10800.0,28,surface,756,265.0668308434445,265.37699885351816,391.7964176998873,0.1455026455026455,1.0,3713.362854119387,0.0,"{""buoy"": 1.0}"
deadline,deadline_s,10800.0,28,statopt,756,55.65595889819566,53.870448218409095,90.03760694483114,1.0,1.0,2619.08238851093,0.0,"{""cloud"": 0.7632, ""seabed"": 0.2368}"
deadline,deadline_s,10800.0,28,cacgr,756,62.32518395983788,55.97587349642711,123.1139604091313,1.0,1.0,207.56631897201814,0.0,"{""seabed"": 0.7751, ""auv"": 0.2249}"
deadline,deadline_s,10800.0,29,cloud,782,636.6560718349533,648.1535313000313,730.6115446463413,0.0,1.0,9.6000000000075,0.0,"{""cloud"": 1.0}"
deadline,deadline_s,10800.0,29,sensor,782,49.286405185514305,47.68452843165566,78.35024798924941,1.0,1.0,292.19912312752354,0.0,"{""seabed"": 1.0}"
deadline,deadline_s,10800.0,29,surface,782,326.07220960931346,323.17302330035807,452.91834029610015,0.0370843989769821,1.0,3524.2832356594595,0.0,"{""buoy"": 1.0}"
deadline,deadline_s,10800.0,29,statopt,782,68.07058838795392,66.93329183080532,110.53069298711594,1.0,1.0,3050.154914139564,0.0,"{""cloud"": 0.624, ""seabed"": 0.376}"
deadline,deadline_s,10800.0,29,cacgr,782,57.40812963972473,52.31725322930797,116.02031578837968,1.0,1.0,226.94941322616702,0.0,"{""seabed"": 0.7749, ""auv"": 0.2251}"
deadline,deadline_s,21600.0,0,cloud,764,629.336691983321,643.4511212429838,775.3538275438713,0.003926701570680628,1.0,9.60000000000571,0.0,"{""cloud"": 1.0}"
deadline,deadline_s,21600.0,0,sensor,764,53.63382930175517,53.72025850305696,79.77030372892709,1.0,1.0,285.11518324607835,0.0,"{""seabed"": 1.0}"
deadline,deadline_s,21600.0,0,surface,764,307.08009191484,314.00889750225457,422.8795871241856,0.7107329842931938,1.0,3629.669564697053,0.0,"{""buoy"": 1.0}"
deadline,deadline_s,21600.0,0,statopt,764,58.25570630889461,58.370806876287475,91.43948658839882,1.0,1.0,2675.448017950626,0.0,"{""cloud"": 0.6414, ""seabed"": 0.3586}"
deadline,deadline_s,21600.0,0,cacgr,764,109.92499906917162,73.79557641182352,263.2065873988669,1.0,1.0,142.1435243081491,0.0,"{""auv"": 0.5052, ""seabed"": 0.4948}"
deadline,deadline_s,21600.0,1,cloud,727,527.4115101520973,530.117495998639,713.5356985108822,0.11691884456671252,1.0,9.600000000007828,0.0,"{""cloud"": 1.0}"
deadline,deadline_s,21600.0,1,sensor,727,50.16068107115189,49.176568081276976,78.97720976126041,1.0,1.0,273.91982707800565,0.0,"{""seabed"": 1.0}"
deadline,deadline_s,21600.0,1,surface,727,254.80936735177207,258.5882292604302,377.95698375531424,0.9160935350756534,1.0,3857.4863147965875,0.0,"{""buoy"": 1.0}"
deadline,deadline_s,21600.0,1,statopt,727,59.09676317528139,57.960736518458965,91.51567216509511,1.0,1.0,2896.243011986616,0.0,"{""cloud"": 0.7428, ""seabed"": 0.2572}"
deadline,deadline_s,21600.0,1,cacgr,727,111.63202431351604,69.36773952004756,268.46089359585613,1.0,1.0,129.9685973668612,0.0,"{""auv"": 0.5282, ""seabed"": 0.4718}"
deadline,deadline_s,21600.0,2,cloud,757,667.9238359253239,660.1702646916723,807.9665756745648,0.0,1.0,9.600000000003769,0.0,"{""cloud"": 1.0}"
deadline,deadline_s,21600.0,2,sensor,757,52.04819041156683,51.82185200432317,80.92351211419047,1.0,1.0,281.4961313455384,0.0,"{""seabed"": 1.0}"
deadline,deadline_s,21600.0,2,surface,757,331.8205237352244,338.9837840109175,441.15628997571974,0.6129458388375165,1.0,3689.6226306850044,0.0,"{""buoy"": 1.0}"
deadline,deadline_s,21600.0,2,statopt,757,53.03401425898621,52.77832014336563,82.00036519672014,1.0,1.0,2290.5827514625294,0.0,"{""cloud"": 0.6328, ""seabed"": 0.3672}"
deadline,deadline_s,21600.0,2,cacgr,757,105.14343583880776,70.19461470096867,264.33010724217945,1.0,1.0,150.1419588601575,0.0,"{""seabed"": 0.531, ""auv"": 0.469}"
deadline,deadline_s,21600.0,3,cloud,758,562.2790360217656,599.9538018876563,693.9464154424596,0.09234828496042216,1.0,9.600000000007029,0.0,"{""cloud"": 1.0}"
deadline,deadline_s,21600.0,3,sensor,758,52.386689531261645,52.58714533517876,79.5697592666785,1.0,1.0,252.320392009013,0.0,"{""seabed"": 1.0}"
deadline,deadline_s,21600.0,3,surface,758,190.0584604916073,186.35592895758737,288.05535497874394,1.0,1.0,3654.5074044477374,0.0,"{""buoy"": 1.0}"
deadline,deadline_s,21600.0,3,statopt,758,189.2382483312349,186.14881982284177,287.0869860047221,1.0,1.0,3654.5074044477374,0.0,"{""cloud"": 1.0}"
deadline,deadline_s,21600.0,3,cacgr,758,108.17885862526175,69.16631696493936,272.51601956779734,1.0,1.0,126.81709460985509,0.0,"{""auv"": 0.5053, ""seabed"": 0.4947}"
deadline,deadline_s,21600.0,4,cloud,790,622.203682889514,620.2105514490611,768.2859051703614,0.0,1.0,9.600000000003964,0.0,"{""cloud"": 1.0}"
deadline,deadline_s,21600.0,4,sensor,790,50.2464863144051,49.52221985419455,79.50667766401736,1.0,1.0,268.77215189872175,0.0,"{""seabed"": 1.0}"
deadline,deadline_s,21600.0,4,surface,790,280.9075177822951,291.3618850966442,370.03668903073105,0.9075949367088607,1.0,3539.194473779348,0.0,"{""buoy"": 1.0}"
deadline,deadline_s,21600.0,4,statopt,790,196.07216619351973,200.26027732293974,267.9431294798226,1.0,1.0,3491.445555732332,0.0,"{""cloud"": 0.8848, ""seabed"": 0.1152}"
deadline,deadline_s,21600.0,4,cacgr,790,108.05206765292428,71.56344685344423,260.2150147814973,1.0,1.0,139.01411934899562,0.0,"{""seabed"": 0.5114, ""auv"": 0.4886}"
deadline,deadline_s,21600.0,5,cloud,763,610.6704987251568,626.862786218375,703.4659513391309,0.005242463958060288,1.0,9.600000000006274,0.0,"{""cloud"": 1.0}"
deadline,deadline_s,21600.0,5,sensor,763,52.923441598285756,52.43244369196643,80.14742503072179,1.0,1.0,287.89215502712926,0.0,"{""seabed"": 1.0}"
deadline,deadline_s,21600.0,5,surface,763,276.7019721856612,268.036991053751,423.6304952458878,0.8558322411533421,1.0,3705.556673282119,0.0,"{""buoy"": 1.0}"
deadline,deadline_s,21600.0,5,statopt,763,99.16169776741744,100.28747613412415,143.18279945531296,1.0,1.0,3500.897351057813,0.0,"{""cloud"": 0.8506, ""seabed"": 0.1494}"
deadline,deadline_s,21600.0,5,cacgr,763,112.16867621592642,75.46741326600605,267.92126286296053,1.0,1.0,139.066059539395,0.0,"{""auv"": 0.5216, ""seabed"": 0.4784}"
deadline,deadline_s,21600.0,6,cloud,729,586.2409115788183,598.4305083485327,745.9114120506196,0.037037037037037035,1.0,9.600000000008261,0.0,"{""cloud"": 1.0}"
deadline,deadline_s,21600.0,6,sensor,729,50.44120802065902,49.68787147846936,79.13360659515132,1.0,1.0,266.7658240250655,0.0,"{""seabed"": 1.0}"
deadline,deadline_s,21600.0,6,surface,729,270.797666753329,274.4962676318634,395.5488808559981,0.8888888888888888,1.0,3780.267679404232,0.0,"{""buoy"": 1.0}"
deadline,deadline_s,21600.0,6,statopt,729,164.6252053173202,156.284577731753,259.45850510438856,1.0,1.0,3783.2462322554925,0.0,"{""cloud"": 0.8985, ""seabed"": 0.1015}"
deadline,deadline_s,21600.0,6,cacgr,729,110.2823965843497,74.35812948072076,261.8123841106586,1.0,1.0,125.21203370565311,0.0,"{""auv"": 0.5364, ""seabed"": 0.4636}"
deadline,deadline_s,21600.0,7,cloud,757,621.7230418293867,650.8915001016678,729.7745355350216,0.0,1.0,9.600000000007762,0.0,"{""cloud"": 1.0}"
deadline,deadline_s,21600.0,7,sensor,757,52.15632249115866,51.86782800198077,80.52702908055696,1.0,1.0,266.49330062274504,0.0,"{""seabed"": 1.0}"
deadline,deadline_s,21600.0,7,surface,757,267.81367280991407,268.1372787776726,374.4733152902117,0.9128137384412153,1.0,3580.1304789582528,0.0,"{""buoy"": 1.0}"
deadline,deadline_s,21600.0,7,statopt,757,178.9074811985631,186.50939219772263,231.55280708663733,1.0,1.0,3532.182149990523,0.0,"{""cloud"": 0.86, ""seabed"": 0.14}"
deadline,deadline_s,21600.0,7,cacgr,757,114.1527887649922,75.84763703465288,270.1460224176732,1.0,1.0,126.86945914322472,0.0,"{""auv"": 0.5324, ""seabed"": 0.4676}"
deadline,deadline_s,21600.0,8,cloud,772,537.6285059512867,536.5887135012184,760.943050713984,0.15155440414507773,1.0,9.600000000006183,0.0,"{""cloud"": 1.0}"
deadline,deadline_s,21600.0,8,sensor,772,49.873757327398984,48.51391018355001,81.97312761838215,1.0,1.0,279.7202072538606,0.0,"{""seabed"": 1.0}"
deadline,deadline_s,21600.0,8,surface,772,309.86018170020213,301.6500741672371,436.4059672297121,0.7474093264248705,1.0,3625.359928941482,0.0,"{""buoy"": 1.0}"
deadline,deadline_s,21600.0,8,statopt,772,72.67240878152573,71.46560178690387,116.73903190269746,1.0,1.0,3306.960284233854,0.0,"{""cloud"": 0.8705, ""seabed"": 0.1295}"
deadline,deadline_s,21600.0,8,cacgr,772,106.34796127456902,69.20398901989041,264.8840632389966,1.0,1.0,139.0000592153802,0.0,"{""auv"": 0.5052, ""seabed"": 0.4948}"
deadline,deadline_s,21600.0,9,cloud,819,690.6218506919237,711.2067745893856,809.5478260985305,0.006105006105006105,1.0,9.600000000006688,0.0,"{""cloud"": 1.0}"
deadline,deadline_s,21600.0,9,sensor,819,51.183681865249746,50.52515312772072,79.78611056469816,1.0,1.0,269.5911390196926,0.0,"{""seabed"": 1.0}"
deadline,deadline_s,21600.0,9,surface,819,311.02110057698263,322.4339110142925,430.40697247554914,0.7216117216117216,1.0,3504.621583115251,0.0,"{""buoy"": 1.0}"
deadline,deadline_s,21600.0,9,statopt,819,55.95846755872854,55.85454746983523,84.79599206739236,1.0,1.0,2634.4786324785982,0.0,"{""cloud"": 0.7497, ""seabed"": 0.2503}"
deadline,deadline_s,21600.0,9,cacgr,819,108.08311181568754,71.84741144801325,265.6553239912434,1.0,1.0,130.9373410081826,0.0,"{""auv"": 0.5214, ""seabed"": 0.4786}"
deadline,deadline_s,21600.0,10,cloud,786,626.2295017793682,641.6365271622958,754.4856620250342,0.04198473282442748,1.0,9.600000000004725,0.0,"{""cloud"": 1.0}"
deadline,deadline_s,21600.0,10,sensor,786,50.51947972139986,49.534332010399524,77.17745925305917,1.0,1.0,279.1537622682638,0.0,"{""seabed"": 1.0}"
deadline,deadline_s,21600.0,10,surface,786,304.3572264101746,320.19236661970905,420.4500702797654,0.7366412213740458,1.0,3604.4651748454826,0.0,"{""buoy"": 1.0}"
deadline,deadline_s,21600.0,10,statopt,786,50.47298065127073,49.5215640411494,77.17745858639252,1.0,1.0,1886.6964740094372,0.0,"{""cloud"": 0.6132, ""seabed"": 0.3868}"
deadline,deadline_s,21600.0,10,cacgr,786,111.84679864006121,74.78853807098209,260.5727573287514,1.0,1.0,127.31766194110584,0.0,"{""auv"": 0.5433, ""seabed"": 0.4567}"
deadline,deadline_s,21600.0,11,cloud,770,641.5272688519166,644.1019843640593,725.9467114909481,0.0,1.0,9.600000000005995,0.0,"{""cloud"": 1.0}"
deadline,deadline_s,21600.0,11,sensor,770,53.334039357658085,53.539879681957956,80.93240644937448,1.0,1.0,295.6456400742069,0.0,"{""seabed"": 1.0}"
deadline,deadline_s,21600.0,11,surface,770,325.95764210457526,326.96447569855843,439.0539045281654,0.6480519480519481,1.0,3601.4239525046087,0.0,"{""buoy"": 1.0}"
deadline,deadline_s,21600.0,11,statopt,770,101.11997303344785,99.5723146244986,170.45889046169833,1.0,1.0,3308.456413209621,0.0,"{""cloud"": 0.7442, ""seabed"": 0.2558}"
deadline,deadline_s,21600.0,11,cacgr,770,108.93560501241137,71.43053907491466,262.84443593320515,1.0,1.0,157.68245491650904,0.0,"{""seabed"": 0.5273, ""auv"": 0.4727}"
deadline,deadline_s,21600.0,12,cloud,792,685.0739190344472,694.7728048952807,800.0142496042556,0.0,1.0,9.600000000006,0.0,"{""cloud"": 1.0}"
deadline,deadline_s,21600.0,12,sensor,792,51.40780845580876,50.249017595510786,82.46912516377546,1.0,1.0,259.1338383838163,0.0,"{""seabed"": 1.0}"
deadline,deadline_s,21600.0,12,surface,792,270.355262050449,288.53894257444693,375.5977350696029,0.9154040404040404,1.0,3533.8066378065864,0.0,"{""buoy"": 1.0}"
deadline,deadline_s,21600.0,12,statopt,792,94.88279895471534,89.55849440015056,160.5037704418461,1.0,1.0,3224.945177489133,0.0,"{""cloud"": 0.8801, ""seabed"": 0.1199}"
deadline,deadline_s,21600.0,12,cacgr,792,107.97184401973715,73.23818445168901,260.4522900454782,1.0,1.0,124.28718326116831,0.0,"{""auv"": 0.5215, ""seabed"": 0.4785}"
deadline,deadline_s,21600.0,13,cloud,769,595.5086124036962,613.6455513501753,683.8955795271987,0.04681404421326398,1.0,9.600000000004503,0.0,"{""cloud"": 1.0}"
deadline,deadline_s,21600.0,13,sensor,769,51.60384703221499,50.56431368494256,79.96405712320008,1.0,1.0,246.53836150841536,0.0,"{""seabed"": 1.0}"
deadline,deadline_s,21600.0,13,surface,769,110.26217601513854,102.27719498498242,187.25181599132935,1.0,1.0,3509.344407207817,0.0,"{""buoy"": 1.0}"
deadline,deadline_s,21600.0,13,statopt,769,109.51327209600979,101.41114542210295,186.83828054128068,1.0,1.0,3509.344407207817,0.0,"{""cloud"": 1.0}"
deadline,deadline_s,21600.0,13,cacgr,769,102.05548091304618,67.69989076421868,255.277623175516,1.0,1.0,128.5651067434262,0.0,"{""seabed"": 0.5163, ""auv"": 0.4837}"
deadline,deadline_s,21600.0,14,cloud,750,595.9308872645263,617.5912708750116,736.7901141030967,0.02266666666666667,1.0,9.600000000005632,0.0,"{""cloud"": 1.0}"
deadline,deadline_s,21600.0,14,sensor,750,52.96512689527155,51.75200861320603,83.18845825525203,1.0,1.0,259.8095238095044,0.0,"{""seabed"": 1.0}"
deadline,deadline_s,21600.0,14,surface,750,253.32801355522258,263.9876129802934,352.3686805021533,0.972,1.0,3640.1756220951925,0.0,"{""buoy"": 1.0}"
deadline,deadline_s,21600.0,14,statopt,750,76.31305542412548,72.75569723883152,119.54349818945573,1.0,1.0,3311.2571428571023,0.0,"{""cloud"": 0.8813, ""seabed"": 0.1187}"
deadline,deadline_s,21600.0,14,cacgr,750,103.30367256596072,68.27578852676197,263.17722504275457,1.0,1.0,139.51253333332141,0.0,"{""seabed"": 0.5333, ""auv"": 0.4667}"
deadline,deadline_s,21600.0,15,cloud,770,567.9445978672295,607.2544111405225,702.1696947739157,0.07792207792207792,1.0,9.600000000004483,0.0,"{""cloud"": 1.0}"
deadline,deadline_s,21600.0,15,sensor,770,52.35004132006013,51.35610989457667,80.9462203557601,1.0,1.0,254.96846011128886,0.0,"{""seabed"": 1.0}"
deadline,deadline_s,21600.0,15,surface,770,199.0149475121976,207.06515763446575,276.8266123017941,1.0,1.0,3560.4909298700773,0.0,"{""buoy"": 1.0}"
deadline,deadline_s,21600.0,15,statopt,770,196.5912348498052,205.58137590111576,274.3366141590179,1.0,1.0,3560.4909298700773,0.0,"{""cloud"": 1.0}"
deadline,deadline_s,21600.0,15,cacgr,770,109.12938254580986,73.93394052229664,266.49599949920395,1.0,1.0,122.47926975879072,0.0,"{""auv"": 0.5234, ""seabed"": 0.4766}"
deadline,deadline_s,21600.0,16,cloud,748,596.7902599629119,607.8398373252586,745.0934620957029,0.0213903743315508,1.0,9.600000000006327,0.0,"{""cloud"": 1.0}"
deadline,deadline_s,21600.0,16,sensor,748,51.91596160718687,52.16315822115224,78.2664645420846,1.0,1.0,247.64553093960936,0.0,"{""seabed"": 1.0}"
deadline,deadline_s,21600.0,16,surface,748,104.91508485688396,106.57278956716806,154.86133664054623,1.0,1.0,3638.365689839508,0.0,"{""buoy"": 1.0}"
deadline,deadline_s,21600.0,16,statopt,748,104.40447625398454,106.12064050688451,153.74058366546475,1.0,1.0,3638.365689839508,0.0,"{""cloud"": 1.0}"
deadline,deadline_s,21600.0,16,cacgr,748,106.5279649070725,70.26422890623859,261.66520259515636,1.0,1.0,127.98951871655572,0.0,"{""seabed"": 0.512, ""auv"": 0.488}"
deadline,deadline_s,21600.0,17,cloud,733,594.9463837246224,606.1395751182533,707.0631413078255,0.0,1.0,9.60000000000642,0.0,"{""cloud"": 1.0}"
deadline,deadline_s,21600.0,17,sensor,733,52.35524527054384,51.87778232498531,81.48815137075871,1.0,1.0,299.93412590140053,0.0,"{""seabed"": 1.0}"
deadline,deadline_s,21600.0,17,surface,733,328.1333700550944,323.3320249492589,461.5737236777194,0.6275579809004093,1.0,3974.1134125901185,0.0,"{""buoy"": 1.0}"
deadline,deadline_s,21600.0,17,statopt,733,54.972121837191416,54.34992424003455,84.76362576863572,1.0,1.0,2286.311050477494,0.0,"{""seabed"": 0.5007, ""cloud"": 0.4993}"
deadline,deadline_s,21600.0,17,cacgr,733,111.02128112369081,75.21705568156952,264.57221351656926,1.0,1.0,146.67435743520167,0.0,"{""auv"": 0.5198, ""seabed"": 0.4802}"
deadline,deadline_s,21600.0,18,cloud,782,574.3370664465377,593.6312950446663,675.1598806497694,0.026854219948849106,1.0,9.600000000006132,0.0,"{""cloud"": 1.0}"
deadline,deadline_s,21600.0,18,sensor,782,50.64684738462339,50.34495632022793,75.27806144689369,1.0,1.0,242.23565948114083,0.0,"{""seabed"": 1.0}"
deadline,deadline_s,21600.0,18,surface,782,79.89647094888257,75.35464394783824,135.31697795991866,1.0,1.0,3184.3198421628886,0.0,"{""buoy"": 1.0}"
deadline,deadline_s,21600.0,18,statopt,782,79.02537834441245,74.44017252259188,134.70354493507946,1.0,1.0,3184.3198421628886,0.0,"{""cloud"": 1.0}"
deadline,deadline_s,21600.0,18,cacgr,782,111.47604038383108,73.52259186180027,262.3800493975025,1.0,1.0,112.33741761049853,0.0,"{""auv"": 0.5409, ""seabed"": 0.4591}"
deadline,deadline_s,21600.0,19,cloud,753,639.7206001607798,648.0099287221999,732.0392709828985,0.0,1.0,9.600000000007444,0.0,"{""cloud"": 1.0}"
deadline,deadline_s,21600.0,19,sensor,753,55.539797725731816,54.745358432519424,83.28081860602717,1.0,1.0,309.3800037943556,0.0,"{""seabed"": 1.0}"
deadline,deadline_s,21600.0,19,surface,753,357.529779611453,358.7971831604756,495.3104347222527,0.5073041168658698,1.0,3633.394531587915,0.0,"{""buoy"": 1.0}"
deadline,deadline_s,21600.0,19,statopt,753,56.41296118461908,55.884045992641404,84.66700350660102,1.0,1.0,2034.8210965661146,0.0,"{""cloud"": 0.5153, ""seabed"": 0.4847}"
deadline,deadline_s,21600.0,19,cacgr,753,111.05409385204887,75.60204185232311,259.55562827348075,1.0,1.0,150.55089356858434,0.0,"{""auv"": 0.5246, ""seabed"": 0.4754}"
deadline,deadline_s,21600.0,20,cloud,812,652.1720837228291,648.4713712034114,760.9582147968467,0.0,1.0,9.600000000007316,0.0,"{""cloud"": 1.0}"
deadline,deadline_s,21600.0,20,sensor,812,50.92402910966457,50.69760268738755,81.30876522913759,1.0,1.0,294.8483462350384,0.0,"{""seabed"": 1.0}"
deadline,deadline_s,21600.0,20,surface,812,360.78558344310375,365.0849944187352,499.200090956351,0.4852216748768473,1.0,3425.834482758592,0.0,"{""buoy"": 1.0}"
deadline,deadline_s,21600.0,20,statopt,812,108.12585902093555,110.29714054183545,152.2564781738689,1.0,1.0,3261.2193505981436,0.0,"{""cloud"": 0.7463, ""seabed"": 0.2537}"
deadline,deadline_s,21600.0,20,cacgr,812,108.19644817145651,71.90311634119506,260.39802134582925,1.0,1.0,145.39835890217583,0.0,"{""auv"": 0.516, ""seabed"": 0.484}"
deadline,deadline_s,21600.0,21,cloud,770,628.9125168953838,637.0247058713883,753.6371393659109,0.007792207792207792,1.0,9.600000000005952,0.0,"{""cloud"": 1.0}"
deadline,deadline_s,21600.0,21,sensor,770,51.38364027239665,51.26582176924627,80.50522418944182,1.0,1.0,279.1799628942457,0.0,"{""seabed"": 1.0}"
deadline,deadline_s,21600.0,21,surface,770,309.4687255805918,314.24053771154587,411.5865963127987,0.6961038961038961,1.0,3731.265656400709,0.0,"{""buoy"": 1.0}"
deadline,deadline_s,21600.0,21,statopt,770,77.25908270200213,73.2866595692154,128.75391747790155,1.0,1.0,3196.0259802597157,0.0,"{""cloud"": 0.7312, ""seabed"": 0.2688}"
deadline,deadline_s,21600.0,21,cacgr,770,109.73952910005498,72.61647625171645,261.0377354287615,1.0,1.0,132.50031614099453,0.0,"{""auv"": 0.5299, ""seabed"": 0.4701}"
deadline,deadline_s,21600.0,22,cloud,813,630.6808256678379,659.0450334440181,820.7220076060402,0.014760147601476014,1.0,9.60000000000813,0.0,"{""cloud"": 1.0}"
deadline,deadline_s,21600.0,22,sensor,813,53.05244395312419,53.48964990884197,80.30144733735514,1.0,1.0,287.26620980494175,0.0,"{""seabed"": 1.0}"
deadline,deadline_s,21600.0,22,surface,813,346.49560687665326,352.9762799009923,476.00164287982614,0.5424354243542435,1.0,3555.1181950447713,0.0,"{""buoy"": 1.0}"
deadline,deadline_s,21600.0,22,statopt,813,75.37401233399933,70.74203677423648,130.39761647891243,1.0,1.0,2983.2696144789697,0.0,"{""cloud"": 0.7651, ""seabed"": 0.2349}"
deadline,deadline_s,21600.0,22,cacgr,813,108.2379742498987,73.24243360508912,260.26774118943797,1.0,1.0,137.01008610084904,0.0,"{""auv"": 0.5228, ""seabed"": 0.4772}"
deadline,deadline_s,21600.0,23,cloud,784,675.9925234789845,678.1600676222373,822.4531108415771,0.0,1.0,9.600000000007626,0.0,"{""cloud"": 1.0}"
deadline,deadline_s,21600.0,23,sensor,784,52.41718512998357,51.59576277622455,83.67700762054504,1.0,1.0,273.92966472302436,0.0,"{""seabed"": 1.0}"
deadline,deadline_s,21600.0,23,surface,784,313.28260915361534,318.90430856531054,434.68232008328886,0.7257653061224489,1.0,3569.9013177842194,0.0,"{""buoy"": 1.0}"
deadline,deadline_s,21600.0,23,statopt,784,64.97045496066845,63.10188631030657,114.21142216223483,1.0,1.0,2914.2448979591563,0.0,"{""cloud"": 0.7436, ""seabed"": 0.2564}"
deadline,deadline_s,21600.0,23,cacgr,784,109.6761850377962,74.03313770206903,269.58458084385495,1.0,1.0,130.86580174926783,0.0,"{""auv"": 0.5293, ""seabed"": 0.4707}"
deadline,deadline_s,21600.0,24,cloud,813,607.5859423835824,617.9947819744183,723.7825288873913,0.0,1.0,9.600000000007594,0.0,"{""cloud"": 1.0}"
deadline,deadline_s,21600.0,24,sensor,813,52.680623741398975,53.362156286449924,81.68553740047099,1.0,1.0,242.28290282898672,0.0,"{""seabed"": 1.0}"
deadline,deadline_s,21600.0,24,surface,813,98.78019015756686,103.26556486329355,147.28046285386554,1.0,1.0,3189.492796345044,0.0,"{""buoy"": 1.0}"
deadline,deadline_s,21600.0,24,statopt,813,97.84466877691803,102.09132583057047,146.7718137949872,1.0,1.0,3189.492796345044,0.0,"{""cloud"": 1.0}"
deadline,deadline_s,21600.0,24,cacgr,813,110.36978435558116,73.18563388677879,261.75982166181615,1.0,1.0,117.95273660162538,0.0,"{""auv"": 0.5203, ""seabed"": 0.4797}"
deadline,deadline_s,21600.0,25,cloud,675,640.4481804394543,646.5677681359007,775.037018536088,0.011851851851851851,1.0,9.60000000000538,0.0,"{""cloud"": 1.0}"
deadline,deadline_s,21600.0,25,sensor,675,52.36014735519552,52.12385851511353,79.10050668905254,1.0,1.0,273.16402116401025,0.0,"{""seabed"": 1.0}"
deadline,deadline_s,21600.0,25,surface,675,294.7702861363408,305.53001623824406,413.3212452567339,0.7703703703703704,1.0,4302.61329608461,0.0,"{""buoy"": 1.0}"
deadline,deadline_s,21600.0,25,statopt,675,185.87336168404786,199.14176406201514,280.22421039465405,1.0,1.0,4094.7956412274666,0.0,"{""cloud"": 0.8726, ""seabed"": 0.1274}"
deadline,deadline_s,21600.0,25,cacgr,675,107.87639942534264,70.91934461265579,267.1639315170411,1.0,1.0,133.52186243385177,0.0,"{""auv"": 0.5185, ""seabed"": 0.4815}"
deadline,deadline_s,21600.0,26,cloud,842,530.7601984930717,543.3811402292612,724.0084821775785,0.12470308788598575,1.0,9.60000000000948,0.0,"{""cloud"": 1.0}"
deadline,deadline_s,21600.0,26,sensor,842,52.14725080979138,52.31273383879034,78.88544806974728,1.0,1.0,288.91041737358177,0.0,"{""seabed"": 1.0}"
deadline,deadline_s,21600.0,26,surface,842,338.7174416657728,341.07021481851615,470.48983157980496,0.5843230403800475,1.0,3307.237499830302,0.0,"{""buoy"": 1.0}"
deadline,deadline_s,21600.0,26,statopt,842,238.0465279669343,253.6793295764354,339.44443184132405,0.9893111638954869,1.0,3328.9259860196394,0.0,"{""cloud"": 0.8705, ""seabed"": 0.1295}"
deadline,deadline_s,21600.0,26,cacgr,842,108.57639359279943,74.95080309922426,263.95716569686033,1.0,1.0,137.88512249744323,0.0,"{""auv"": 0.5333, ""seabed"": 0.4667}"
deadline,deadline_s,21600.0,27,cloud,753,582.541377000007,609.6532651890469,748.2237811288308,0.049136786188579015,1.0,9.600000000009588,0.0,"{""cloud"": 1.0}"
deadline,deadline_s,21600.0,27,sensor,753,50.62400139094973,49.18074466802791,82.0767720153577,1.0,1.0,280.82754695503576,0.0,"{""seabed"": 1.0}"
deadline,deadline_s,21600.0,27,surface,753,322.6687870764544,322.6685459154777,451.95366882378164,0.6547144754316069,1.0,3625.746173401602,0.0,"{""buoy"": 1.0}"
deadline,deadline_s,21600.0,27,statopt,753,152.0296104855166,157.78366395369375,209.1284525608331,1.0,1.0,3604.620680705723,0.0,"{""cloud"": 0.7596, ""seabed"": 0.2404}"
deadline,deadline_s,21600.0,27,cacgr,753,111.93957414456824,74.9801716817446,270.3788676910825,1.0,1.0,134.04803642572287,0.0,"{""auv"": 0.5312, ""seabed"": 0.4688}"
deadline,deadline_s,21600.0,28,cloud,756,601.0065464355241,629.1895887636646,748.616981215988,0.017195767195767195,1.0,9.600000000006665,0.0,"{""cloud"": 1.0}"
deadline,deadline_s,21600.0,28,sensor,756,53.09161642320658,51.96197048274301,86.16654166618888,1.0,1.0,267.5234315948462,0.0,"{""seabed"": 1.0}"
deadline,deadline_s,21600.0,28,surface,756,265.0668308434445,265.37699885351816,391.7964176998873,0.8677248677248677,1.0,3713.362854119387,0.0,"{""buoy"": 1.0}"
deadline,deadline_s,21600.0,28,statopt,756,55.65595889819566,53.870448218409095,90.03760694483114,1.0,1.0,2619.08238851093,0.0,"{""cloud"": 0.7632, ""seabed"": 0.2368}"
deadline,deadline_s,21600.0,28,cacgr,756,111.12248955522598,80.08701457544927,265.15448609378694,1.0,1.0,128.21261073317078,0.0,"{""auv"": 0.5251, ""seabed"": 0.4749}"
deadline,deadline_s,21600.0,29,cloud,782,636.6560718349533,648.1535313000313,730.6115446463413,0.0,1.0,9.6000000000075,0.0,"{""cloud"": 1.0}"
deadline,deadline_s,21600.0,29,sensor,782,49.286405185514305,47.68452843165566,78.35024798924941,1.0,1.0,292.19912312752354,0.0,"{""seabed"": 1.0}"
deadline,deadline_s,21600.0,29,surface,782,326.07220960931346,323.17302330035807,452.91834029610015,0.6329923273657289,1.0,3524.2832356594595,0.0,"{""buoy"": 1.0}"
deadline,deadline_s,21600.0,29,statopt,782,68.07058838795392,66.93329183080532,110.53069298711594,1.0,1.0,3050.154914139564,0.0,"{""cloud"": 0.624, ""seabed"": 0.376}"
deadline,deadline_s,21600.0,29,cacgr,782,103.06513371223811,67.78883760163747,263.32848321537887,1.0,1.0,149.45845232006263,0.0,"{""seabed"": 0.5064, ""auv"": 0.4936}"
deadline,deadline_s,43200.0,0,cloud,764,629.336691983321,643.4511212429838,775.3538275438713,0.8507853403141361,1.0,9.60000000000571,0.0,"{""cloud"": 1.0}"
deadline,deadline_s,43200.0,0,sensor,764,53.63382930175517,53.72025850305696,79.77030372892709,1.0,1.0,285.11518324607835,0.0,"{""seabed"": 1.0}"
deadline,deadline_s,43200.0,0,surface,764,307.08009191484,314.00889750225457,422.8795871241856,1.0,1.0,3629.669564697053,0.0,"{""buoy"": 1.0}"
deadline,deadline_s,43200.0,0,statopt,764,58.25570630889461,58.370806876287475,91.43948658839882,1.0,1.0,2675.448017950626,0.0,"{""cloud"": 0.6414, ""seabed"": 0.3586}"
deadline,deadline_s,43200.0,0,cacgr,764,277.9107542340303,282.3455784905258,497.56275261830325,1.0,1.0,6.212182498122134,0.0,"{""auv"": 0.9869, ""seabed"": 0.0131}"
deadline,deadline_s,43200.0,1,cloud,727,527.4115101520973,530.117495998639,713.5356985108822,0.9656121045392022,1.0,9.600000000007828,0.0,"{""cloud"": 1.0}"
deadline,deadline_s,43200.0,1,sensor,727,50.16068107115189,49.176568081276976,78.97720976126041,1.0,1.0,273.91982707800565,0.0,"{""seabed"": 1.0}"
deadline,deadline_s,43200.0,1,surface,727,254.80936735177207,258.5882292604302,377.95698375531424,1.0,1.0,3857.4863147965875,0.0,"{""buoy"": 1.0}"
deadline,deadline_s,43200.0,1,statopt,727,59.09676317528139,57.960736518458965,91.51567216509511,1.0,1.0,2896.243011986616,0.0,"{""cloud"": 0.7428, ""seabed"": 0.2572}"
deadline,deadline_s,43200.0,1,cacgr,727,277.47846171200945,277.60465692810914,484.4827189085607,1.0,1.0,2.3839999999923456,0.0,"{""auv"": 1.0}"
deadline,deadline_s,43200.0,2,cloud,757,667.9238359253239,660.1702646916723,807.9665756745648,0.702774108322325,1.0,9.600000000003769,0.0,"{""cloud"": 1.0}"
deadline,deadline_s,43200.0,2,sensor,757,52.04819041156683,51.82185200432317,80.92351211419047,1.0,1.0,281.4961313455384,0.0,"{""seabed"": 1.0}"
deadline,deadline_s,43200.0,2,surface,757,331.8205237352244,338.9837840109175,441.15628997571974,1.0,1.0,3689.6226306850044,0.0,"{""buoy"": 1.0}"
deadline,deadline_s,43200.0,2,statopt,757,53.03401425898621,52.77832014336563,82.00036519672014,1.0,1.0,2290.5827514625294,0.0,"{""cloud"": 0.6328, ""seabed"": 0.3672}"
deadline,deadline_s,43200.0,2,cacgr,757,283.9253473922355,292.23548058840294,500.8326341510029,1.0,1.0,9.725312700501544,0.0,"{""auv"": 0.9762, ""seabed"": 0.0238}"
deadline,deadline_s,43200.0,3,cloud,758,562.2790360217656,599.9538018876563,693.9464154424596,0.9868073878627969,1.0,9.600000000007029,0.0,"{""cloud"": 1.0}"
deadline,deadline_s,43200.0,3,sensor,758,52.386689531261645,52.58714533517876,79.5697592666785,1.0,1.0,252.320392009013,0.0,"{""seabed"": 1.0}"
deadline,deadline_s,43200.0,3,surface,758,190.0584604916073,186.35592895758737,288.05535497874394,1.0,1.0,3654.5074044477374,0.0,"{""buoy"": 1.0}"
deadline,deadline_s,43200.0,3,statopt,758,189.2382483312349,186.14881982284177,287.0869860047221,1.0,1.0,3654.5074044477374,0.0,"{""cloud"": 1.0}"
deadline,deadline_s,43200.0,3,cacgr,758,282.34792746049084,287.0383044968422,495.78138370230414,1.0,1.0,2.3839999999916466,0.0,"{""auv"": 1.0}"
deadline,deadline_s,43200.0,4,cloud,790,622.203682889514,620.2105514490611,768.2859051703614,0.8215189873417722,1.0,9.600000000003964,0.0,"{""cloud"": 1.0}"
deadline,deadline_s,43200.0,4,sensor,790,50.2464863144051,49.52221985419455,79.50667766401736,1.0,1.0,268.77215189872175,0.0,"{""seabed"": 1.0}"
deadline,deadline_s,43200.0,4,surface,790,280.9075177822951,291.3618850966442,370.03668903073105,1.0,1.0,3539.194473779348,0.0,"{""buoy"": 1.0}"
deadline,deadline_s,43200.0,4,statopt,790,196.07216619351973,200.26027732293974,267.9431294798226,1.0,1.0,3491.445555732332,0.0,"{""cloud"": 0.8848, ""seabed"": 0.1152}"
deadline,deadline_s,43200.0,4,cacgr,790,286.0550498567673,284.54861426265563,508.3776790189006,1.0,1.0,8.37886726943128,0.0,"{""auv"": 0.9772, ""seabed"": 0.0228}"
deadline,deadline_s,43200.0,5,cloud,763,610.6704987251568,626.862786218375,703.4659513391309,0.9790301441677588,1.0,9.600000000006274,0.0,"{""cloud"": 1.0}"
deadline,deadline_s,43200.0,5,sensor,763,52.923441598285756,52.43244369196643,80.14742503072179,1.0,1.0,287.89215502712926,0.0,"{""seabed"": 1.0}"
deadline,deadline_s,43200.0,5,surface,763,276.7019721856612,268.036991053751,423.6304952458878,1.0,1.0,3705.556673282119,0.0,"{""buoy"": 1.0}"
deadline,deadline_s,43200.0,5,statopt,763,99.16169776741744,100.28747613412415,143.18279945531296,1.0,1.0,3500.897351057813,0.0,"{""cloud"": 0.8506, ""seabed"": 0.1494}"
deadline,deadline_s,43200.0,5,cacgr,763,278.51889429891327,279.78093902764135,493.97387285851164,1.0,1.0,2.3839999999919064,0.0,"{""auv"": 1.0}"
deadline,deadline_s,43200.0,6,cloud,729,586.2409115788183,598.4305083485327,745.9114120506196,0.9053497942386831,1.0,9.600000000008261,0.0,"{""cloud"": 1.0}"
deadline,deadline_s,43200.0,6,sensor,729,50.44120802065902,49.68787147846936,79.13360659515132,1.0,1.0,266.7658240250655,0.0,"{""seabed"": 1.0}"
deadline,deadline_s,43200.0,6,surface,729,270.797666753329,274.4962676318634,395.5488808559981,1.0,1.0,3780.267679404232,0.0,"{""buoy"": 1.0}"
deadline,deadline_s,43200.0,6,statopt,729,164.6252053173202,156.284577731753,259.45850510438856,1.0,1.0,3783.2462322554925,0.0,"{""cloud"": 0.8985, ""seabed"": 0.1015}"
deadline,deadline_s,43200.0,6,cacgr,729,274.5740971602148,266.34950902030226,492.15332358229506,1.0,1.0,3.4994097589576967,0.0,"{""auv"": 0.9959, ""seabed"": 0.0041}"
deadline,deadline_s,43200.0,7,cloud,757,621.7230418293867,650.8915001016678,729.7745355350216,0.9260237780713342,1.0,9.600000000007762,0.0,"{""cloud"": 1.0}"
deadline,deadline_s,43200.0,7,sensor,757,52.15632249115866,51.86782800198077,80.52702908055696,1.0,1.0,266.49330062274504,0.0,"{""seabed"": 1.0}"
deadline,deadline_s,43200.0,7,surface,757,267.81367280991407,268.1372787776726,374.4733152902117,1.0,1.0,3580.1304789582528,0.0,"{""buoy"": 1.0}"
deadline,deadline_s,43200.0,7,statopt,757,178.9074811985631,186.50939219772263,231.55280708663733,1.0,1.0,3532.182149990523,0.0,"{""cloud"": 0.86, ""seabed"": 0.14}"
deadline,deadline_s,43200.0,7,cacgr,757,277.03350596034363,277.7328012986297,482.63480852841974,1.0,1.0,2.383999999992419,0.0,"{""auv"": 1.0}"
deadline,deadline_s,43200.0,8,cloud,772,537.6285059512867,536.5887135012184,760.943050713984,0.8588082901554405,1.0,9.600000000006183,0.0,"{""cloud"": 1.0}"
deadline,deadline_s,43200.0,8,sensor,772,49.873757327398984,48.51391018355001,81.97312761838215,1.0,1.0,279.7202072538606,0.0,"{""seabed"": 1.0}"
deadline,deadline_s,43200.0,8,surface,772,309.86018170020213,301.6500741672371,436.4059672297121,1.0,1.0,3625.359928941482,0.0,"{""buoy"": 1.0}"
deadline,deadline_s,43200.0,8,statopt,772,72.67240878152573,71.46560178690387,116.73903190269746,1.0,1.0,3306.960284233854,0.0,"{""cloud"": 0.8705, ""seabed"": 0.1295}"
deadline,deadline_s,43200.0,8,cacgr,772,283.22015970268666,289.38089077072743,490.636690098586,1.0,1.0,2.3839999999922625,0.0,"{""auv"": 1.0}"
deadline,deadline_s,43200.0,9,cloud,819,690.6218506919237,711.2067745893856,809.5478260985305,0.5396825396825397,1.0,9.600000000006688,0.0,"{""cloud"": 1.0}"
deadline,deadline_s,43200.0,9,sensor,819,51.183681865249746,50.52515312772072,79.78611056469816,1.0,1.0,269.5911390196926,0.0,"{""seabed"": 1.0}"
deadline,deadline_s,43200.0,9,surface,819,311.02110057698263,322.4339110142925,430.40697247554914,1.0,1.0,3504.621583115251,0.0,"{""buoy"": 1.0}"
deadline,deadline_s,43200.0,9,statopt,819,55.95846755872854,55.85454746983523,84.79599206739236,1.0,1.0,2634.4786324785982,0.0,"{""cloud"": 0.7497, ""seabed"": 0.2503}"
deadline,deadline_s,43200.0,9,cacgr,819,276.2922247824978,276.2435668611591,487.7538308813644,1.0,1.0,2.3839999999918926,0.0,"{""auv"": 1.0}"
deadline,deadline_s,43200.0,10,cloud,786,626.2295017793682,641.6365271622958,754.4856620250342,0.8829516539440203,1.0,9.600000000004725,0.0,"{""cloud"": 1.0}"
deadline,deadline_s,43200.0,10,sensor,786,50.51947972139986,49.534332010399524,77.17745925305917,1.0,1.0,279.1537622682638,0.0,"{""seabed"": 1.0}"
deadline,deadline_s,43200.0,10,surface,786,304.3572264101746,320.19236661970905,420.4500702797654,1.0,1.0,3604.4651748454826,0.0,"{""buoy"": 1.0}"
deadline,deadline_s,43200.0,10,statopt,786,50.47298065127073,49.5215640411494,77.17745858639252,1.0,1.0,1886.6964740094372,0.0,"{""cloud"": 0.6132, ""seabed"": 0.3868}"
deadline,deadline_s,43200.0,10,cacgr,786,273.6135999697471,265.01838351757254,490.6331982481163,1.0,1.0,2.383999999991943,0.0,"{""auv"": 1.0}"
deadline,deadline_s,43200.0,11,cloud,770,641.5272688519166,644.1019843640593,725.9467114909481,0.938961038961039,1.0,9.600000000005995,0.0,"{""cloud"": 1.0}"
deadline,deadline_s,43200.0,11,sensor,770,53.334039357658085,53.539879681957956,80.93240644937448,1.0,1.0,295.6456400742069,0.0,"{""seabed"": 1.0}"
deadline,deadline_s,43200.0,11,surface,770,325.95764210457526,326.96447569855843,439.0539045281654,1.0,1.0,3601.4239525046087,0.0,"{""buoy"": 1.0}"
deadline,deadline_s,43200.0,11,statopt,770,101.11997303344785,99.5723146244986,170.45889046169833,1.0,1.0,3308.456413209621,0.0,"{""cloud"": 0.7442, ""seabed"": 0.2558}"
deadline,deadline_s,43200.0,11,cacgr,770,292.97324822876465,299.52722469309373,505.35906297888835,1.0,1.0,5.265481261587675,0.0,"{""auv"": 0.9909, ""seabed"": 0.0091}"
deadline,deadline_s,43200.0,12,cloud,792,685.0739190344472,694.7728048952807,800.0142496042556,0.6338383838383839,1.0,9.600000000006,0.0,"{""cloud"": 1.0}"
deadline,deadline_s,43200.0,12,sensor,792,51.40780845580876,50.249017595510786,82.46912516377546,1.0,1.0,259.1338383838163,0.0,"{""seabed"": 1.0}"
deadline,deadline_s,43200.0,12,surface,792,270.355262050449,288.53894257444693,375.5977350696029,1.0,1.0,3533.8066378065864,0.0,"{""buoy"": 1.0}"
deadline,deadline_s,43200.0,12,statopt,792,94.88279895471534,89.55849440015056,160.5037704418461,1.0,1.0,3224.945177489133,0.0,"{""cloud"": 0.8801, ""seabed"": 0.1199}"
deadline,deadline_s,43200.0,12,cacgr,792,274.9527719848129,277.530639198728,487.8660234955277,1.0,1.0,3.068455988448132,0.0,"{""auv"": 0.9975, ""seabed"": 0.0025}"
deadline,deadline_s,43200.0,13,cloud,769,595.5086124036962,613.6455513501753,683.8955795271987,0.9921976592977894,1.0,9.600000000004503,0.0,"{""cloud"": 1.0}"
deadline,deadline_s,43200.0,13,sensor,769,51.60384703221499,50.56431368494256,79.96405712320008,1.0,1.0,246.53836150841536,0.0,"{""seabed"": 1.0}"
deadline,deadline_s,43200.0,13,surface,769,110.26217601513854,102.27719498498242,187.25181599132935,1.0,1.0,3509.344407207817,0.0,"{""buoy"": 1.0}"
deadline,deadline_s,43200.0,13,statopt,769,109.51327209600979,101.41114542210295,186.83828054128068,1.0,1.0,3509.344407207817,0.0,"{""cloud"": 1.0}"
deadline,deadline_s,43200.0,13,cacgr,769,284.3181059399554,293.6676958786697,495.90580416859217,1.0,1.0,2.38399999999167,0.0,"{""auv"": 1.0}"
deadline,deadline_s,43200.0,14,cloud,750,595.9308872645263,617.5912708750116,736.7901141030967,0.9266666666666666,1.0,9.600000000005632,0.0,"{""cloud"": 1.0}"
deadline,deadline_s,43200.0,14,sensor,750,52.96512689527155,51.75200861320603,83.18845825525203,1.0,1.0,259.8095238095044,0.0,"{""seabed"": 1.0}"
deadline,deadline_s,43200.0,14,surface,750,253.32801355522258,263.9876129802934,352.3686805021533,1.0,1.0,3640.1756220951925,0.0,"{""buoy"": 1.0}"
deadline,deadline_s,43200.0,14,statopt,750,76.31305542412548,72.75569723883152,119.54349818945573,1.0,1.0,3311.2571428571023,0.0,"{""cloud"": 0.8813, ""seabed"": 0.1187}"
deadline,deadline_s,43200.0,14,cacgr,750,290.34118277769096,298.75306691348834,501.0423194762461,1.0,1.0,3.686713904753781,0.0,"{""auv"": 0.9947, ""seabed"": 0.0053}"
deadline,deadline_s,43200.0,15,cloud,770,567.9445978672295,607.2544111405225,702.1696947739157,0.9766233766233766,1.0,9.600000000004483,0.0,"{""cloud"": 1.0}"
deadline,deadline_s,43200.0,15,sensor,770,52.35004132006013,51.35610989457667,80.9462203557601,1.0,1.0,254.96846011128886,0.0,"{""seabed"": 1.0}"
deadline,deadline_s,43200.0,15,surface,770,199.0149475121976,207.06515763446575,276.8266123017941,1.0,1.0,3560.4909298700773,0.0,"{""buoy"": 1.0}"
deadline,deadline_s,43200.0,15,statopt,770,196.5912348498052,205.58137590111576,274.3366141590179,1.0,1.0,3560.4909298700773,0.0,"{""cloud"": 1.0}"
deadline,deadline_s,43200.0,15,cacgr,770,277.2932083780499,279.53302224460555,489.25460444249364,1.0,1.0,2.3839999999914334,0.0,"{""auv"": 1.0}"
deadline,deadline_s,43200.0,16,cloud,748,596.7902599629119,607.8398373252586,745.0934620957029,0.9050802139037433,1.0,9.600000000006327,0.0,"{""cloud"": 1.0}"
deadline,deadline_s,43200.0,16,sensor,748,51.91596160718687,52.16315822115224,78.2664645420846,1.0,1.0,247.64553093960936,0.0,"{""seabed"": 1.0}"
deadline,deadline_s,43200.0,16,surface,748,104.91508485688396,106.57278956716806,154.86133664054623,1.0,1.0,3638.365689839508,0.0,"{""buoy"": 1.0}"
deadline,deadline_s,43200.0,16,statopt,748,104.40447625398454,106.12064050688451,153.74058366546475,1.0,1.0,3638.365689839508,0.0,"{""cloud"": 1.0}"
deadline,deadline_s,43200.0,16,cacgr,748,285.3099079007232,286.1008425550223,502.88420565033596,1.0,1.0,6.88407028265069,0.0,"{""auv"": 0.9813, ""seabed"": 0.0187}"
deadline,deadline_s,43200.0,17,cloud,733,594.9463837246224,606.1395751182533,707.0631413078255,0.9631650750341064,1.0,9.60000000000642,0.0,"{""cloud"": 1.0}"
deadline,deadline_s,43200.0,17,sensor,733,52.35524527054384,51.87778232498531,81.48815137075871,1.0,1.0,299.93412590140053,0.0,"{""seabed"": 1.0}"
deadline,deadline_s,43200.0,17,surface,733,328.1333700550944,323.3320249492589,461.5737236777194,1.0,1.0,3974.1134125901185,0.0,"{""buoy"": 1.0}"
deadline,deadline_s,43200.0,17,statopt,733,54.972121837191416,54.34992424003455,84.76362576863572,1.0,1.0,2286.311050477494,0.0,"{""seabed"": 0.5007, ""cloud"": 0.4993}"
deadline,deadline_s,43200.0,17,cacgr,733,279.69183194323927,278.08575613735826,486.4673074727994,1.0,1.0,2.3839999999920733,0.0,"{""auv"": 1.0}"
deadline,deadline_s,43200.0,18,cloud,782,574.3370664465377,593.6312950446663,675.1598806497694,0.9948849104859335,1.0,9.600000000006132,0.0,"{""cloud"": 1.0}"
deadline,deadline_s,43200.0,18,sensor,782,50.64684738462339,50.34495632022793,75.27806144689369,1.0,1.0,242.23565948114083,0.0,"{""seabed"": 1.0}"
deadline,deadline_s,43200.0,18,surface,782,79.89647094888257,75.35464394783824,135.31697795991866,1.0,1.0,3184.3198421628886,0.0,"{""buoy"": 1.0}"
deadline,deadline_s,43200.0,18,statopt,782,79.02537834441245,74.44017252259188,134.70354493507946,1.0,1.0,3184.3198421628886,0.0,"{""cloud"": 1.0}"
deadline,deadline_s,43200.0,18,cacgr,782,274.62666156502655,266.7305460346977,493.4846046378025,1.0,1.0,2.3839999999918824,0.0,"{""auv"": 1.0}"
deadline,deadline_s,43200.0,19,cloud,753,639.7206001607798,648.0099287221999,732.0392709828985,0.9296148738379814,1.0,9.600000000007444,0.0,"{""cloud"": 1.0}"
deadline,deadline_s,43200.0,19,sensor,753,55.539797725731816,54.745358432519424,83.28081860602717,1.0,1.0,309.3800037943556,0.0,"{""seabed"": 1.0}"
deadline,deadline_s,43200.0,19,surface,753,357.529779611453,358.7971831604756,495.3104347222527,1.0,1.0,3633.394531587915,0.0,"{""buoy"": 1.0}"
deadline,deadline_s,43200.0,19,statopt,753,56.41296118461908,55.884045992641404,84.66700350660102,1.0,1.0,2034.8210965661146,0.0,"{""cloud"": 0.5153, ""seabed"": 0.4847}"
deadline,deadline_s,43200.0,19,cacgr,753,278.6496205927707,276.08911226291895,504.5800387475782,1.0,1.0,3.7958641623902443,0.0,"{""auv"": 0.996, ""seabed"": 0.004}"
deadline,deadline_s,43200.0,20,cloud,812,652.1720837228291,648.4713712034114,760.9582147968467,0.8509852216748769,1.0,9.600000000007316,0.0,"{""cloud"": 1.0}"
deadline,deadline_s,43200.0,20,sensor,812,50.92402910966457,50.69760268738755,81.30876522913759,1.0,1.0,294.8483462350384,0.0,"{""seabed"": 1.0}"
deadline,deadline_s,43200.0,20,surface,812,360.78558344310375,365.0849944187352,499.200090956351,1.0,1.0,3425.834482758592,0.0,"{""buoy"": 1.0}"
deadline,deadline_s,43200.0,20,statopt,812,108.12585902093555,110.29714054183545,152.2564781738689,1.0,1.0,3261.2193505981436,0.0,"{""cloud"": 0.7463, ""seabed"": 0.2537}"
deadline,deadline_s,43200.0,20,cacgr,812,279.74017705508214,278.929294144491,501.8397777443683,1.0,1.0,3.0515974665651426,0.0,"{""auv"": 0.9975, ""seabed"": 0.0025}"
deadline,deadline_s,43200.0,21,cloud,770,628.9125168953838,637.0247058713883,753.6371393659109,0.8922077922077922,1.0,9.600000000005952,0.0,"{""cloud"": 1.0}"
deadline,deadline_s,43200.0,21,sensor,770,51.38364027239665,51.26582176924627,80.50522418944182,1.0,1.0,279.1799628942457,0.0,"{""seabed"": 1.0}"
deadline,deadline_s,43200.0,21,surface,770,309.4687255805918,314.24053771154587,411.5865963127987,1.0,1.0,3731.265656400709,0.0,"{""buoy"": 1.0}"
deadline,deadline_s,43200.0,21,statopt,770,77.25908270200213,73.2866595692154,128.75391747790155,1.0,1.0,3196.0259802597157,0.0,"{""cloud"": 0.7312, ""seabed"": 0.2688}"
deadline,deadline_s,43200.0,21,cacgr,770,268.8776787740622,276.600232735876,477.8685160754704,1.0,1.0,2.3839999999918255,0.0,"{""auv"": 1.0}"
deadline,deadline_s,43200.0,22,cloud,813,630.6808256678379,659.0450334440181,820.7220076060402,0.7699876998769988,1.0,9.60000000000813,0.0,"{""cloud"": 1.0}"
deadline,deadline_s,43200.0,22,sensor,813,53.05244395312419,53.48964990884197,80.30144733735514,1.0,1.0,287.26620980494175,0.0,"{""seabed"": 1.0}"
deadline,deadline_s,43200.0,22,surface,813,346.49560687665326,352.9762799009923,476.00164287982614,1.0,1.0,3555.1181950447713,0.0,"{""buoy"": 1.0}"
deadline,deadline_s,43200.0,22,statopt,813,75.37401233399933,70.74203677423648,130.39761647891243,1.0,1.0,2983.2696144789697,0.0,"{""cloud"": 0.7651, ""seabed"": 0.2349}"
deadline,deadline_s,43200.0,22,cacgr,813,273.4400849640522,277.7818001193513,486.9557900520842,1.0,1.0,2.3839999999921546,0.0,"{""auv"": 1.0}"
deadline,deadline_s,43200.0,23,cloud,784,675.9925234789845,678.1600676222373,822.4531108415771,0.7436224489795918,1.0,9.600000000007626,0.0,"{""cloud"": 1.0}"
deadline,deadline_s,43200.0,23,sensor,784,52.41718512998357,51.59576277622455,83.67700762054504,1.0,1.0,273.92966472302436,0.0,"{""seabed"": 1.0}"
deadline,deadline_s,43200.0,23,surface,784,313.28260915361534,318.90430856531054,434.68232008328886,1.0,1.0,3569.9013177842194,0.0,"{""buoy"": 1.0}"
deadline,deadline_s,43200.0,23,statopt,784,64.97045496066845,63.10188631030657,114.21142216223483,1.0,1.0,2914.2448979591563,0.0,"{""cloud"": 0.7436, ""seabed"": 0.2564}"
deadline,deadline_s,43200.0,23,cacgr,784,272.43322468417756,275.35705799076925,490.71308825862974,1.0,1.0,5.004967930021439,0.0,"{""auv"": 0.9923, ""seabed"": 0.0077}"
deadline,deadline_s,43200.0,24,cloud,813,607.5859423835824,617.9947819744183,723.7825288873913,0.940959409594096,1.0,9.600000000007594,0.0,"{""cloud"": 1.0}"
deadline,deadline_s,43200.0,24,sensor,813,52.680623741398975,53.362156286449924,81.68553740047099,1.0,1.0,242.28290282898672,0.0,"{""seabed"": 1.0}"
deadline,deadline_s,43200.0,24,surface,813,98.78019015756686,103.26556486329355,147.28046285386554,1.0,1.0,3189.492796345044,0.0,"{""buoy"": 1.0}"
deadline,deadline_s,43200.0,24,statopt,813,97.84466877691803,102.09132583057047,146.7718137949872,1.0,1.0,3189.492796345044,0.0,"{""cloud"": 1.0}"
deadline,deadline_s,43200.0,24,cacgr,813,277.38951782655903,276.5797298603924,492.8406534500992,1.0,1.0,2.383999999992101,0.0,"{""auv"": 1.0}"
deadline,deadline_s,43200.0,25,cloud,675,640.4481804394543,646.5677681359007,775.037018536088,0.7822222222222223,1.0,9.60000000000538,0.0,"{""cloud"": 1.0}"
deadline,deadline_s,43200.0,25,sensor,675,52.36014735519552,52.12385851511353,79.10050668905254,1.0,1.0,273.16402116401025,0.0,"{""seabed"": 1.0}"
deadline,deadline_s,43200.0,25,surface,675,294.7702861363408,305.53001623824406,413.3212452567339,1.0,1.0,4302.61329608461,0.0,"{""buoy"": 1.0}"
deadline,deadline_s,43200.0,25,statopt,675,185.87336168404786,199.14176406201514,280.22421039465405,1.0,1.0,4094.7956412274666,0.0,"{""cloud"": 0.8726, ""seabed"": 0.1274}"
deadline,deadline_s,43200.0,25,cacgr,675,277.4172436169069,281.0498277376095,489.926878141117,1.0,1.0,2.383999999991708,0.0,"{""auv"": 1.0}"
deadline,deadline_s,43200.0,26,cloud,842,530.7601984930717,543.3811402292612,724.0084821775785,0.9418052256532067,1.0,9.60000000000948,0.0,"{""cloud"": 1.0}"
deadline,deadline_s,43200.0,26,sensor,842,52.14725080979138,52.31273383879034,78.88544806974728,1.0,1.0,288.91041737358177,0.0,"{""seabed"": 1.0}"
deadline,deadline_s,43200.0,26,surface,842,338.7174416657728,341.07021481851615,470.48983157980496,1.0,1.0,3307.237499830302,0.0,"{""buoy"": 1.0}"
deadline,deadline_s,43200.0,26,statopt,842,238.0465279669343,253.6793295764354,339.44443184132405,1.0,1.0,3328.9259860196394,0.0,"{""cloud"": 0.8705, ""seabed"": 0.1295}"
deadline,deadline_s,43200.0,26,cacgr,842,273.52312714878036,268.37544268960295,494.7891026083085,1.0,1.0,2.383999999992488,0.0,"{""auv"": 1.0}"
deadline,deadline_s,43200.0,27,cloud,753,582.541377000007,609.6532651890469,748.2237811288308,0.896414342629482,1.0,9.600000000009588,0.0,"{""cloud"": 1.0}"
deadline,deadline_s,43200.0,27,sensor,753,50.62400139094973,49.18074466802791,82.0767720153577,1.0,1.0,280.82754695503576,0.0,"{""seabed"": 1.0}"
deadline,deadline_s,43200.0,27,surface,753,322.6687870764544,322.6685459154777,451.95366882378164,1.0,1.0,3625.746173401602,0.0,"{""buoy"": 1.0}"
deadline,deadline_s,43200.0,27,statopt,753,152.0296104855166,157.78366395369375,209.1284525608331,1.0,1.0,3604.620680705723,0.0,"{""cloud"": 0.7596, ""seabed"": 0.2404}"
deadline,deadline_s,43200.0,27,cacgr,753,279.4106269369116,275.99279301516907,495.3679634884298,1.0,1.0,2.383999999992601,0.0,"{""auv"": 1.0}"
deadline,deadline_s,43200.0,28,cloud,756,601.0065464355241,629.1895887636646,748.616981215988,0.9193121693121693,1.0,9.600000000006665,0.0,"{""cloud"": 1.0}"
deadline,deadline_s,43200.0,28,sensor,756,53.09161642320658,51.96197048274301,86.16654166618888,1.0,1.0,267.5234315948462,0.0,"{""seabed"": 1.0}"
deadline,deadline_s,43200.0,28,surface,756,265.0668308434445,265.37699885351816,391.7964176998873,1.0,1.0,3713.362854119387,0.0,"{""buoy"": 1.0}"
deadline,deadline_s,43200.0,28,statopt,756,55.65595889819566,53.870448218409095,90.03760694483114,1.0,1.0,2619.08238851093,0.0,"{""cloud"": 0.7632, ""seabed"": 0.2368}"
deadline,deadline_s,43200.0,28,cacgr,756,277.3668901730024,274.6577815051583,499.3785209405427,1.0,1.0,2.3839999999919375,0.0,"{""auv"": 1.0}"
deadline,deadline_s,43200.0,29,cloud,782,636.6560718349533,648.1535313000313,730.6115446463413,0.9232736572890026,1.0,9.6000000000075,0.0,"{""cloud"": 1.0}"
deadline,deadline_s,43200.0,29,sensor,782,49.286405185514305,47.68452843165566,78.35024798924941,1.0,1.0,292.19912312752354,0.0,"{""seabed"": 1.0}"
deadline,deadline_s,43200.0,29,surface,782,326.07220960931346,323.17302330035807,452.91834029610015,1.0,1.0,3524.2832356594595,0.0,"{""buoy"": 1.0}"
deadline,deadline_s,43200.0,29,statopt,782,68.07058838795392,66.93329183080532,110.53069298711594,1.0,1.0,3050.154914139564,0.0,"{""cloud"": 0.624, ""seabed"": 0.376}"
deadline,deadline_s,43200.0,29,cacgr,782,281.7985558568769,289.67338917867716,496.9856865206675,1.0,1.0,3.697835586400998,0.0,"{""auv"": 0.9962, ""seabed"": 0.0038}"
