sweep,param,value,seed,policy,n,mean_min,p50_min,p95_min,on_time,delivered,energy_j,replans,b_where
robust,p_miss,0.0,0,cloud,764,629.336691983321,643.4511212429838,775.3538275438713,0.003926701570680628,1.0,9.60000000000571,0.0,"{""cloud"": 1.0}"
robust,p_miss,0.0,0,sensor,764,53.63382930175517,53.72025850305696,79.77030372892709,1.0,1.0,285.11518324607835,0.0,"{""seabed"": 1.0}"
robust,p_miss,0.0,0,surface,764,307.08009191484,314.00889750225457,422.8795871241856,0.7107329842931938,1.0,3629.669564697053,0.0,"{""buoy"": 1.0}"
robust,p_miss,0.0,0,statopt,764,58.25570630889461,58.370806876287475,91.43948658839882,1.0,1.0,2675.448017950626,0.0,"{""cloud"": 0.6414, ""seabed"": 0.3586}"
robust,p_miss,0.0,0,cacgr,764,109.92499906917162,73.79557641182352,263.2065873988669,1.0,1.0,142.1435243081491,0.0,"{""auv"": 0.5052, ""seabed"": 0.4948}"
robust,p_miss,0.0,0,cacgr_nc,764,109.92499906917162,73.79557641182352,263.2065873988669,1.0,1.0,142.1435243081491,0.0,"{""auv"": 0.5052, ""seabed"": 0.4948}"
robust,p_miss,0.0,1,cloud,727,527.4115101520973,530.117495998639,713.5356985108822,0.11691884456671252,1.0,9.600000000007828,0.0,"{""cloud"": 1.0}"
robust,p_miss,0.0,1,sensor,727,50.16068107115189,49.176568081276976,78.97720976126041,1.0,1.0,273.91982707800565,0.0,"{""seabed"": 1.0}"
robust,p_miss,0.0,1,surface,727,254.80936735177207,258.5882292604302,377.95698375531424,0.9160935350756534,1.0,3857.4863147965875,0.0,"{""buoy"": 1.0}"
robust,p_miss,0.0,1,statopt,727,59.09676317528139,57.960736518458965,91.51567216509511,1.0,1.0,2896.243011986616,0.0,"{""cloud"": 0.7428, ""seabed"": 0.2572}"
robust,p_miss,0.0,1,cacgr,727,111.63202431351604,69.36773952004756,268.46089359585613,1.0,1.0,129.9685973668612,0.0,"{""auv"": 0.5282, ""seabed"": 0.4718}"
robust,p_miss,0.0,1,cacgr_nc,727,111.63202431351604,69.36773952004756,268.46089359585613,1.0,1.0,129.9685973668612,0.0,"{""auv"": 0.5282, ""seabed"": 0.4718}"
robust,p_miss,0.0,2,cloud,757,667.9238359253239,660.1702646916723,807.9665756745648,0.0,1.0,9.600000000003769,0.0,"{""cloud"": 1.0}"
robust,p_miss,0.0,2,sensor,757,52.04819041156683,51.82185200432317,80.92351211419047,1.0,1.0,281.4961313455384,0.0,"{""seabed"": 1.0}"
robust,p_miss,0.0,2,surface,757,331.8205237352244,338.9837840109175,441.15628997571974,0.6129458388375165,1.0,3689.6226306850044,0.0,"{""buoy"": 1.0}"
robust,p_miss,0.0,2,statopt,757,53.03401425898621,52.77832014336563,82.00036519672014,1.0,1.0,2290.5827514625294,0.0,"{""cloud"": 0.6328, ""seabed"": 0.3672}"
robust,p_miss,0.0,2,cacgr,757,105.14343583880776,70.19461470096867,264.33010724217945,1.0,1.0,150.1419588601575,0.0,"{""seabed"": 0.531, ""auv"": 0.469}"
robust,p_miss,0.0,2,cacgr_nc,757,105.14343583880776,70.19461470096867,264.33010724217945,1.0,1.0,150.1419588601575,0.0,"{""seabed"": 0.531, ""auv"": 0.469}"
robust,p_miss,0.0,3,cloud,758,562.2790360217656,599.9538018876563,693.9464154424596,0.09234828496042216,1.0,9.600000000007029,0.0,"{""cloud"": 1.0}"
robust,p_miss,0.0,3,sensor,758,52.386689531261645,52.58714533517876,79.5697592666785,1.0,1.0,252.320392009013,0.0,"{""seabed"": 1.0}"
robust,p_miss,0.0,3,surface,758,190.0584604916073,186.35592895758737,288.05535497874394,1.0,1.0,3654.5074044477374,0.0,"{""buoy"": 1.0}"
robust,p_miss,0.0,3,statopt,758,189.2382483312349,186.14881982284177,287.0869860047221,1.0,1.0,3654.5074044477374,0.0,"{""cloud"": 1.0}"
robust,p_miss,0.0,3,cacgr,758,108.17885862526175,69.16631696493936,272.51601956779734,1.0,1.0,126.81709460985509,0.0,"{""auv"": 0.5053, ""seabed"": 0.4947}"
robust,p_miss,0.0,3,cacgr_nc,758,108.17885862526175,69.16631696493936,272.51601956779734,1.0,1.0,126.81709460985509,0.0,"{""auv"": 0.5053, ""seabed"": 0.4947}"
robust,p_miss,0.0,4,cloud,790,622.203682889514,620.2105514490611,768.2859051703614,0.0,1.0,9.600000000003964,0.0,"{""cloud"": 1.0}"
robust,p_miss,0.0,4,sensor,790,50.2464863144051,49.52221985419455,79.50667766401736,1.0,1.0,268.77215189872175,0.0,"{""seabed"": 1.0}"
robust,p_miss,0.0,4,surface,790,280.9075177822951,291.3618850966442,370.03668903073105,0.9075949367088607,1.0,3539.194473779348,0.0,"{""buoy"": 1.0}"
robust,p_miss,0.0,4,statopt,790,196.07216619351973,200.26027732293974,267.9431294798226,1.0,1.0,3491.445555732332,0.0,"{""cloud"": 0.8848, ""seabed"": 0.1152}"
robust,p_miss,0.0,4,cacgr,790,108.05206765292428,71.56344685344423,260.2150147814973,1.0,1.0,139.01411934899562,0.0,"{""seabed"": 0.5114, ""auv"": 0.4886}"
robust,p_miss,0.0,4,cacgr_nc,790,108.05206765292428,71.56344685344423,260.2150147814973,1.0,1.0,139.01411934899562,0.0,"{""seabed"": 0.5114, ""auv"": 0.4886}"
robust,p_miss,0.0,5,cloud,763,610.6704987251568,626.862786218375,703.4659513391309,0.005242463958060288,1.0,9.600000000006274,0.0,"{""cloud"": 1.0}"
robust,p_miss,0.0,5,sensor,763,52.923441598285756,52.43244369196643,80.14742503072179,1.0,1.0,287.89215502712926,0.0,"{""seabed"": 1.0}"
robust,p_miss,0.0,5,surface,763,276.7019721856612,268.036991053751,423.6304952458878,0.8558322411533421,1.0,3705.556673282119,0.0,"{""buoy"": 1.0}"
robust,p_miss,0.0,5,statopt,763,99.16169776741744,100.28747613412415,143.18279945531296,1.0,1.0,3500.897351057813,0.0,"{""cloud"": 0.8506, ""seabed"": 0.1494}"
robust,p_miss,0.0,5,cacgr,763,112.16867621592642,75.46741326600605,267.92126286296053,1.0,1.0,139.066059539395,0.0,"{""auv"": 0.5216, ""seabed"": 0.4784}"
robust,p_miss,0.0,5,cacgr_nc,763,112.16867621592642,75.46741326600605,267.92126286296053,1.0,1.0,139.066059539395,0.0,"{""auv"": 0.5216, ""seabed"": 0.4784}"
robust,p_miss,0.0,6,cloud,729,586.2409115788183,598.4305083485327,745.9114120506196,0.037037037037037035,1.0,9.600000000008261,0.0,"{""cloud"": 1.0}"
robust,p_miss,0.0,6,sensor,729,50.44120802065902,49.68787147846936,79.13360659515132,1.0,1.0,266.7658240250655,0.0,"{""seabed"": 1.0}"
robust,p_miss,0.0,6,surface,729,270.797666753329,274.4962676318634,395.5488808559981,0.8888888888888888,1.0,3780.267679404232,0.0,"{""buoy"": 1.0}"
robust,p_miss,0.0,6,statopt,729,164.6252053173202,156.284577731753,259.45850510438856,1.0,1.0,3783.2462322554925,0.0,"{""cloud"": 0.8985, ""seabed"": 0.1015}"
robust,p_miss,0.0,6,cacgr,729,110.2823965843497,74.35812948072076,261.8123841106586,1.0,1.0,125.21203370565311,0.0,"{""auv"": 0.5364, ""seabed"": 0.4636}"
robust,p_miss,0.0,6,cacgr_nc,729,110.2823965843497,74.35812948072076,261.8123841106586,1.0,1.0,125.21203370565311,0.0,"{""auv"": 0.5364, ""seabed"": 0.4636}"
robust,p_miss,0.0,7,cloud,757,621.7230418293867,650.8915001016678,729.7745355350216,0.0,1.0,9.600000000007762,0.0,"{""cloud"": 1.0}"
robust,p_miss,0.0,7,sensor,757,52.15632249115866,51.86782800198077,80.52702908055696,1.0,1.0,266.49330062274504,0.0,"{""seabed"": 1.0}"
robust,p_miss,0.0,7,surface,757,267.81367280991407,268.1372787776726,374.4733152902117,0.9128137384412153,1.0,3580.1304789582528,0.0,"{""buoy"": 1.0}"
robust,p_miss,0.0,7,statopt,757,178.9074811985631,186.50939219772263,231.55280708663733,1.0,1.0,3532.182149990523,0.0,"{""cloud"": 0.86, ""seabed"": 0.14}"
robust,p_miss,0.0,7,cacgr,757,114.1527887649922,75.84763703465288,270.1460224176732,1.0,1.0,126.86945914322472,0.0,"{""auv"": 0.5324, ""seabed"": 0.4676}"
robust,p_miss,0.0,7,cacgr_nc,757,114.1527887649922,75.84763703465288,270.1460224176732,1.0,1.0,126.86945914322472,0.0,"{""auv"": 0.5324, ""seabed"": 0.4676}"
robust,p_miss,0.0,8,cloud,772,537.6285059512867,536.5887135012184,760.943050713984,0.15155440414507773,1.0,9.600000000006183,0.0,"{""cloud"": 1.0}"
robust,p_miss,0.0,8,sensor,772,49.873757327398984,48.51391018355001,81.97312761838215,1.0,1.0,279.7202072538606,0.0,"{""seabed"": 1.0}"
robust,p_miss,0.0,8,surface,772,309.86018170020213,301.6500741672371,436.4059672297121,0.7474093264248705,1.0,3625.359928941482,0.0,"{""buoy"": 1.0}"
robust,p_miss,0.0,8,statopt,772,72.67240878152573,71.46560178690387,116.73903190269746,1.0,1.0,3306.960284233854,0.0,"{""cloud"": 0.8705, ""seabed"": 0.1295}"
robust,p_miss,0.0,8,cacgr,772,106.34796127456902,69.20398901989041,264.8840632389966,1.0,1.0,139.0000592153802,0.0,"{""auv"": 0.5052, ""seabed"": 0.4948}"
robust,p_miss,0.0,8,cacgr_nc,772,106.34796127456902,69.20398901989041,264.8840632389966,1.0,1.0,139.0000592153802,0.0,"{""auv"": 0.5052, ""seabed"": 0.4948}"
robust,p_miss,0.0,9,cloud,819,690.6218506919237,711.2067745893856,809.5478260985305,0.006105006105006105,1.0,9.600000000006688,0.0,"{""cloud"": 1.0}"
robust,p_miss,0.0,9,sensor,819,51.183681865249746,50.52515312772072,79.78611056469816,1.0,1.0,269.5911390196926,0.0,"{""seabed"": 1.0}"
robust,p_miss,0.0,9,surface,819,311.02110057698263,322.4339110142925,430.40697247554914,0.7216117216117216,1.0,3504.621583115251,0.0,"{""buoy"": 1.0}"
robust,p_miss,0.0,9,statopt,819,55.95846755872854,55.85454746983523,84.79599206739236,1.0,1.0,2634.4786324785982,0.0,"{""cloud"": 0.7497, ""seabed"": 0.2503}"
robust,p_miss,0.0,9,cacgr,819,108.08311181568754,71.84741144801325,265.6553239912434,1.0,1.0,130.9373410081826,0.0,"{""auv"": 0.5214, ""seabed"": 0.4786}"
robust,p_miss,0.0,9,cacgr_nc,819,108.08311181568754,71.84741144801325,265.6553239912434,1.0,1.0,130.9373410081826,0.0,"{""auv"": 0.5214, ""seabed"": 0.4786}"
robust,p_miss,0.0,10,cloud,786,626.2295017793682,641.6365271622958,754.4856620250342,0.04198473282442748,1.0,9.600000000004725,0.0,"{""cloud"": 1.0}"
robust,p_miss,0.0,10,sensor,786,50.51947972139986,49.534332010399524,77.17745925305917,1.0,1.0,279.1537622682638,0.0,"{""seabed"": 1.0}"
robust,p_miss,0.0,10,surface,786,304.3572264101746,320.19236661970905,420.4500702797654,0.7366412213740458,1.0,3604.4651748454826,0.0,"{""buoy"": 1.0}"
robust,p_miss,0.0,10,statopt,786,50.47298065127073,49.5215640411494,77.17745858639252,1.0,1.0,1886.6964740094372,0.0,"{""cloud"": 0.6132, ""seabed"": 0.3868}"
robust,p_miss,0.0,10,cacgr,786,111.84679864006121,74.78853807098209,260.5727573287514,1.0,1.0,127.31766194110584,0.0,"{""auv"": 0.5433, ""seabed"": 0.4567}"
robust,p_miss,0.0,10,cacgr_nc,786,111.84679864006121,74.78853807098209,260.5727573287514,1.0,1.0,127.31766194110584,0.0,"{""auv"": 0.5433, ""seabed"": 0.4567}"
robust,p_miss,0.0,11,cloud,770,641.5272688519166,644.1019843640593,725.9467114909481,0.0,1.0,9.600000000005995,0.0,"{""cloud"": 1.0}"
robust,p_miss,0.0,11,sensor,770,53.334039357658085,53.539879681957956,80.93240644937448,1.0,1.0,295.6456400742069,0.0,"{""seabed"": 1.0}"
robust,p_miss,0.0,11,surface,770,325.95764210457526,326.96447569855843,439.0539045281654,0.6480519480519481,1.0,3601.4239525046087,0.0,"{""buoy"": 1.0}"
robust,p_miss,0.0,11,statopt,770,101.11997303344785,99.5723146244986,170.45889046169833,1.0,1.0,3308.456413209621,0.0,"{""cloud"": 0.7442, ""seabed"": 0.2558}"
robust,p_miss,0.0,11,cacgr,770,108.93560501241137,71.43053907491466,262.84443593320515,1.0,1.0,157.68245491650904,0.0,"{""seabed"": 0.5273, ""auv"": 0.4727}"
robust,p_miss,0.0,11,cacgr_nc,770,108.93560501241137,71.43053907491466,262.84443593320515,1.0,1.0,157.68245491650904,0.0,"{""seabed"": 0.5273, ""auv"": 0.4727}"
robust,p_miss,0.0,12,cloud,792,685.0739190344472,694.7728048952807,800.0142496042556,0.0,1.0,9.600000000006,0.0,"{""cloud"": 1.0}"
robust,p_miss,0.0,12,sensor,792,51.40780845580876,50.249017595510786,82.46912516377546,1.0,1.0,259.1338383838163,0.0,"{""seabed"": 1.0}"
robust,p_miss,0.0,12,surface,792,270.355262050449,288.53894257444693,375.5977350696029,0.9154040404040404,1.0,3533.8066378065864,0.0,"{""buoy"": 1.0}"
robust,p_miss,0.0,12,statopt,792,94.88279895471534,89.55849440015056,160.5037704418461,1.0,1.0,3224.945177489133,0.0,"{""cloud"": 0.8801, ""seabed"": 0.1199}"
robust,p_miss,0.0,12,cacgr,792,107.97184401973715,73.23818445168901,260.4522900454782,1.0,1.0,124.28718326116831,0.0,"{""auv"": 0.5215, ""seabed"": 0.4785}"
robust,p_miss,0.0,12,cacgr_nc,792,107.97184401973715,73.23818445168901,260.4522900454782,1.0,1.0,124.28718326116831,0.0,"{""auv"": 0.5215, ""seabed"": 0.4785}"
robust,p_miss,0.0,13,cloud,769,595.5086124036962,613.6455513501753,683.8955795271987,0.04681404421326398,1.0,9.600000000004503,0.0,"{""cloud"": 1.0}"
robust,p_miss,0.0,13,sensor,769,51.60384703221499,50.56431368494256,79.96405712320008,1.0,1.0,246.53836150841536,0.0,"{""seabed"": 1.0}"
robust,p_miss,0.0,13,surface,769,110.26217601513854,102.27719498498242,187.25181599132935,1.0,1.0,3509.344407207817,0.0,"{""buoy"": 1.0}"
robust,p_miss,0.0,13,statopt,769,109.51327209600979,101.41114542210295,186.83828054128068,1.0,1.0,3509.344407207817,0.0,"{""cloud"": 1.0}"
robust,p_miss,0.0,13,cacgr,769,102.05548091304618,67.69989076421868,255.277623175516,1.0,1.0,128.5651067434262,0.0,"{""seabed"": 0.5163, ""auv"": 0.4837}"
robust,p_miss,0.0,13,cacgr_nc,769,102.05548091304618,67.69989076421868,255.277623175516,1.0,1.0,128.5651067434262,0.0,"{""seabed"": 0.5163, ""auv"": 0.4837}"
robust,p_miss,0.0,14,cloud,750,595.9308872645263,617.5912708750116,736.7901141030967,0.02266666666666667,1.0,9.600000000005632,0.0,"{""cloud"": 1.0}"
robust,p_miss,0.0,14,sensor,750,52.96512689527155,51.75200861320603,83.18845825525203,1.0,1.0,259.8095238095044,0.0,"{""seabed"": 1.0}"
robust,p_miss,0.0,14,surface,750,253.32801355522258,263.9876129802934,352.3686805021533,0.972,1.0,3640.1756220951925,0.0,"{""buoy"": 1.0}"
robust,p_miss,0.0,14,statopt,750,76.31305542412548,72.75569723883152,119.54349818945573,1.0,1.0,3311.2571428571023,0.0,"{""cloud"": 0.8813, ""seabed"": 0.1187}"
robust,p_miss,0.0,14,cacgr,750,103.30367256596072,68.27578852676197,263.17722504275457,1.0,1.0,139.51253333332141,0.0,"{""seabed"": 0.5333, ""auv"": 0.4667}"
robust,p_miss,0.0,14,cacgr_nc,750,103.30367256596072,68.27578852676197,263.17722504275457,1.0,1.0,139.51253333332141,0.0,"{""seabed"": 0.5333, ""auv"": 0.4667}"
robust,p_miss,0.0,15,cloud,770,567.9445978672295,607.2544111405225,702.1696947739157,0.07792207792207792,1.0,9.600000000004483,0.0,"{""cloud"": 1.0}"
robust,p_miss,0.0,15,sensor,770,52.35004132006013,51.35610989457667,80.9462203557601,1.0,1.0,254.96846011128886,0.0,"{""seabed"": 1.0}"
robust,p_miss,0.0,15,surface,770,199.0149475121976,207.06515763446575,276.8266123017941,1.0,1.0,3560.4909298700773,0.0,"{""buoy"": 1.0}"
robust,p_miss,0.0,15,statopt,770,196.5912348498052,205.58137590111576,274.3366141590179,1.0,1.0,3560.4909298700773,0.0,"{""cloud"": 1.0}"
robust,p_miss,0.0,15,cacgr,770,109.12938254580986,73.93394052229664,266.49599949920395,1.0,1.0,122.47926975879072,0.0,"{""auv"": 0.5234, ""seabed"": 0.4766}"
robust,p_miss,0.0,15,cacgr_nc,770,109.12938254580986,73.93394052229664,266.49599949920395,1.0,1.0,122.47926975879072,0.0,"{""auv"": 0.5234, ""seabed"": 0.4766}"
robust,p_miss,0.0,16,cloud,748,596.7902599629119,607.8398373252586,745.0934620957029,0.0213903743315508,1.0,9.600000000006327,0.0,"{""cloud"": 1.0}"
robust,p_miss,0.0,16,sensor,748,51.91596160718687,52.16315822115224,78.2664645420846,1.0,1.0,247.64553093960936,0.0,"{""seabed"": 1.0}"
robust,p_miss,0.0,16,surface,748,104.91508485688396,106.57278956716806,154.86133664054623,1.0,1.0,3638.365689839508,0.0,"{""buoy"": 1.0}"
robust,p_miss,0.0,16,statopt,748,104.40447625398454,106.12064050688451,153.74058366546475,1.0,1.0,3638.365689839508,0.0,"{""cloud"": 1.0}"
robust,p_miss,0.0,16,cacgr,748,106.5279649070725,70.26422890623859,261.66520259515636,1.0,1.0,127.98951871655572,0.0,"{""seabed"": 0.512, ""auv"": 0.488}"
robust,p_miss,0.0,16,cacgr_nc,748,106.5279649070725,70.26422890623859,261.66520259515636,1.0,1.0,127.98951871655572,0.0,"{""seabed"": 0.512, ""auv"": 0.488}"
robust,p_miss,0.0,17,cloud,733,594.9463837246224,606.1395751182533,707.0631413078255,0.0,1.0,9.60000000000642,0.0,"{""cloud"": 1.0}"
robust,p_miss,0.0,17,sensor,733,52.35524527054384,51.87778232498531,81.48815137075871,1.0,1.0,299.93412590140053,0.0,"{""seabed"": 1.0}"
robust,p_miss,0.0,17,surface,733,328.1333700550944,323.3320249492589,461.5737236777194,0.6275579809004093,1.0,3974.1134125901185,0.0,"{""buoy"": 1.0}"
robust,p_miss,0.0,17,statopt,733,54.972121837191416,54.34992424003455,84.76362576863572,1.0,1.0,2286.311050477494,0.0,"{""seabed"": 0.5007, ""cloud"": 0.4993}"
robust,p_miss,0.0,17,cacgr,733,111.02128112369081,75.21705568156952,264.57221351656926,1.0,1.0,146.67435743520167,0.0,"{""auv"": 0.5198, ""seabed"": 0.4802}"
robust,p_miss,0.0,17,cacgr_nc,733,111.02128112369081,75.21705568156952,264.57221351656926,1.0,1.0,146.67435743520167,0.0,"{""auv"": 0.5198, ""seabed"": 0.4802}"
robust,p_miss,0.0,18,cloud,782,574.3370664465377,593.6312950446663,675.1598806497694,0.026854219948849106,1.0,9.600000000006132,0.0,"{""cloud"": 1.0}"
robust,p_miss,0.0,18,sensor,782,50.64684738462339,50.34495632022793,75.27806144689369,1.0,1.0,242.23565948114083,0.0,"{""seabed"": 1.0}"
robust,p_miss,0.0,18,surface,782,79.89647094888257,75.35464394783824,135.31697795991866,1.0,1.0,3184.3198421628886,0.0,"{""buoy"": 1.0}"
robust,p_miss,0.0,18,statopt,782,79.02537834441245,74.44017252259188,134.70354493507946,1.0,1.0,3184.3198421628886,0.0,"{""cloud"": 1.0}"
robust,p_miss,0.0,18,cacgr,782,111.47604038383108,73.52259186180027,262.3800493975025,1.0,1.0,112.33741761049853,0.0,"{""auv"": 0.5409, ""seabed"": 0.4591}"
robust,p_miss,0.0,18,cacgr_nc,782,111.47604038383108,73.52259186180027,262.3800493975025,1.0,1.0,112.33741761049853,0.0,"{""auv"": 0.5409, ""seabed"": 0.4591}"
robust,p_miss,0.0,19,cloud,753,639.7206001607798,648.0099287221999,732.0392709828985,0.0,1.0,9.600000000007444,0.0,"{""cloud"": 1.0}"
robust,p_miss,0.0,19,sensor,753,55.539797725731816,54.745358432519424,83.28081860602717,1.0,1.0,309.3800037943556,0.0,"{""seabed"": 1.0}"
robust,p_miss,0.0,19,surface,753,357.529779611453,358.7971831604756,495.3104347222527,0.5073041168658698,1.0,3633.394531587915,0.0,"{""buoy"": 1.0}"
robust,p_miss,0.0,19,statopt,753,56.41296118461908,55.884045992641404,84.66700350660102,1.0,1.0,2034.8210965661146,0.0,"{""cloud"": 0.5153, ""seabed"": 0.4847}"
robust,p_miss,0.0,19,cacgr,753,111.05409385204887,75.60204185232311,259.55562827348075,1.0,1.0,150.55089356858434,0.0,"{""auv"": 0.5246, ""seabed"": 0.4754}"
robust,p_miss,0.0,19,cacgr_nc,753,111.05409385204887,75.60204185232311,259.55562827348075,1.0,1.0,150.55089356858434,0.0,"{""auv"": 0.5246, ""seabed"": 0.4754}"
robust,p_miss,0.0,20,cloud,812,652.1720837228291,648.4713712034114,760.9582147968467,0.0,1.0,9.600000000007316,0.0,"{""cloud"": 1.0}"
robust,p_miss,0.0,20,sensor,812,50.92402910966457,50.69760268738755,81.30876522913759,1.0,1.0,294.8483462350384,0.0,"{""seabed"": 1.0}"
robust,p_miss,0.0,20,surface,812,360.78558344310375,365.0849944187352,499.200090956351,0.4852216748768473,1.0,3425.834482758592,0.0,"{""buoy"": 1.0}"
robust,p_miss,0.0,20,statopt,812,108.12585902093555,110.29714054183545,152.2564781738689,1.0,1.0,3261.2193505981436,0.0,"{""cloud"": 0.7463, ""seabed"": 0.2537}"
robust,p_miss,0.0,20,cacgr,812,108.19644817145651,71.90311634119506,260.39802134582925,1.0,1.0,145.39835890217583,0.0,"{""auv"": 0.516, ""seabed"": 0.484}"
robust,p_miss,0.0,20,cacgr_nc,812,108.19644817145651,71.90311634119506,260.39802134582925,1.0,1.0,145.39835890217583,0.0,"{""auv"": 0.516, ""seabed"": 0.484}"
robust,p_miss,0.0,21,cloud,770,628.9125168953838,637.0247058713883,753.6371393659109,0.007792207792207792,1.0,9.600000000005952,0.0,"{""cloud"": 1.0}"
robust,p_miss,0.0,21,sensor,770,51.38364027239665,51.26582176924627,80.50522418944182,1.0,1.0,279.1799628942457,0.0,"{""seabed"": 1.0}"
robust,p_miss,0.0,21,surface,770,309.4687255805918,314.24053771154587,411.5865963127987,0.6961038961038961,1.0,3731.265656400709,0.0,"{""buoy"": 1.0}"
robust,p_miss,0.0,21,statopt,770,77.25908270200213,73.2866595692154,128.75391747790155,1.0,1.0,3196.0259802597157,0.0,"{""cloud"": 0.7312, ""seabed"": 0.2688}"
robust,p_miss,0.0,21,cacgr,770,109.73952910005498,72.61647625171645,261.0377354287615,1.0,1.0,132.50031614099453,0.0,"{""auv"": 0.5299, ""seabed"": 0.4701}"
robust,p_miss,0.0,21,cacgr_nc,770,109.73952910005498,72.61647625171645,261.0377354287615,1.0,1.0,132.50031614099453,0.0,"{""auv"": 0.5299, ""seabed"": 0.4701}"
robust,p_miss,0.0,22,cloud,813,630.6808256678379,659.0450334440181,820.7220076060402,0.014760147601476014,1.0,9.60000000000813,0.0,"{""cloud"": 1.0}"
robust,p_miss,0.0,22,sensor,813,53.05244395312419,53.48964990884197,80.30144733735514,1.0,1.0,287.26620980494175,0.0,"{""seabed"": 1.0}"
robust,p_miss,0.0,22,surface,813,346.49560687665326,352.9762799009923,476.00164287982614,0.5424354243542435,1.0,3555.1181950447713,0.0,"{""buoy"": 1.0}"
robust,p_miss,0.0,22,statopt,813,75.37401233399933,70.74203677423648,130.39761647891243,1.0,1.0,2983.2696144789697,0.0,"{""cloud"": 0.7651, ""seabed"": 0.2349}"
robust,p_miss,0.0,22,cacgr,813,108.2379742498987,73.24243360508912,260.26774118943797,1.0,1.0,137.01008610084904,0.0,"{""auv"": 0.5228, ""seabed"": 0.4772}"
robust,p_miss,0.0,22,cacgr_nc,813,108.2379742498987,73.24243360508912,260.26774118943797,1.0,1.0,137.01008610084904,0.0,"{""auv"": 0.5228, ""seabed"": 0.4772}"
robust,p_miss,0.0,23,cloud,784,675.9925234789845,678.1600676222373,822.4531108415771,0.0,1.0,9.600000000007626,0.0,"{""cloud"": 1.0}"
robust,p_miss,0.0,23,sensor,784,52.41718512998357,51.59576277622455,83.67700762054504,1.0,1.0,273.92966472302436,0.0,"{""seabed"": 1.0}"
robust,p_miss,0.0,23,surface,784,313.28260915361534,318.90430856531054,434.68232008328886,0.7257653061224489,1.0,3569.9013177842194,0.0,"{""buoy"": 1.0}"
robust,p_miss,0.0,23,statopt,784,64.97045496066845,63.10188631030657,114.21142216223483,1.0,1.0,2914.2448979591563,0.0,"{""cloud"": 0.7436, ""seabed"": 0.2564}"
robust,p_miss,0.0,23,cacgr,784,109.6761850377962,74.03313770206903,269.58458084385495,1.0,1.0,130.86580174926783,0.0,"{""auv"": 0.5293, ""seabed"": 0.4707}"
robust,p_miss,0.0,23,cacgr_nc,784,109.6761850377962,74.03313770206903,269.58458084385495,1.0,1.0,130.86580174926783,0.0,"{""auv"": 0.5293, ""seabed"": 0.4707}"
robust,p_miss,0.0,24,cloud,813,607.5859423835824,617.9947819744183,723.7825288873913,0.0,1.0,9.600000000007594,0.0,"{""cloud"": 1.0}"
robust,p_miss,0.0,24,sensor,813,52.680623741398975,53.362156286449924,81.68553740047099,1.0,1.0,242.28290282898672,0.0,"{""seabed"": 1.0}"
robust,p_miss,0.0,24,surface,813,98.78019015756686,103.26556486329355,147.28046285386554,1.0,1.0,3189.492796345044,0.0,"{""buoy"": 1.0}"
robust,p_miss,0.0,24,statopt,813,97.84466877691803,102.09132583057047,146.7718137949872,1.0,1.0,3189.492796345044,0.0,"{""cloud"": 1.0}"
robust,p_miss,0.0,24,cacgr,813,110.36978435558116,73.18563388677879,261.75982166181615,1.0,1.0,117.95273660162538,0.0,"{""auv"": 0.5203, ""seabed"": 0.4797}"
robust,p_miss,0.0,24,cacgr_nc,813,110.36978435558116,73.18563388677879,261.75982166181615,1.0,1.0,117.95273660162538,0.0,"{""auv"": 0.5203, ""seabed"": 0.4797}"
robust,p_miss,0.0,25,cloud,675,640.4481804394543,646.5677681359007,775.037018536088,0.011851851851851851,1.0,9.60000000000538,0.0,"{""cloud"": 1.0}"
robust,p_miss,0.0,25,sensor,675,52.36014735519552,52.12385851511353,79.10050668905254,1.0,1.0,273.16402116401025,0.0,"{""seabed"": 1.0}"
robust,p_miss,0.0,25,surface,675,294.7702861363408,305.53001623824406,413.3212452567339,0.7703703703703704,1.0,4302.61329608461,0.0,"{""buoy"": 1.0}"
robust,p_miss,0.0,25,statopt,675,185.87336168404786,199.14176406201514,280.22421039465405,1.0,1.0,4094.7956412274666,0.0,"{""cloud"": 0.8726, ""seabed"": 0.1274}"
robust,p_miss,0.0,25,cacgr,675,107.87639942534264,70.91934461265579,267.1639315170411,1.0,1.0,133.52186243385177,0.0,"{""auv"": 0.5185, ""seabed"": 0.4815}"
robust,p_miss,0.0,25,cacgr_nc,675,107.87639942534264,70.91934461265579,267.1639315170411,1.0,1.0,133.52186243385177,0.0,"{""auv"": 0.5185, ""seabed"": 0.4815}"
robust,p_miss,0.0,26,cloud,842,530.7601984930717,543.3811402292612,724.0084821775785,0.12470308788598575,1.0,9.60000000000948,0.0,"{""cloud"": 1.0}"
robust,p_miss,0.0,26,sensor,842,52.14725080979138,52.31273383879034,78.88544806974728,1.0,1.0,288.91041737358177,0.0,"{""seabed"": 1.0}"
robust,p_miss,0.0,26,surface,842,338.7174416657728,341.07021481851615,470.48983157980496,0.5843230403800475,1.0,3307.237499830302,0.0,"{""buoy"": 1.0}"
robust,p_miss,0.0,26,statopt,842,238.0465279669343,253.6793295764354,339.44443184132405,0.9893111638954869,1.0,3328.9259860196394,0.0,"{""cloud"": 0.8705, ""seabed"": 0.1295}"
robust,p_miss,0.0,26,cacgr,842,108.57639359279943,74.95080309922426,263.95716569686033,1.0,1.0,137.88512249744323,0.0,"{""auv"": 0.5333, ""seabed"": 0.4667}"
robust,p_miss,0.0,26,cacgr_nc,842,108.57639359279943,74.95080309922426,263.95716569686033,1.0,1.0,137.88512249744323,0.0,"{""auv"": 0.5333, ""seabed"": 0.4667}"
robust,p_miss,0.0,27,cloud,753,582.541377000007,609.6532651890469,748.2237811288308,0.049136786188579015,1.0,9.600000000009588,0.0,"{""cloud"": 1.0}"
robust,p_miss,0.0,27,sensor,753,50.62400139094973,49.18074466802791,82.0767720153577,1.0,1.0,280.82754695503576,0.0,"{""seabed"": 1.0}"
robust,p_miss,0.0,27,surface,753,322.6687870764544,322.6685459154777,451.95366882378164,0.6547144754316069,1.0,3625.746173401602,0.0,"{""buoy"": 1.0}"
robust,p_miss,0.0,27,statopt,753,152.0296104855166,157.78366395369375,209.1284525608331,1.0,1.0,3604.620680705723,0.0,"{""cloud"": 0.7596, ""seabed"": 0.2404}"
robust,p_miss,0.0,27,cacgr,753,111.93957414456824,74.9801716817446,270.3788676910825,1.0,1.0,134.04803642572287,0.0,"{""auv"": 0.5312, ""seabed"": 0.4688}"
robust,p_miss,0.0,27,cacgr_nc,753,111.93957414456824,74.9801716817446,270.3788676910825,1.0,1.0,134.04803642572287,0.0,"{""auv"": 0.5312, ""seabed"": 0.4688}"
robust,p_miss,0.0,28,cloud,756,601.0065464355241,629.1895887636646,748.616981215988,0.017195767195767195,1.0,9.600000000006665,0.0,"{""cloud"": 1.0}"
robust,p_miss,0.0,28,sensor,756,53.09161642320658,51.96197048274301,86.16654166618888,1.0,1.0,267.5234315948462,0.0,"{""seabed"": 1.0}"
robust,p_miss,0.0,28,surface,756,265.0668308434445,265.37699885351816,391.7964176998873,0.8677248677248677,1.0,3713.362854119387,0.0,"{""buoy"": 1.0}"
robust,p_miss,0.0,28,statopt,756,55.65595889819566,53.870448218409095,90.03760694483114,1.0,1.0,2619.08238851093,0.0,"{""cloud"": 0.7632, ""seabed"": 0.2368}"
robust,p_miss,0.0,28,cacgr,756,111.12248955522598,80.08701457544927,265.15448609378694,1.0,1.0,128.21261073317078,0.0,"{""auv"": 0.5251, ""seabed"": 0.4749}"
robust,p_miss,0.0,28,cacgr_nc,756,111.12248955522598,80.08701457544927,265.15448609378694,1.0,1.0,128.21261073317078,0.0,"{""auv"": 0.5251, ""seabed"": 0.4749}"
robust,p_miss,0.0,29,cloud,782,636.6560718349533,648.1535313000313,730.6115446463413,0.0,1.0,9.6000000000075,0.0,"{""cloud"": 1.0}"
robust,p_miss,0.0,29,sensor,782,49.286405185514305,47.68452843165566,78.35024798924941,1.0,1.0,292.19912312752354,0.0,"{""seabed"": 1.0}"
robust,p_miss,0.0,29,surface,782,326.07220960931346,323.17302330035807,452.91834029610015,0.6329923273657289,1.0,3524.2832356594595,0.0,"{""buoy"": 1.0}"
robust,p_miss,0.0,29,statopt,782,68.07058838795392,66.93329183080532,110.53069298711594,1.0,1.0,3050.154914139564,0.0,"{""cloud"": 0.624, ""seabed"": 0.376}"
robust,p_miss,0.0,29,cacgr,782,103.06513371223811,67.78883760163747,263.32848321537887,1.0,1.0,149.45845232006263,0.0,"{""seabed"": 0.5064, ""auv"": 0.4936}"
robust,p_miss,0.0,29,cacgr_nc,782,103.06513371223811,67.78883760163747,263.32848321537887,1.0,1.0,149.45845232006263,0.0,"{""seabed"": 0.5064, ""auv"": 0.4936}"
robust,p_miss,0.1,0,cloud,764,660.9974987721496,666.8143130102978,829.9593646841619,0.003926701570680628,1.0,9.60000000000571,0.2094240837696335,"{""cloud"": 1.0}"
robust,p_miss,0.1,0,sensor,764,64.00659777921204,57.44545918385647,141.75255413797598,1.0,1.0,285.11518324607835,0.14921465968586387,"{""seabed"": 1.0}"
robust,p_miss,0.1,0,surface,764,328.73853201752416,337.0783833696375,464.8188041300378,0.5916230366492147,1.0,3622.1896305160512,0.11910994764397906,"{""buoy"": 1.0}"
robust,p_miss,0.1,0,statopt,764,68.57743348371031,61.959953993602085,151.44899004629264,1.0,1.0,2675.448017950626,0.14659685863874344,"{""cloud"": 0.6414, ""seabed"": 0.3586}"
robust,p_miss,0.1,0,cacgr,764,107.32913209766816,76.38009683522135,246.66696510661538,1.0,1.0,162.36543605085745,0.14921465968586387,"{""seabed"": 0.5694, ""auv"": 0.4306}"
robust,p_miss,0.1,0,cacgr_nc,764,118.75450437451246,84.85706141694318,271.28959968797034,1.0,1.0,149.78068810770088,0.1505235602094241,"{""seabed"": 0.5223, ""auv"": 0.4777}"
robust,p_miss,0.1,1,cloud,727,607.0212152315081,585.5065897777689,967.8097352861249,0.08803301237964237,1.0,9.600000000009569,0.40990371389270974,"{""cloud"": 1.0}"
robust,p_miss,0.1,1,sensor,727,66.6165686087244,54.05494063816092,149.04867465019564,1.0,1.0,273.91982707800565,0.18707015130674004,"{""seabed"": 1.0}"
robust,p_miss,0.1,1,surface,727,310.78551118663574,323.5322825019675,441.72172606307623,0.6657496561210454,1.0,3869.2801477696717,0.2585969738651995,"{""buoy"": 1.0}"
robust,p_miss,0.1,1,statopt,727,76.56274790232841,64.27861147987302,165.51648195087546,1.0,1.0,2896.243011986616,0.19944979367262725,"{""cloud"": 0.7428, ""seabed"": 0.2572}"
robust,p_miss,0.1,1,cacgr,727,113.6181078809709,79.9939761871164,255.86405553358293,1.0,1.0,171.12758341520313,0.20495185694635487,"{""seabed"": 0.5928, ""auv"": 0.4044, ""buoy"": 0.0014, ""sat"": 0.0014}"
robust,p_miss,0.1,1,cacgr_nc,727,126.55374550894415,100.11779649625412,280.8889451911125,1.0,1.0,166.78266378462678,0.21045392022008252,"{""seabed"": 0.5475, ""auv"": 0.4498, ""buoy"": 0.0028}"
robust,p_miss,0.1,2,cloud,757,762.4304177280849,727.3119585734305,1187.9292715079123,0.0,1.0,9.600000000004576,0.9365918097754293,"{""cloud"": 1.0}"
robust,p_miss,0.1,2,sensor,757,75.64226935824958,57.65288275645568,169.75003432033378,1.0,1.0,281.4961313455384,0.30250990752972257,"{""seabed"": 1.0}"
robust,p_miss,0.1,2,surface,757,362.7627093332891,367.36138817447716,503.9507494718946,0.4570673712021136,1.0,3768.872215889757,0.2655217965653897,"{""buoy"": 1.0}"
robust,p_miss,0.1,2,statopt,757,75.61718242989758,58.43128600346972,169.75114365366719,1.0,1.0,2290.5827514625294,0.28797886393659183,"{""cloud"": 0.6328, ""seabed"": 0.3672}"
robust,p_miss,0.1,2,cacgr,757,118.99044026223494,84.85384865075466,266.10311005176425,0.9933949801849405,1.0,179.32184336666558,0.34081902245706736,"{""seabed"": 0.642, ""auv"": 0.358}"
robust,p_miss,0.1,2,cacgr_nc,757,130.83863460039453,99.5566819474477,289.0653415817542,0.9828269484808454,1.0,166.25171541799497,0.3527080581241744,"{""seabed"": 0.5971, ""auv"": 0.4029}"
robust,p_miss,0.1,3,cloud,758,647.6234817636243,641.7734223848794,1077.2844172083692,0.08311345646437995,1.0,9.600000000007661,0.4472295514511873,"{""cloud"": 1.0}"
robust,p_miss,0.1,3,sensor,758,62.204372489600196,55.975779199230175,125.08469171722173,1.0,1.0,252.320392009013,0.1517150395778364,"{""seabed"": 1.0}"
robust,p_miss,0.1,3,surface,758,209.44376586055242,197.7764089773785,347.50136049825727,0.9630606860158312,1.0,3707.269747455651,0.19261213720316622,"{""buoy"": 1.0}"
robust,p_miss,0.1,3,statopt,758,209.0863952441626,197.77879564404526,344.74324329567827,0.9643799472295514,1.0,3707.269747455651,0.20316622691292877,"{""cloud"": 1.0}"
robust,p_miss,0.1,3,cacgr,758,106.51052546263433,72.05957233287988,250.74015950669036,0.9986807387862797,1.0,158.3731775348415,0.2546174142480211,"{""seabed"": 0.624, ""auv"": 0.376}"
robust,p_miss,0.1,3,cacgr_nc,758,123.13975451639449,80.88920575045971,278.65826524049396,0.9920844327176781,1.0,154.78583942704054,0.2770448548812665,"{""seabed"": 0.5633, ""auv"": 0.4327, ""sat"": 0.0026, ""buoy"": 0.0013}"
robust,p_miss,0.1,4,cloud,790,675.1939271062257,661.4470307767273,954.2090068657031,0.0,1.0,9.600000000005346,0.6721518987341772,"{""cloud"": 1.0}"
robust,p_miss,0.1,4,sensor,790,65.15048230974715,54.552301430948624,144.4318946171101,1.0,1.0,268.77215189872175,0.2468354430379747,"{""seabed"": 1.0}"
robust,p_miss,0.1,4,surface,790,315.0392480210006,321.2969271226051,445.40657196276806,0.7367088607594937,1.0,3557.2771703435433,0.32151898734177214,"{""buoy"": 1.0}"
robust,p_miss,0.1,4,statopt,790,213.19956031653794,212.6015959407255,323.2226676990052,0.9848101265822785,1.0,3477.1608075225663,0.23544303797468355,"{""cloud"": 0.8848, ""seabed"": 0.1152}"
robust,p_miss,0.1,4,cacgr,790,112.68791289985256,84.3494036943975,252.05170621431623,1.0,1.0,159.39231247738527,0.2582278481012658,"{""seabed"": 0.5861, ""auv"": 0.4139}"
robust,p_miss,0.1,4,cacgr_nc,790,120.84615543451154,90.38406955609632,272.9670755559859,0.9987341772151899,1.0,148.63933164556025,0.24936708860759493,"{""seabed"": 0.5456, ""auv"": 0.4544}"
robust,p_miss,0.1,5,cloud,763,677.5305790331089,679.3755275321663,962.1600593045044,0.011795543905635648,1.0,9.60000000000676,0.5727391874180865,"{""cloud"": 1.0}"
robust,p_miss,0.1,5,sensor,763,62.735940304207176,56.02587450725744,136.55195590350587,1.0,1.0,287.89215502712926,0.1559633027522936,"{""seabed"": 1.0}"
robust,p_miss,0.1,5,surface,763,293.95999166006783,289.9478917700913,433.16641139940907,0.7916120576671035,1.0,3709.3017936715596,0.17693315858453473,"{""buoy"": 1.0}"
robust,p_miss,0.1,5,statopt,763,110.43462241801808,104.4092365773396,206.12081095447655,1.0,1.0,3500.897351057813,0.1782437745740498,"{""cloud"": 0.8506, ""seabed"": 0.1494}"
robust,p_miss,0.1,5,cacgr,763,112.25077355022405,78.63857482613015,252.5189941904505,1.0,1.0,163.32403370153585,0.1965923984272608,"{""seabed"": 0.5701, ""auv"": 0.4299}"
robust,p_miss,0.1,5,cacgr_nc,763,124.45858114284682,91.54118024426425,278.5782091881067,0.9947575360419397,1.0,149.4038210072845,0.20314547837483618,"{""seabed"": 0.5203, ""auv"": 0.4797}"
robust,p_miss,0.1,6,cloud,729,665.5440018485939,646.3774648100596,984.4334469545406,0.024691358024691357,1.0,9.600000000009219,0.6899862825788752,"{""cloud"": 1.0}"
robust,p_miss,0.1,6,sensor,729,62.807255303243856,53.749986202382324,147.58434759048046,1.0,1.0,266.7658240250655,0.17695473251028807,"{""seabed"": 1.0}"
robust,p_miss,0.1,6,surface,729,294.2917177070328,301.55353155220706,417.37938982760386,0.7873799725651578,1.0,3944.8672514206883,0.22496570644718794,"{""buoy"": 1.0}"
robust,p_miss,0.1,6,statopt,729,188.253101974263,186.6313297770775,287.0782114482484,0.9945130315500685,1.0,3826.354966725409,0.20438957475994513,"{""cloud"": 0.8985, ""seabed"": 0.1015}"
robust,p_miss,0.1,6,cacgr,729,116.56752939451081,79.8083889138327,263.6705577433694,0.9876543209876543,1.0,174.57989731528946,0.2578875171467764,"{""seabed"": 0.5748, ""auv"": 0.4211, ""sat"": 0.0041}"
robust,p_miss,0.1,6,cacgr_nc,729,127.34543211942224,91.1312391566884,281.6545072559433,0.9821673525377229,1.0,165.55863766410297,0.26886145404663925,"{""seabed"": 0.5418, ""auv"": 0.454, ""sat"": 0.0041}"
robust,p_miss,0.1,7,cloud,757,722.3982480847183,724.7318847528362,983.0041557347897,0.015852047556142668,1.0,9.60000000000893,0.8877146631439894,"{""cloud"": 1.0}"
robust,p_miss,0.1,7,sensor,757,77.2713222680437,60.99831208006508,180.9224499037664,1.0,1.0,266.49330062274504,0.31968295904887717,"{""seabed"": 1.0}"
robust,p_miss,0.1,7,surface,757,313.48048567350617,316.79805589433187,465.22041161498964,0.6697490092470277,1.0,3599.0080513304015,0.261558784676354,"{""buoy"": 1.0}"
robust,p_miss,0.1,7,statopt,757,204.42874105844191,197.34567757789168,311.7852611652397,0.9828269484808454,1.0,3532.370858501563,0.3143989431968296,"{""cloud"": 0.86, ""seabed"": 0.14}"
robust,p_miss,0.1,7,cacgr,757,129.53196855879978,107.693788591685,293.8077192321174,0.9867899603698811,1.0,167.0279826382268,0.42536327608982827,"{""seabed"": 0.5892, ""auv"": 0.4095, ""uav"": 0.0013}"
robust,p_miss,0.1,7,cacgr_nc,757,145.2947923012248,127.70828700584656,329.9171601520328,0.9656538969616909,1.0,145.55466616342056,0.4478203434610304,"{""seabed"": 0.535, ""auv"": 0.465}"
robust,p_miss,0.1,8,cloud,772,635.7387350785974,606.0276806890197,1287.6153858793366,0.13082901554404144,1.0,9.60000000000805,0.6178756476683938,"{""cloud"": 1.0}"
robust,p_miss,0.1,8,sensor,772,65.05365590248884,56.68570239897126,134.31839025225247,1.0,1.0,279.7202072538606,0.23704663212435234,"{""seabed"": 1.0}"
robust,p_miss,0.1,8,surface,772,320.9750243121125,318.1224615472655,446.06144390950936,0.6735751295336787,1.0,3625.359431532156,0.211139896373057,"{""buoy"": 1.0}"
robust,p_miss,0.1,8,statopt,772,86.58450344421645,83.06434536681269,153.23656190764757,1.0,1.0,3306.960284233854,0.2266839378238342,"{""cloud"": 0.8705, ""seabed"": 0.1295}"
robust,p_miss,0.1,8,cacgr,772,114.58255753176164,89.82389944522984,255.1764672751773,0.9974093264248705,1.0,158.05991709842678,0.30310880829015546,"{""seabed"": 0.5674, ""auv"": 0.4326}"
robust,p_miss,0.1,8,cacgr_nc,772,126.69987899377952,102.30921265729555,280.3225200048342,0.9896373056994818,1.0,151.58313249443086,0.3069948186528497,"{""seabed"": 0.5168, ""auv"": 0.4806, ""sat"": 0.0026}"
robust,p_miss,0.1,9,cloud,819,774.3642472618068,785.9228941234246,998.8883997427171,0.006105006105006105,1.0,9.60000000000742,0.9487179487179487,"{""cloud"": 1.0}"
robust,p_miss,0.1,9,sensor,819,64.50418795513058,56.12864441891834,145.05949181887945,1.0,1.0,269.5911390196926,0.23443223443223443,"{""seabed"": 1.0}"
robust,p_miss,0.1,9,surface,819,331.59901889357684,340.8125618148821,471.95821938366606,0.6153846153846154,1.0,3497.6439644164884,0.24175824175824176,"{""buoy"": 1.0}"
robust,p_miss,0.1,9,statopt,819,68.86179114483947,61.285450626405996,144.77253087029425,1.0,1.0,2634.4786324785982,0.22832722832722832,"{""cloud"": 0.7497, ""seabed"": 0.2503}"
robust,p_miss,0.1,9,cacgr,819,110.68274272595615,81.17983143094267,250.98795092259016,1.0,1.0,152.94406139889972,0.2783882783882784,"{""seabed"": 0.5629, ""auv"": 0.4371}"
robust,p_miss,0.1,9,cacgr_nc,819,122.74965422798851,93.92441599528902,274.2323127892496,0.9987789987789988,1.0,140.60407046919457,0.2869352869352869,"{""seabed"": 0.5153, ""auv"": 0.4847}"
robust,p_miss,0.1,10,cloud,786,702.6069337444308,698.010135654253,957.3987753097964,0.029262086513994912,1.0,9.600000000004586,0.7340966921119593,"{""cloud"": 1.0}"
robust,p_miss,0.1,10,sensor,786,66.4729414900303,54.373438187182124,157.71257047790158,1.0,1.0,279.1537622682638,0.19720101781170485,"{""seabed"": 1.0}"
robust,p_miss,0.1,10,surface,786,336.77577057090457,343.9408397191381,502.0800440581259,0.5763358778625954,1.0,3615.3746972009917,0.20610687022900764,"{""buoy"": 1.0}"
robust,p_miss,0.1,10,statopt,786,66.78706461823693,54.45523619788572,159.43554020850036,1.0,1.0,1886.6964740094372,0.19720101781170485,"{""cloud"": 0.6132, ""seabed"": 0.3868}"
robust,p_miss,0.1,10,cacgr,786,126.66080907044518,99.38408697588447,284.9280467677178,0.9949109414758269,1.0,155.9462566339461,0.30025445292620867,"{""seabed"": 0.5433, ""auv"": 0.4555, ""sat"": 0.0013}"
robust,p_miss,0.1,10,cacgr_nc,786,136.42650992746826,115.02271404411586,301.75174477601746,0.9872773536895675,1.0,144.45698291529857,0.3053435114503817,"{""seabed"": 0.5025, ""auv"": 0.4962, ""sat"": 0.0013}"
robust,p_miss,0.1,11,cloud,770,712.0843699421309,706.3290905690445,865.9571273199427,0.0,1.0,9.600000000006618,0.6896103896103896,"{""cloud"": 1.0}"
robust,p_miss,0.1,11,sensor,770,75.88846999693058,60.89295958196076,168.79256091394387,1.0,1.0,295.6456400742069,0.33636363636363636,"{""seabed"": 1.0}"
robust,p_miss,0.1,11,surface,770,356.33301544798064,359.0897057565517,506.7793923898299,0.5038961038961038,1.0,3671.9193944341055,0.2753246753246753,"{""buoy"": 1.0}"
robust,p_miss,0.1,11,statopt,770,121.41560687929699,112.81694176178414,222.73162671708755,1.0,1.0,3308.45641320962,0.2974025974025974,"{""cloud"": 0.7442, ""seabed"": 0.2558}"
robust,p_miss,0.1,11,cacgr,770,122.60136686337177,97.93570114772483,261.87750922993735,0.9974025974025974,1.0,178.9610092764341,0.37792207792207794,"{""seabed"": 0.6039, ""auv"": 0.3961}"
robust,p_miss,0.1,11,cacgr_nc,770,132.42103947392758,107.12888441446697,285.7082876976393,0.990909090909091,1.0,167.69681929498813,0.37142857142857144,"{""seabed"": 0.5623, ""auv"": 0.4377}"
robust,p_miss,0.1,12,cloud,792,830.7377333497959,761.3605477849233,1299.5749255793203,0.0,1.0,9.600000000006565,0.6805555555555556,"{""cloud"": 1.0}"
robust,p_miss,0.1,12,sensor,792,63.86623200171566,54.90168468078191,142.64867164789467,1.0,1.0,259.1338383838163,0.16792929292929293,"{""seabed"": 1.0}"
robust,p_miss,0.1,12,surface,792,300.93677256446693,318.45464355956824,424.4401994072201,0.7348484848484849,1.0,3634.817223665174,0.19696969696969696,"{""buoy"": 1.0}"
robust,p_miss,0.1,12,statopt,792,110.10108723173177,110.50153089791444,181.0464919570645,1.0,1.0,3239.374222222177,0.15404040404040403,"{""cloud"": 0.8801, ""seabed"": 0.1199}"
robust,p_miss,0.1,12,cacgr,792,116.641411603757,93.2973696736689,257.63864424271713,1.0,1.0,153.03433477632228,0.24242424242424243,"{""seabed"": 0.5846, ""auv"": 0.4154}"
robust,p_miss,0.1,12,cacgr_nc,792,125.28958566140913,105.89719879164474,276.7013904511728,0.9962121212121212,1.0,145.77588167386926,0.25126262626262624,"{""seabed"": 0.5568, ""auv"": 0.4432}"
robust,p_miss,0.1,13,cloud,769,658.3840447452978,661.2102110727054,927.1244181947376,0.04681404421326398,1.0,9.60000000000649,0.45253576072821844,"{""cloud"": 1.0}"
robust,p_miss,0.1,13,sensor,769,66.97334735452803,55.1348038814472,163.2155377308391,1.0,1.0,246.53836150841536,0.1976592977893368,"{""seabed"": 1.0}"
robust,p_miss,0.1,13,surface,769,123.78688601004065,111.05250784787326,235.7237232353743,1.0,1.0,3509.344407207817,0.1859557867360208,"{""buoy"": 1.0}"
robust,p_miss,0.1,13,statopt,769,122.8750598620072,110.28037781660551,234.06402995490512,1.0,1.0,3509.344407207817,0.1846553966189857,"{""cloud"": 1.0}"
robust,p_miss,0.1,13,cacgr,769,112.10471929037652,83.50140367203979,251.20011934194252,1.0,1.0,156.72673825001786,0.2444733420026008,"{""seabed"": 0.5878, ""auv"": 0.4083, ""sat"": 0.0026, ""buoy"": 0.0013}"
robust,p_miss,0.1,13,cacgr_nc,769,119.780105877937,91.37258080941344,269.77311729111005,1.0,1.0,148.93688129293128,0.24317295188556567,"{""seabed"": 0.5553, ""auv"": 0.4408, ""sat"": 0.0026, ""buoy"": 0.0013}"
robust,p_miss,0.1,14,cloud,750,640.0126599602048,635.1147024284968,877.6718409222506,0.021333333333333333,1.0,9.600000000005632,0.48133333333333334,"{""cloud"": 1.0}"
robust,p_miss,0.1,14,sensor,750,66.3006078088749,56.642899005451184,152.286038641982,1.0,1.0,259.8095238095044,0.156,"{""seabed"": 1.0}"
robust,p_miss,0.1,14,surface,750,271.6903766988393,275.62670563396983,380.2727817521673,0.8853333333333333,1.0,3640.1745980951923,0.20133333333333334,"{""buoy"": 1.0}"
robust,p_miss,0.1,14,statopt,750,88.92968459269186,80.56250189022234,167.38072650707554,1.0,1.0,3311.2571428571023,0.15333333333333332,"{""cloud"": 0.8813, ""seabed"": 0.1187}"
robust,p_miss,0.1,14,cacgr,750,107.77755808049436,74.1582909234455,253.42567880914294,1.0,1.0,159.9345523809386,0.196,"{""seabed"": 0.5987, ""auv"": 0.4, ""sat"": 0.0013}"
robust,p_miss,0.1,14,cacgr_nc,750,118.34906143948794,81.9683540718984,281.107119216838,0.992,1.0,144.84668647617715,0.19866666666666666,"{""seabed"": 0.556, ""auv"": 0.444}"
robust,p_miss,0.1,15,cloud,770,614.7301711485981,618.0088314671681,876.1384065938006,0.07272727272727272,1.0,9.600000000004483,0.7038961038961039,"{""cloud"": 1.0}"
robust,p_miss,0.1,15,sensor,770,76.5857453433191,59.75505059052363,163.6323806643313,1.0,1.0,254.96846011128886,0.37532467532467534,"{""seabed"": 1.0}"
robust,p_miss,0.1,15,surface,770,228.91075573230438,231.94013949153756,359.0055792009726,0.9506493506493506,1.0,3630.9858730982746,0.35584415584415585,"{""buoy"": 1.0}"
robust,p_miss,0.1,15,statopt,770,229.75337421696543,232.45855731456248,359.00806066763914,0.9506493506493506,1.0,3630.9858730982746,0.38831168831168833,"{""cloud"": 1.0}"
robust,p_miss,0.1,15,cacgr,770,124.76352774065516,107.5459897866857,275.57522654187693,0.9961038961038962,1.0,142.9395027829047,0.44285714285714284,"{""seabed"": 0.5584, ""auv"": 0.4416}"
robust,p_miss,0.1,15,cacgr_nc,770,137.08561653312748,126.17743938607151,296.7623627614511,0.987012987012987,1.0,131.1949328385644,0.4584415584415584,"{""seabed"": 0.5117, ""auv"": 0.4883}"
robust,p_miss,0.1,16,cloud,748,672.5591856090829,686.6743675263202,1019.5400721173959,0.017379679144385027,1.0,9.600000000006647,0.68048128342246,"{""cloud"": 1.0}"
robust,p_miss,0.1,16,sensor,748,62.53504319140265,55.53054311626377,140.70453203545247,1.0,1.0,247.64553093960936,0.13101604278074866,"{""seabed"": 1.0}"
robust,p_miss,0.1,16,surface,748,114.00071927192766,112.7906201531651,193.04786279747296,1.0,1.0,3638.365689839508,0.11764705882352941,"{""buoy"": 1.0}"
robust,p_miss,0.1,16,statopt,748,113.46754121090434,112.47548705293521,192.69698093150285,1.0,1.0,3638.365689839508,0.11764705882352941,"{""cloud"": 1.0}"
robust,p_miss,0.1,16,cacgr,748,109.77036693178967,79.60699932349708,252.3028225097038,0.9959893048128342,1.0,148.47856684489568,0.19786096256684493,"{""seabed"": 0.5963, ""auv"": 0.4037}"
robust,p_miss,0.1,16,cacgr_nc,748,121.40065371230135,90.53007039362662,281.6928031200013,0.9879679144385026,1.0,137.44751107713628,0.21122994652406418,"{""seabed"": 0.5508, ""auv"": 0.4492}"
robust,p_miss,0.1,17,cloud,733,682.7194330544527,674.9791093421321,971.5878028461082,0.0,1.0,9.600000000006315,0.9181446111869032,"{""cloud"": 1.0}"
robust,p_miss,0.1,17,sensor,733,70.89887890515814,57.66216320683016,169.68764368728972,1.0,1.0,299.93412590140053,0.2646657571623465,"{""seabed"": 1.0}"
robust,p_miss,0.1,17,surface,733,378.1093240119796,398.4391987294138,524.8250029078775,0.3969986357435198,1.0,4036.4794231143856,0.3178717598908595,"{""buoy"": 1.0}"
robust,p_miss,0.1,17,statopt,733,72.61976111143036,60.04318834351919,170.77461907364255,1.0,1.0,2286.311050477494,0.24693042291950887,"{""seabed"": 0.5007, ""cloud"": 0.4993}"
robust,p_miss,0.1,17,cacgr,733,120.49018855164803,84.71006090819216,264.20201800087784,0.9931787175989086,1.0,178.8386450984306,0.3274215552523875,"{""seabed"": 0.5894, ""auv"": 0.4106}"
robust,p_miss,0.1,17,cacgr_nc,733,131.05801058761918,94.84827021330202,284.3906290810464,0.9822646657571623,1.0,166.7622498538386,0.3383356070941337,"{""seabed"": 0.5457, ""auv"": 0.4543}"
robust,p_miss,0.1,18,cloud,782,641.377769374814,616.7924170274608,953.6168145562959,0.043478260869565216,1.0,9.600000000006482,0.4373401534526854,"{""cloud"": 1.0}"
robust,p_miss,0.1,18,sensor,782,71.92266687851038,58.34487897739976,159.06262364137655,1.0,1.0,242.23565948114083,0.289002557544757,"{""seabed"": 1.0}"
robust,p_miss,0.1,18,surface,782,99.88590371316081,93.75069019884698,180.66520052970068,1.0,1.0,3184.3198421628886,0.2749360613810742,"{""buoy"": 1.0}"
robust,p_miss,0.1,18,statopt,782,99.37794571244532,93.25794336892274,180.66676546303407,1.0,1.0,3184.3198421628886,0.27621483375959077,"{""cloud"": 1.0}"
robust,p_miss,0.1,18,cacgr,782,115.33008752627782,87.79275513690641,255.97361526830724,1.0,1.0,136.2444720496627,0.21611253196930946,"{""seabed"": 0.5448, ""auv"": 0.454, ""sat"": 0.0013}"
robust,p_miss,0.1,18,cacgr_nc,782,125.12386927594977,100.36795928150522,274.4228539908506,0.9961636828644501,1.0,126.52324735108878,0.21227621483375958,"{""seabed"": 0.5038, ""auv"": 0.4949, ""sat"": 0.0013}"
robust,p_miss,0.1,19,cloud,753,709.5439188173129,681.9284776916194,910.299534646985,0.0,1.0,9.600000000008661,0.7529880478087649,"{""cloud"": 1.0}"
robust,p_miss,0.1,19,sensor,753,71.80363743173287,61.08678462040286,164.63523476610678,1.0,1.0,309.3800037943556,0.20451527224435592,"{""seabed"": 1.0}"
robust,p_miss,0.1,19,surface,753,398.5879185095903,402.25894872031546,578.5531396916808,0.3758300132802125,1.0,3728.2598216656984,0.1806108897742364,"{""buoy"": 1.0}"
robust,p_miss,0.1,19,statopt,753,71.5345324796501,61.12650408472367,166.9733071738898,1.0,1.0,2034.8210965661146,0.1899070385126162,"{""cloud"": 0.5153, ""seabed"": 0.4847}"
robust,p_miss,0.1,19,cacgr,753,122.90515793738307,94.86501582383134,257.80555946461124,1.0,1.0,178.92791500663998,0.28419654714475434,"{""seabed"": 0.5618, ""auv"": 0.4382}"
robust,p_miss,0.1,19,cacgr_nc,753,132.11964200306775,106.73924315476857,284.4789609120319,0.9946879150066401,1.0,171.7419115917273,0.28419654714475434,"{""seabed"": 0.5246, ""auv"": 0.4741, ""sat"": 0.0013}"
robust,p_miss,0.1,20,cloud,812,755.9228574026696,735.902995371788,1093.0396092272788,0.0,1.0,9.600000000009333,1.0849753694581281,"{""cloud"": 1.0}"
robust,p_miss,0.1,20,sensor,812,73.26072124653028,56.3944227203962,208.08434219107355,1.0,1.0,294.8483462350384,0.3485221674876847,"{""seabed"": 1.0}"
robust,p_miss,0.1,20,surface,812,441.15560327343644,423.77239583579757,678.4095440229219,0.27832512315270935,1.0,3439.9204278676766,0.4408866995073892,"{""buoy"": 1.0}"
robust,p_miss,0.1,20,statopt,812,131.6202908975798,120.934701987073,253.02466264730978,0.9963054187192119,1.0,3261.571209570698,0.3583743842364532,"{""cloud"": 0.7463, ""seabed"": 0.2537}"
robust,p_miss,0.1,20,cacgr,812,125.13822659004053,98.98542706571818,271.78099005777807,0.9864532019704434,1.0,188.70961857846234,0.4100985221674877,"{""seabed"": 0.6047, ""auv"": 0.3929, ""sat"": 0.0012, ""buoy"": 0.0012}"
robust,p_miss,0.1,20,cacgr_nc,812,136.0465700406234,114.93784066289832,299.71352833912994,0.9766009852216748,1.0,183.08327938071386,0.4248768472906404,"{""seabed"": 0.5714, ""auv"": 0.4249, ""sat"": 0.0025, ""buoy"": 0.0012}"
robust,p_miss,0.1,21,cloud,770,783.6676729677148,742.134805035774,1281.110509787918,0.01038961038961039,1.0,9.600000000007087,1.3064935064935066,"{""cloud"": 1.0}"
robust,p_miss,0.1,21,sensor,770,75.243245108656,57.83176123740006,175.85380549847363,1.0,1.0,279.1799628942457,0.32987012987012987,"{""seabed"": 1.0}"
robust,p_miss,0.1,21,surface,770,365.7949931043664,376.01023055337816,519.396771831054,0.41948051948051945,1.0,3868.5529469387425,0.41948051948051945,"{""buoy"": 1.0}"
robust,p_miss,0.1,21,statopt,770,98.30516672004173,83.67850548231962,206.67309405667615,1.0,1.0,3196.0259802597157,0.2883116883116883,"{""cloud"": 0.7312, ""seabed"": 0.2688}"
robust,p_miss,0.1,21,cacgr,770,122.35741255012697,102.02324756110775,259.0018201435643,1.0,1.0,177.3835161409963,0.34285714285714286,"{""seabed"": 0.6039, ""auv"": 0.3948, ""sat"": 0.0013}"
robust,p_miss,0.1,21,cacgr_nc,770,133.5671743788465,117.95981564867567,281.0628680423667,0.9922077922077922,1.0,160.25412393320437,0.35584415584415585,"{""seabed"": 0.5701, ""auv"": 0.4299}"
robust,p_miss,0.1,22,cloud,813,685.4532380877317,679.407603257131,862.3473735145915,0.0036900369003690036,1.0,9.60000000000813,0.5990159901599016,"{""cloud"": 1.0}"
robust,p_miss,0.1,22,sensor,813,73.16139559293983,58.86748505840854,163.88900745156644,0.993849938499385,1.0,287.26620980494175,0.29274292742927427,"{""seabed"": 1.0}"
robust,p_miss,0.1,22,surface,813,362.0548092036625,365.80869576626174,492.7465506149874,0.4661746617466175,1.0,3555.1181950447713,0.25092250922509224,"{""buoy"": 1.0}"
robust,p_miss,0.1,22,statopt,813,92.11767242558655,79.72909588942323,175.30403027068783,0.985239852398524,1.0,2983.2696144789697,0.25461254612546125,"{""cloud"": 0.7651, ""seabed"": 0.2349}"
robust,p_miss,0.1,22,cacgr,813,120.09861452767747,87.78528049242063,279.2768660723432,0.986469864698647,1.0,149.77689685467163,0.31857318573185733,"{""seabed"": 0.5203, ""auv"": 0.4797}"
robust,p_miss,0.1,22,cacgr_nc,813,130.8871150342216,94.85415814617978,304.560271218604,0.977859778597786,1.0,137.01008610084904,0.33087330873308735,"{""auv"": 0.5228, ""seabed"": 0.4772}"
robust,p_miss,0.1,23,cloud,784,751.7424686450929,721.4417682427585,1000.1436201337262,0.0,1.0,9.600000000008615,0.9795918367346939,"{""cloud"": 1.0}"
robust,p_miss,0.1,23,sensor,784,69.40564353955568,61.062554760032675,152.67897575999586,1.0,1.0,273.92966472302436,0.2857142857142857,"{""seabed"": 1.0}"
robust,p_miss,0.1,23,surface,784,345.7401015435956,353.69241271742817,478.99936477714164,0.5433673469387755,1.0,3650.0703673469,0.36096938775510207,"{""buoy"": 1.0}"
robust,p_miss,0.1,23,statopt,784,83.09387453558415,70.96967722436735,179.99802628162948,1.0,1.0,2914.2448979591563,0.29846938775510207,"{""cloud"": 0.7436, ""seabed"": 0.2564}"
robust,p_miss,0.1,23,cacgr,784,114.58532188370849,87.82587956542505,256.18559447923246,1.0,1.0,160.94345189504054,0.3520408163265306,"{""seabed"": 0.5816, ""auv"": 0.4184}"
robust,p_miss,0.1,23,cacgr_nc,784,130.07336501621572,101.58709975088229,284.8573956917886,0.9936224489795918,1.0,147.51032944606004,0.3762755102040816,"{""seabed"": 0.5191, ""auv"": 0.4796, ""sat"": 0.0013}"
robust,p_miss,0.1,24,cloud,813,677.3164026197283,666.769712689904,941.5497590007727,0.0012300123001230013,1.0,9.600000000007485,0.8708487084870848,"{""cloud"": 1.0}"
robust,p_miss,0.1,24,sensor,813,63.76301378938789,59.21278633279653,124.4467396771138,1.0,1.0,242.28290282898672,0.2066420664206642,"{""seabed"": 1.0}"
robust,p_miss,0.1,24,surface,813,110.23981179635511,112.01000263634874,173.24054287699576,1.0,1.0,3189.492796345044,0.2029520295202952,"{""buoy"": 1.0}"
robust,p_miss,0.1,24,statopt,813,109.17579540628041,111.20120082007391,172.77301212806069,1.0,1.0,3189.492796345044,0.1992619926199262,"{""cloud"": 1.0}"
robust,p_miss,0.1,24,cacgr,813,112.39853314127147,84.30557585869877,250.31783932243297,1.0,1.0,140.98788402738012,0.24477244772447723,"{""seabed"": 0.5744, ""auv"": 0.4256}"
robust,p_miss,0.1,24,cacgr_nc,813,122.6135634751279,94.2426229060528,273.9771676477339,0.997539975399754,1.0,130.19003760320314,0.24600246002460024,"{""seabed"": 0.5289, ""auv"": 0.4711}"
robust,p_miss,0.1,25,cloud,675,731.8255034182272,698.5727296930908,1120.399320473785,0.005925925925925926,1.0,9.600000000006274,0.7481481481481481,"{""cloud"": 1.0}"
robust,p_miss,0.1,25,sensor,675,70.28416503401048,57.73000672355944,165.36845540917764,1.0,1.0,273.16402116401025,0.25925925925925924,"{""seabed"": 1.0}"
robust,p_miss,0.1,25,surface,675,325.5590429435002,330.57388643451606,490.0837502182943,0.6325925925925926,1.0,4336.472885502598,0.2562962962962963,"{""buoy"": 1.0}"
robust,p_miss,0.1,25,statopt,675,200.959629619132,213.40045017728892,305.60059711102434,0.997037037037037,1.0,4095.0072743279957,0.25925925925925924,"{""cloud"": 0.8726, ""seabed"": 0.1274}"
robust,p_miss,0.1,25,cacgr,675,121.09169247702299,88.55824468347042,281.94140156585274,0.9911111111111112,1.0,169.34879830686606,0.3748148148148148,"{""seabed"": 0.6, ""auv"": 0.3985, ""sat"": 0.0015}"
robust,p_miss,0.1,25,cacgr_nc,675,134.9082337133103,104.08928316865179,317.0075732797719,0.9718518518518519,1.0,157.5451902645377,0.4014814814814815,"{""seabed"": 0.557, ""auv"": 0.4415, ""sat"": 0.0015}"
robust,p_miss,0.1,26,cloud,842,570.7383105259033,556.4201000041945,962.7714307804176,0.12351543942992874,1.0,9.600000000010517,0.24821852731591448,"{""cloud"": 1.0}"
robust,p_miss,0.1,26,sensor,842,60.43612083323997,56.89340960478557,106.22834370662149,1.0,1.0,288.91041737358177,0.19239904988123516,"{""seabed"": 1.0}"
robust,p_miss,0.1,26,surface,842,360.260528167504,354.2000145136334,516.0389594834895,0.5261282660332541,1.0,3307.236587716289,0.18883610451306412,"{""buoy"": 1.0}"
robust,p_miss,0.1,26,statopt,842,251.37305295351814,265.1081282348348,351.8579882994267,0.9691211401425178,1.0,3335.0339037665008,0.22209026128266032,"{""cloud"": 0.8705, ""seabed"": 0.1295}"
robust,p_miss,0.1,26,cacgr,842,105.98844487472459,81.84635602309463,243.61241162962628,1.0,1.0,156.78515371563313,0.16152019002375298,"{""seabed"": 0.5344, ""auv"": 0.4656}"
robust,p_miss,0.1,26,cacgr_nc,842,115.96038440122997,86.63880499486974,267.24516119809084,0.998812351543943,1.0,144.9670471665999,0.15795724465558195,"{""auv"": 0.5071, ""seabed"": 0.4929}"
robust,p_miss,0.1,27,cloud,753,648.5628740986747,637.7970643565098,1050.8117462034502,0.04648074369189907,1.0,9.600000000010038,0.351925630810093,"{""cloud"": 1.0}"
robust,p_miss,0.1,27,sensor,753,64.6730294955445,54.51254632544514,146.18660494544173,1.0,1.0,280.82754695503576,0.22177954847277556,"{""seabed"": 1.0}"
robust,p_miss,0.1,27,surface,753,365.8353645109712,379.12413973427005,511.2542377860871,0.42895086321381143,1.0,3898.9314665148627,0.3094289508632138,"{""buoy"": 1.0}"
robust,p_miss,0.1,27,statopt,753,166.3759229598829,165.0890710411273,271.19320382307177,1.0,1.0,3612.2088635932205,0.22709163346613545,"{""cloud"": 0.7596, ""seabed"": 0.2404}"
robust,p_miss,0.1,27,cacgr,753,112.89125919989444,86.88288440108785,254.22077891456163,0.99867197875166,1.0,168.61708518307674,0.2695883134130146,"{""seabed"": 0.5857, ""auv"": 0.4143}"
robust,p_miss,0.1,27,cacgr_nc,753,126.8841279328501,101.71697901856872,280.44346002161643,0.9907038512616202,1.0,154.6068677670259,0.2749003984063745,"{""seabed"": 0.5352, ""auv"": 0.4648}"
robust,p_miss,0.1,28,cloud,756,693.7399314965264,650.9282175530329,1165.5402621958544,0.018518518518518517,1.0,9.6000000000073,0.2830687830687831,"{""cloud"": 1.0}"
robust,p_miss,0.1,28,sensor,756,60.88757378771678,54.74014403005882,118.93282608937695,1.0,1.0,267.5234315948462,0.1402116402116402,"{""seabed"": 1.0}"
robust,p_miss,0.1,28,surface,756,289.670014886952,287.70509783501234,453.6129241490261,0.7513227513227513,1.0,3898.533309145841,0.15079365079365079,"{""buoy"": 1.0}"
robust,p_miss,0.1,28,statopt,756,63.991862902538074,58.048875436703625,122.72388366937503,1.0,1.0,2619.08238851093,0.14417989417989419,"{""cloud"": 0.7632, ""seabed"": 0.2368}"
robust,p_miss,0.1,28,cacgr,756,109.71274150954086,85.46664976279207,244.45664120050168,1.0,1.0,163.92537566136235,0.22883597883597884,"{""seabed"": 0.6005, ""auv"": 0.3981, ""sat"": 0.0013}"
robust,p_miss,0.1,28,cacgr_nc,756,121.97508529457399,93.65633997774633,269.32068898824093,0.9947089947089947,1.0,149.86326832954092,0.24206349206349206,"{""seabed"": 0.5608, ""auv"": 0.4392}"
robust,p_miss,0.1,29,cloud,782,699.151308643562,709.4216840236398,867.9246538087932,0.0,1.0,9.600000000008254,0.7595907928388747,"{""cloud"": 1.0}"
robust,p_miss,0.1,29,sensor,782,64.64312617756676,53.631627993824715,151.57662935233827,1.0,1.0,292.19912312752354,0.23145780051150894,"{""seabed"": 1.0}"
robust,p_miss,0.1,29,surface,782,352.6291871961132,354.0748227818642,496.43465959187586,0.520460358056266,1.0,3524.289128242582,0.14066496163682865,"{""buoy"": 1.0}"
robust,p_miss,0.1,29,statopt,782,81.70966572581617,73.09989559621087,157.3608235585552,1.0,1.0,3050.154914139564,0.21227621483375958,"{""cloud"": 0.624, ""seabed"": 0.376}"
robust,p_miss,0.1,29,cacgr,782,109.22292777451813,77.22205299799171,261.98806935135764,0.9974424552429667,1.0,172.41182900987326,0.2531969309462916,"{""seabed"": 0.5793, ""auv"": 0.4207}"
robust,p_miss,0.1,29,cacgr_nc,782,119.60084620782332,84.0551936807134,277.97703881049927,0.9872122762148338,1.0,161.17287248813253,0.26342710997442453,"{""seabed"": 0.5422, ""auv"": 0.4578}"
robust,p_miss,0.2,0,cloud,764,752.331559213589,714.4998309217196,1210.0366353007557,0.002617801047120419,1.0,9.60000000000571,1.0798429319371727,"{""cloud"": 1.0}"
robust,p_miss,0.2,0,sensor,764,76.45227896870865,62.09798566297219,168.2051084442887,1.0,1.0,285.11518324607835,0.3586387434554974,"{""seabed"": 1.0}"
robust,p_miss,0.2,0,surface,764,380.772435888722,383.1309523013949,577.2280400672599,0.4031413612565445,1.0,3868.9998145100685,0.4816753926701571,"{""buoy"": 1.0}"
robust,p_miss,0.2,0,statopt,764,82.55314252972272,65.69798166093896,173.5470093270795,1.0,1.0,2675.448017950626,0.3730366492146597,"{""cloud"": 0.6414, ""seabed"": 0.3586}"
robust,p_miss,0.2,0,cacgr,764,76.45227896870865,62.09798566297219,168.2051084442887,1.0,1.0,285.11518324607835,0.3586387434554974,"{""seabed"": 1.0}"
robust,p_miss,0.2,0,cacgr_nc,764,133.62732916613314,116.57955794000694,283.60047208510593,0.9986910994764397,1.0,177.33545848915435,0.46596858638743455,"{""seabed"": 0.5877, ""auv"": 0.411, ""buoy"": 0.0013}"
robust,p_miss,0.2,1,cloud,727,690.4338383301596,625.1583446501594,1494.4344768866056,0.0811554332874828,1.0,9.600000000012152,1.188445667125172,"{""cloud"": 1.0}"
robust,p_miss,0.2,1,sensor,727,85.06516769649716,66.16026110472328,165.61387670364275,1.0,1.0,273.91982707800565,0.4731774415405777,"{""seabed"": 1.0}"
robust,p_miss,0.2,1,surface,727,381.120872726283,375.9461228828082,612.398385422987,0.4786795048143054,1.0,3861.4332623304927,0.7469050894085282,"{""buoy"": 1.0}"
robust,p_miss,0.2,1,statopt,727,94.3636694571481,76.0268390011508,181.24411958075245,1.0,1.0,2896.243011986616,0.47730398899587345,"{""cloud"": 0.7428, ""seabed"": 0.2572}"
robust,p_miss,0.2,1,cacgr,727,85.06516769649716,66.16026110472328,165.61387670364275,1.0,1.0,273.91982707800565,0.4731774415405777,"{""seabed"": 1.0}"
robust,p_miss,0.2,1,cacgr_nc,727,148.89425033902955,140.0470850603851,326.09281340235077,0.9793672627235214,1.0,179.50174887010948,0.5447042640990372,"{""seabed"": 0.5846, ""auv"": 0.4127, ""buoy"": 0.0028}"
robust,p_miss,0.2,2,cloud,757,843.1624241846513,800.8464430339126,1418.2017220237763,0.0,1.0,9.600000000004576,2.2417437252311756,"{""cloud"": 1.0}"
robust,p_miss,0.2,2,sensor,757,87.65097905002023,63.91123442325758,206.96393173917144,1.0,1.0,281.4961313455384,0.6618229854689565,"{""seabed"": 1.0}"
robust,p_miss,0.2,2,surface,757,406.0544182728551,408.7817179141196,602.6787956122321,0.31175693527080584,1.0,3776.4203026985897,0.9920739762219286,"{""buoy"": 1.0}"
robust,p_miss,0.2,2,statopt,757,87.99024528910238,64.38563273086159,204.21747489391205,1.0,1.0,2290.5827514625294,0.6433289299867899,"{""cloud"": 0.6328, ""seabed"": 0.3672}"
robust,p_miss,0.2,2,cacgr,757,87.65097905002023,63.91123442325758,206.96393173917144,1.0,1.0,281.4961313455384,0.6618229854689565,"{""seabed"": 1.0}"
robust,p_miss,0.2,2,cacgr_nc,757,147.77038009472125,130.44319236154553,339.74696255959867,0.964332892998679,1.0,173.74298546894826,0.7542932628797886,"{""seabed"": 0.6235, ""auv"": 0.3765}"
robust,p_miss,0.2,3,cloud,758,812.4518938536756,690.8426591773864,1781.5859792415717,0.05804749340369393,1.0,9.60000000000952,1.2427440633245384,"{""cloud"": 1.0}"
robust,p_miss,0.2,3,sensor,758,81.07871497699725,61.719564273762565,187.85818810552536,1.0,1.0,252.320392009013,0.4182058047493404,"{""seabed"": 1.0}"
robust,p_miss,0.2,3,surface,758,234.4181597165963,220.24719482842872,391.2951249131671,0.8693931398416886,1.0,3756.264799095303,0.45118733509234826,"{""buoy"": 1.0}"
robust,p_miss,0.2,3,statopt,758,233.53749792351016,219.7442766613989,390.67234886930385,0.8733509234828496,1.0,3756.264799095303,0.4525065963060686,"{""cloud"": 1.0}"
robust,p_miss,0.2,3,cacgr,758,81.07871497699725,61.719564273762565,187.85818810552536,1.0,1.0,252.320392009013,0.4182058047493404,"{""seabed"": 1.0}"
robust,p_miss,0.2,3,cacgr_nc,758,139.21644972778756,108.43272636375359,306.8255864023515,0.9802110817941952,1.0,183.82448247264762,0.5224274406332454,"{""seabed"": 0.6201, ""auv"": 0.3734, ""buoy"": 0.004, ""sat"": 0.0026}"
robust,p_miss,0.2,4,cloud,790,705.2616798905116,682.1956670185797,1038.739285300773,0.0,1.0,9.600000000005346,1.110126582278481,"{""cloud"": 1.0}"
robust,p_miss,0.2,4,sensor,790,79.45628916664711,60.50928231562356,220.26268140126996,1.0,1.0,268.77215189872175,0.5556962025316455,"{""seabed"": 1.0}"
robust,p_miss,0.2,4,surface,790,341.6602113307918,335.60700799128523,535.9011237651694,0.6164556962025316,1.0,3568.1299963833294,0.6974683544303798,"{""buoy"": 1.0}"
robust,p_miss,0.2,4,statopt,790,230.49455112301072,217.49808214098974,399.2185775930814,0.9227848101265823,1.0,3477.1608075225663,0.5367088607594936,"{""cloud"": 0.8848, ""seabed"": 0.1152}"
robust,p_miss,0.2,4,cacgr,790,81.7023803341914,60.94814148412571,234.34398327902193,1.0,1.0,267.3997743218679,0.5645569620253165,"{""seabed"": 0.9949, ""auv"": 0.0051}"
robust,p_miss,0.2,4,cacgr_nc,790,143.4002073489124,120.5516852235949,311.62867621605494,0.9759493670886076,1.0,151.67390379745999,0.6240506329113924,"{""seabed"": 0.5544, ""auv"": 0.4456}"
robust,p_miss,0.2,5,cloud,763,737.2190167960302,716.9991953281685,1118.4435683146608,0.0,1.0,9.60000000000676,1.2096985583224116,"{""cloud"": 1.0}"
robust,p_miss,0.2,5,sensor,763,76.84859254881754,62.1260946067637,171.17521739347418,1.0,1.0,287.89215502712926,0.35124508519003933,"{""seabed"": 1.0}"
robust,p_miss,0.2,5,surface,763,308.5627796374435,305.79312171042983,448.1785492805448,0.7129750982961992,1.0,3709.30078711848,0.3420707732634338,"{""buoy"": 1.0}"
robust,p_miss,0.2,5,statopt,763,122.20132957830087,111.93943382224747,230.71898166211653,1.0,1.0,3508.3860820070736,0.33682830930537355,"{""cloud"": 0.8506, ""seabed"": 0.1494}"
robust,p_miss,0.2,5,cacgr,763,78.47054250118507,62.71275870835143,175.8852463962816,1.0,1.0,284.19102340383813,0.34993446920052423,"{""seabed"": 0.9843, ""auv"": 0.0157}"
robust,p_miss,0.2,5,cacgr_nc,763,139.3564406087931,112.4502512658614,316.2237978162155,0.9764089121887287,1.0,161.1361497846678,0.40235910878112713,"{""seabed"": 0.5374, ""auv"": 0.4613, ""sat"": 0.0013}"
robust,p_miss,0.2,6,cloud,729,719.9546560463164,717.8183624714661,1104.0659374738977,0.023319615912208505,1.0,9.600000000010416,1.168724279835391,"{""cloud"": 1.0}"
robust,p_miss,0.2,6,sensor,729,77.83783225357223,58.85733685703496,232.30150288000613,1.0,1.0,266.7658240250655,0.45816186556927296,"{""seabed"": 1.0}"
robust,p_miss,0.2,6,surface,729,309.3744880169452,308.43437259522375,467.4374734820346,0.7091906721536351,1.0,3929.1849312168843,0.48148148148148145,"{""buoy"": 1.0}"
robust,p_miss,0.2,6,statopt,729,201.19058488187687,192.04164189846804,321.2422076218176,0.9835390946502057,1.0,3825.9630535762817,0.4567901234567901,"{""cloud"": 0.8985, ""seabed"": 0.1015}"
robust,p_miss,0.2,6,cacgr,729,77.83783225357223,58.85733685703496,232.30150288000613,1.0,1.0,266.7658240250655,0.45816186556927296,"{""seabed"": 1.0}"
robust,p_miss,0.2,6,cacgr_nc,729,138.5143584023453,116.8435392060579,319.2390943918736,0.9780521262002744,1.0,172.3376993924959,0.5116598079561042,"{""seabed"": 0.5706, ""auv"": 0.4252, ""sat"": 0.0041}"
robust,p_miss,0.2,7,cloud,757,841.8959467137369,823.4560056841692,1447.1849368026074,0.0066050198150594455,1.0,9.600000000010704,1.3249669749009247,"{""cloud"": 1.0}"
robust,p_miss,0.2,7,sensor,757,90.93091258647154,66.76949131658694,242.09484375818835,1.0,1.0,266.49330062274504,0.5389696169088507,"{""seabed"": 1.0}"
robust,p_miss,0.2,7,surface,757,354.0983593252508,367.139999750843,523.3426917367614,0.4715984147952444,1.0,3651.8517607095314,0.47820343461030385,"{""buoy"": 1.0}"
robust,p_miss,0.2,7,statopt,757,220.7486786037175,207.72267122979585,370.08836180414914,0.9418758256274768,1.0,3548.033157652347,0.5112285336856011,"{""cloud"": 0.86, ""seabed"": 0.14}"
robust,p_miss,0.2,7,cacgr,757,91.11627681747365,66.76949131658694,246.7107882441381,1.0,1.0,273.6833364785669,0.5389696169088507,"{""seabed"": 0.9987, ""uav"": 0.0013}"
robust,p_miss,0.2,7,cacgr_nc,757,162.39271424509596,144.31810182219536,360.34261051419264,0.9471598414795245,1.0,181.5205736931413,0.7463672391017173,"{""seabed"": 0.6143, ""auv"": 0.3831, ""sat"": 0.0026}"
robust,p_miss,0.2,8,cloud,772,714.0928739509685,640.2174882690762,1502.7259273670597,0.09326424870466321,1.0,9.600000000008515,1.36139896373057,"{""cloud"": 1.0}"
robust,p_miss,0.2,8,sensor,772,79.37582338066409,66.8483720532873,155.34077230741366,1.0,1.0,279.7202072538606,0.5025906735751295,"{""seabed"": 1.0}"
robust,p_miss,0.2,8,surface,772,340.00069144021495,340.1637395589804,472.9082369081051,0.6062176165803109,1.0,3629.0584041450343,0.43005181347150256,"{""buoy"": 1.0}"
robust,p_miss,0.2,8,statopt,772,100.20159557570899,94.09805167538731,176.74331352079022,1.0,1.0,3306.960284233854,0.4844559585492228,"{""cloud"": 0.8705, ""seabed"": 0.1295}"
robust,p_miss,0.2,8,cacgr,772,79.37582338066409,66.8483720532873,155.34077230741366,1.0,1.0,279.7202072538606,0.5025906735751295,"{""seabed"": 1.0}"
robust,p_miss,0.2,8,cacgr_nc,772,140.90426116822852,122.83827769833292,289.68675806914763,0.9844559585492227,1.0,161.21797187266893,0.5699481865284974,"{""seabed"": 0.557, ""auv"": 0.4404, ""sat"": 0.0026}"
robust,p_miss,0.2,9,cloud,819,878.8033117121471,855.4981957707098,1466.7765758160651,0.006105006105006105,1.0,9.60000000000742,1.5335775335775337,"{""cloud"": 1.0}"
robust,p_miss,0.2,9,sensor,819,72.98250550331636,60.238404423074826,161.04022653989995,1.0,1.0,269.5911390196926,0.34798534798534797,"{""seabed"": 1.0}"
robust,p_miss,0.2,9,surface,819,353.41671839323203,356.7042958470925,515.8017856197777,0.5103785103785103,1.0,3501.137696842795,0.3431013431013431,"{""buoy"": 1.0}"
robust,p_miss,0.2,9,statopt,819,76.52091150286533,63.721534760171686,164.4538966014593,1.0,1.0,2634.4786324785982,0.33821733821733824,"{""cloud"": 0.7497, ""seabed"": 0.2503}"
robust,p_miss,0.2,9,cacgr,819,72.98250550331636,60.238404423074826,161.04022653989995,1.0,1.0,269.5911390196926,0.34798534798534797,"{""seabed"": 1.0}"
robust,p_miss,0.2,9,cacgr_nc,819,131.43742287698217,108.73220441597174,283.20902787808234,0.9951159951159951,1.0,157.05045177043405,0.42246642246642246,"{""seabed"": 0.5653, ""auv"": 0.4335, ""buoy"": 0.0012}"
robust,p_miss,0.2,10,cloud,786,835.7498801056644,772.3984599499219,1299.551676555902,0.029262086513994912,1.0,9.600000000007197,1.6564885496183206,"{""cloud"": 1.0}"
robust,p_miss,0.2,10,sensor,786,93.47553715176225,65.91151200106397,245.67814552334616,1.0,1.0,279.1537622682638,0.55470737913486,"{""seabed"": 1.0}"
robust,p_miss,0.2,10,surface,786,369.72061611805293,370.184410229362,581.2125089859458,0.4592875318066158,1.0,3619.0004565612207,0.6323155216284987,"{""buoy"": 1.0}"
robust,p_miss,0.2,10,statopt,786,93.06672508525655,65.91333733439679,244.30908385453913,1.0,1.0,1886.6964740094372,0.5432569974554707,"{""cloud"": 0.6132, ""seabed"": 0.3868}"
robust,p_miss,0.2,10,cacgr,786,95.25808611902177,67.16685341386886,248.13232995263752,1.0,1.0,275.8603358778604,0.5508905852417303,"{""seabed"": 0.986, ""auv"": 0.014}"
robust,p_miss,0.2,10,cacgr_nc,786,156.87893183128048,143.8634930059822,335.5652378602725,0.9758269720101781,1.0,157.9718153398692,0.594147582697201,"{""seabed"": 0.5445, ""auv"": 0.4529, ""sat"": 0.0025}"
robust,p_miss,0.2,11,cloud,770,808.0969417027342,774.649760871982,1184.4633860194472,0.0,1.0,9.600000000009738,1.5402597402597402,"{""cloud"": 1.0}"
robust,p_miss,0.2,11,sensor,770,121.25910843849314,71.95097686467082,534.422180177596,0.9337662337662338,1.0,295.6456400742069,0.8805194805194805,"{""seabed"": 1.0}"
robust,p_miss,0.2,11,surface,770,439.0115999109547,425.00040697245026,879.5083160274582,0.32597402597402597,1.0,3809.207183673436,0.9688311688311688,"{""buoy"": 1.0}"
robust,p_miss,0.2,11,statopt,770,157.68941778940336,125.57964365015687,293.2454597053915,0.9532467532467532,1.0,3308.45641320962,0.7428571428571429,"{""cloud"": 0.7442, ""seabed"": 0.2558}"
robust,p_miss,0.2,11,cacgr,770,121.25910843849314,71.95097686467082,534.422180177596,0.9337662337662338,1.0,295.6456400742069,0.8805194805194805,"{""seabed"": 1.0}"
robust,p_miss,0.2,11,cacgr_nc,770,181.62219017781317,154.32778103382577,543.3707430026338,0.9194805194805195,1.0,188.9525313543582,1.0194805194805194,"{""seabed"": 0.6247, ""auv"": 0.374, ""sat"": 0.0013}"
robust,p_miss,0.2,12,cloud,792,914.4818660462272,830.5168461831587,1750.0346108875383,0.0,1.0,9.600000000006565,2.0303030303030303,"{""cloud"": 1.0}"
robust,p_miss,0.2,12,sensor,792,89.65694141621589,67.27876446182754,221.73281734277816,1.0,1.0,259.1338383838163,0.5744949494949495,"{""seabed"": 1.0}"
robust,p_miss,0.2,12,surface,792,325.87693380709436,337.27276184012203,557.4747459290104,0.6123737373737373,1.0,3634.817223665174,0.6212121212121212,"{""buoy"": 1.0}"
robust,p_miss,0.2,12,statopt,792,136.6920935115071,131.02806058359843,272.9438867675947,1.0,1.0,3239.374222222177,0.5820707070707071,"{""cloud"": 0.8801, ""seabed"": 0.1199}"
robust,p_miss,0.2,12,cacgr,792,89.65694141621589,67.27876446182754,221.73281734277816,1.0,1.0,259.1338383838163,0.5744949494949495,"{""seabed"": 1.0}"
robust,p_miss,0.2,12,cacgr_nc,792,147.79436823870947,136.94598075623787,315.86918279210335,0.9810606060606061,1.0,147.5586868686739,0.5997474747474747,"{""seabed"": 0.5644, ""auv"": 0.4356}"
robust,p_miss,0.2,13,cloud,769,879.763378209925,886.1910032369906,1324.5002282087482,0.05201560468140442,1.0,9.600000000010407,2.2769830949284784,"{""cloud"": 1.0}"
robust,p_miss,0.2,13,sensor,769,82.33291685845445,58.37566507823722,209.71755790959605,1.0,1.0,246.53836150841536,0.3966189856957087,"{""seabed"": 1.0}"
robust,p_miss,0.2,13,surface,769,138.54575602290626,123.26400959262192,277.51725393764167,0.9947984395318595,1.0,3501.9136065390453,0.41222366710013003,"{""buoy"": 1.0}"
robust,p_miss,0.2,13,statopt,769,137.8457934615895,123.04731400986735,277.14259199063287,0.9947984395318595,1.0,3501.9136065390453,0.41092327698309494,"{""cloud"": 1.0}"
robust,p_miss,0.2,13,cacgr,769,82.33291685845445,58.37566507823722,209.71755790959605,1.0,1.0,246.53836150841536,0.3966189856957087,"{""seabed"": 1.0}"
robust,p_miss,0.2,13,cacgr_nc,769,136.7431388533222,119.76086675687887,288.90331256033977,0.9804941482444733,1.0,167.10029648891648,0.5110533159947984,"{""seabed"": 0.6151, ""auv"": 0.3797, ""sat"": 0.0039, ""buoy"": 0.0013}"
robust,p_miss,0.2,14,cloud,750,752.3044740603035,687.8830658319507,1291.088378628649,0.018666666666666668,1.0,9.600000000007494,1.2853333333333334,"{""cloud"": 1.0}"
robust,p_miss,0.2,14,sensor,750,87.93321927719339,66.5542819535914,190.54219519427645,1.0,1.0,259.8095238095044,0.4266666666666667,"{""seabed"": 1.0}"
robust,p_miss,0.2,14,surface,750,305.5345953775611,308.0630499283776,464.41747040088126,0.704,1.0,3647.7941577142396,0.48,"{""buoy"": 1.0}"
robust,p_miss,0.2,14,statopt,750,109.76044746885192,94.4716761714626,224.3902584867646,1.0,1.0,3311.2571428571023,0.42,"{""cloud"": 0.8813, ""seabed"": 0.1187}"
robust,p_miss,0.2,14,cacgr,750,87.93321927719339,66.5542819535914,190.54219519427645,1.0,1.0,259.8095238095044,0.4266666666666667,"{""seabed"": 1.0}"
robust,p_miss,0.2,14,cacgr_nc,750,138.8238774961592,124.70626972334648,307.75851867225543,0.9866666666666667,1.0,157.82876647617522,0.4746666666666667,"{""seabed"": 0.6027, ""auv"": 0.3973}"
robust,p_miss,0.2,15,cloud,770,794.1003779411869,716.349826603588,1434.164418393485,0.06493506493506493,1.0,9.600000000004483,1.896103896103896,"{""cloud"": 1.0}"
robust,p_miss,0.2,15,sensor,770,89.789412106032,68.53863952031698,212.9338590535868,1.0,1.0,254.96846011128886,0.5584415584415584,"{""seabed"": 1.0}"
robust,p_miss,0.2,15,surface,770,257.3920074895485,263.18845874120404,423.77189123054706,0.8896103896103896,1.0,3690.351085714228,0.5675324675324676,"{""buoy"": 1.0}"
robust,p_miss,0.2,15,statopt,770,258.2272812653659,263.3614721401473,423.7750046972136,0.8857142857142857,1.0,3690.351085714228,0.5961038961038961,"{""cloud"": 1.0}"
robust,p_miss,0.2,15,cacgr,770,89.789412106032,68.53863952031698,212.9338590535868,1.0,1.0,254.96846011128886,0.5584415584415584,"{""seabed"": 1.0}"
robust,p_miss,0.2,15,cacgr_nc,770,148.3456197339375,135.6974757822815,322.36140640443256,0.974025974025974,1.0,148.2933046381898,0.6324675324675325,"{""seabed"": 0.5792, ""auv"": 0.4208}"
robust,p_miss,0.2,16,cloud,748,814.7530173747862,752.4340039411455,1442.749638843534,0.013368983957219251,1.0,9.600000000008398,1.7299465240641712,"{""cloud"": 1.0}"
robust,p_miss,0.2,16,sensor,748,73.63165393040452,59.92818530619309,162.38797958758414,1.0,1.0,247.64553093960936,0.3235294117647059,"{""seabed"": 1.0}"
robust,p_miss,0.2,16,surface,748,127.9456368082203,117.75510223531982,228.12990064477316,0.983957219251337,1.0,3642.184886172587,0.3382352941176471,"{""buoy"": 1.0}"
robust,p_miss,0.2,16,statopt,748,127.39532541005696,116.94298514432849,227.58435551463626,0.9852941176470589,1.0,3642.184886172587,0.3382352941176471,"{""cloud"": 1.0}"
robust,p_miss,0.2,16,cacgr,748,73.63165393040452,59.92818530619309,162.38797958758414,1.0,1.0,247.64553093960936,0.3235294117647059,"{""seabed"": 1.0}"
robust,p_miss,0.2,16,cacgr_nc,748,137.3150678974968,112.79064948649835,291.31346371644776,0.9759358288770054,1.0,189.56149732617826,0.49064171122994654,"{""seabed"": 0.6564, ""auv"": 0.3342, ""buoy"": 0.0053, ""sat"": 0.004}"
robust,p_miss,0.2,17,cloud,733,804.1591746940101,745.3897341027497,1282.1102590013875,0.0,1.0,9.600000000009404,1.5948158253751705,"{""cloud"": 1.0}"
robust,p_miss,0.2,17,sensor,733,85.37766989925954,62.190467169309095,206.16242826910053,1.0,1.0,299.93412590140053,0.4733969986357435,"{""seabed"": 1.0}"
robust,p_miss,0.2,17,surface,733,482.06241048940996,502.6148951570479,707.8210187521961,0.23192360163710776,1.0,4098.861673747798,0.7203274215552524,"{""buoy"": 1.0}"
robust,p_miss,0.2,17,statopt,733,87.00368539204774,65.09213067477565,207.52641879690952,1.0,1.0,2286.311050477494,0.4542974079126876,"{""seabed"": 0.5007, ""cloud"": 0.4993}"
robust,p_miss,0.2,17,cacgr,733,85.59597371845253,62.190467169309095,207.525028930243,1.0,1.0,299.4669046969568,0.47066848567530695,"{""seabed"": 0.9986, ""auv"": 0.0014}"
robust,p_miss,0.2,17,cacgr_nc,733,143.99341074120332,127.51030317864327,315.58297363508166,0.9781718963165075,1.0,198.76768816996034,0.5811732605729877,"{""seabed"": 0.6357, ""auv"": 0.3629, ""sat"": 0.0014}"
robust,p_miss,0.2,18,cloud,782,756.4867795817091,693.7631616245438,1263.6606262883618,0.043478260869565216,1.0,9.600000000008045,1.3721227621483376,"{""cloud"": 1.0}"
robust,p_miss,0.2,18,sensor,782,88.96033680509798,67.39701771944884,225.72632085145253,1.0,1.0,242.23565948114083,0.5421994884910486,"{""seabed"": 1.0}"
robust,p_miss,0.2,18,surface,782,115.32207430510432,103.24743112627282,266.74842120373273,1.0,1.0,3184.3198421628886,0.5076726342710998,"{""buoy"": 1.0}"
robust,p_miss,0.2,18,statopt,782,114.60466554616475,102.69573846542517,266.59339293208876,1.0,1.0,3184.3198421628886,0.5051150895140665,"{""cloud"": 1.0}"
robust,p_miss,0.2,18,cacgr,782,90.00760266261973,67.97817202793946,233.06935048387882,1.0,1.0,240.1291223967416,0.5575447570332481,"{""seabed"": 0.991, ""auv"": 0.009}"
robust,p_miss,0.2,18,cacgr_nc,782,142.92272708083638,126.99592879798426,309.148096663954,0.9757033248081841,1.0,142.624780416484,0.5242966751918159,"{""seabed"": 0.555, ""auv"": 0.4425, ""buoy"": 0.0013, ""sat"": 0.0013}"
robust,p_miss,0.2,19,cloud,753,827.7273720577703,787.1833556997311,1170.178174832749,0.0,1.0,9.600000000010692,1.9707835325365206,"{""cloud"": 1.0}"
robust,p_miss,0.2,19,sensor,753,92.412271183026,71.90228715965398,180.7888724811949,0.9880478087649402,1.0,309.3800037943556,0.4847277556440903,"{""seabed"": 1.0}"
robust,p_miss,0.2,19,surface,753,410.49426806841024,409.57880999823345,582.9184018822947,0.33067729083665337,1.0,3716.8727027129366,0.33731739707835323,"{""buoy"": 1.0}"
robust,p_miss,0.2,19,statopt,753,94.60820619362305,72.21007096407266,187.65894869049862,0.9827357237715804,1.0,2034.8210965661146,0.49667994687915007,"{""cloud"": 0.5153, ""seabed"": 0.4847}"
robust,p_miss,0.2,19,cacgr,753,92.412271183026,71.90228715965398,180.7888724811949,0.9880478087649402,1.0,309.3800037943556,0.4847277556440903,"{""seabed"": 1.0}"
robust,p_miss,0.2,19,cacgr_nc,753,151.76597136924056,138.20742923306,326.6307354590959,0.9787516600265604,1.0,178.92995484727427,0.5577689243027888,"{""seabed"": 0.5551, ""auv"": 0.4436, ""sat"": 0.0013}"
robust,p_miss,0.2,20,cloud,812,841.9886023642646,796.3229894050938,1151.0145284703624,0.0,1.0,9.600000000009333,2.0541871921182264,"{""cloud"": 1.0}"
robust,p_miss,0.2,20,sensor,812,94.89133071483228,73.94211280148144,224.68223373871996,1.0,1.0,294.8483462350384,0.7364532019704434,"{""seabed"": 1.0}"
robust,p_miss,0.2,20,surface,812,472.6923830037155,482.92542902106976,684.6426706810483,0.19704433497536947,1.0,3538.4482702322102,0.6527093596059114,"{""buoy"": 1.0}"
robust,p_miss,0.2,20,statopt,812,153.7354039970298,134.39233239496488,300.4128828308199,0.9852216748768473,1.0,3261.9230685432526,0.7697044334975369,"{""cloud"": 0.7463, ""seabed"": 0.2537}"
robust,p_miss,0.2,20,cacgr,812,94.89133071483228,73.94211280148144,224.68223373871996,1.0,1.0,294.8483462350384,0.7364532019704434,"{""seabed"": 1.0}"
robust,p_miss,0.2,20,cacgr_nc,812,158.44488815938513,138.43360883312272,353.9959279591033,0.9556650246305419,1.0,190.9389472202632,0.8571428571428571,"{""seabed"": 0.5936, ""auv"": 0.4027, ""sat"": 0.0025, ""buoy"": 0.0012}"
robust,p_miss,0.2,21,cloud,770,940.1309743242243,809.9723367171551,1790.9971776837597,0.0025974025974025974,1.0,9.600000000007087,2.275324675324675,"{""cloud"": 1.0}"
robust,p_miss,0.2,21,sensor,770,97.23170289082546,67.9354183246666,268.8502750515944,0.9961038961038962,1.0,279.1799628942457,0.6675324675324675,"{""seabed"": 1.0}"
robust,p_miss,0.2,21,surface,770,443.55998098375665,456.43208704642166,669.0924330155611,0.23246753246753246,1.0,3979.869702411844,0.8389610389610389,"{""buoy"": 1.0}"
robust,p_miss,0.2,21,statopt,770,117.6294455101524,98.41237768258677,278.16348547606884,0.9896103896103896,1.0,3196.211502782907,0.5961038961038961,"{""cloud"": 0.7312, ""seabed"": 0.2688}"
robust,p_miss,0.2,21,cacgr,770,97.23170289082546,67.9354183246666,268.8502750515944,0.9961038961038962,1.0,279.1799628942457,0.6675324675324675,"{""seabed"": 1.0}"
robust,p_miss,0.2,21,cacgr_nc,770,160.24085649126417,135.47093822188654,365.1305082932404,0.9428571428571428,1.0,182.86319851576437,0.7532467532467533,"{""seabed"": 0.6351, ""auv"": 0.3636, ""sat"": 0.0013}"
robust,p_miss,0.2,22,cloud,813,823.9268711316724,773.0820585805806,1448.1978738559594,0.0036900369003690036,1.0,9.600000000009633,1.6174661746617467,"{""cloud"": 1.0}"
robust,p_miss,0.2,22,sensor,813,90.17554808856008,67.71000240813154,253.95831717787308,0.993849938499385,1.0,287.26620980494175,0.5756457564575646,"{""seabed"": 1.0}"
robust,p_miss,0.2,22,surface,813,418.56196166446136,429.39571256987585,581.0134188082243,0.2693726937269373,1.0,3678.116591108729,0.5362853628536285,"{""buoy"": 1.0}"
robust,p_miss,0.2,22,statopt,813,108.2952272230568,94.96738624650074,218.52001753962,0.985239852398524,1.0,2983.2696144789697,0.5116851168511685,"{""cloud"": 0.7651, ""seabed"": 0.2349}"
robust,p_miss,0.2,22,cacgr,813,90.17554808856008,67.71000240813154,253.95831717787308,0.993849938499385,1.0,287.26620980494175,0.5756457564575646,"{""seabed"": 1.0}"
robust,p_miss,0.2,22,cacgr_nc,813,149.37030660716994,128.85247543059182,330.4707843800548,0.9704797047970479,1.0,155.55039746967188,0.6678966789667896,"{""seabed"": 0.54, ""auv"": 0.46}"
robust,p_miss,0.2,23,cloud,784,892.9849424942701,826.8254019524604,1435.3555146536976,0.0,1.0,9.600000000010521,2.0969387755102042,"{""cloud"": 1.0}"
robust,p_miss,0.2,23,sensor,784,99.41335381060453,70.88994246937682,264.26132391088,1.0,1.0,273.92966472302436,0.6479591836734694,"{""seabed"": 1.0}"
robust,p_miss,0.2,23,surface,784,420.7773339056857,426.79652462566605,635.0959614582229,0.29591836734693877,1.0,3650.0747755101647,0.8456632653061225,"{""buoy"": 1.0}"
robust,p_miss,0.2,23,statopt,784,113.805989797396,83.28444292189087,307.3683254843602,0.9987244897959183,1.0,2914.2448979591563,0.6696428571428571,"{""cloud"": 0.7436, ""seabed"": 0.2564}"
robust,p_miss,0.2,23,cacgr,784,99.41335381060453,70.88994246937682,264.26132391088,1.0,1.0,273.92966472302436,0.6479591836734694,"{""seabed"": 1.0}"
robust,p_miss,0.2,23,cacgr_nc,784,157.1970692555358,135.86793344658182,343.74897135498065,0.9579081632653061,1.0,173.27651895043257,0.7589285714285714,"{""seabed"": 0.5855, ""auv"": 0.4107, ""sat"": 0.0038}"
robust,p_miss,0.2,24,cloud,813,792.2365505844592,753.339316207659,1190.107249590222,0.0,1.0,9.60000000000958,2.018450184501845,"{""cloud"": 1.0}"
robust,p_miss,0.2,24,sensor,813,96.06602446767214,73.19214231572042,245.0402212956018,1.0,1.0,242.28290282898672,0.6703567035670357,"{""seabed"": 1.0}"
robust,p_miss,0.2,24,surface,813,139.83419595942607,131.8502699119223,258.17913049354354,0.9876998769987699,1.0,3193.0071172025387,0.6199261992619927,"{""buoy"": 1.0}"
robust,p_miss,0.2,24,statopt,813,139.270401476203,131.49767003804058,258.18139076021004,0.9876998769987699,1.0,3193.0071172025387,0.6236162361623616,"{""cloud"": 1.0}"
robust,p_miss,0.2,24,cacgr,813,96.06602446767214,73.19214231572042,245.0402212956018,1.0,1.0,242.28290282898672,0.6703567035670357,"{""seabed"": 1.0}"
robust,p_miss,0.2,24,cacgr_nc,813,161.0773958988636,143.36128922729512,333.41790757385974,0.97539975399754,1.0,148.21718221750274,0.8302583025830258,"{""seabed"": 0.5756, ""auv"": 0.4219, ""sat"": 0.0025}"
robust,p_miss,0.2,25,cloud,675,770.7851278003326,761.2645898683654,1164.9913047027196,0.005925925925925926,1.0,9.600000000006192,1.2785185185185186,"{""cloud"": 1.0}"
robust,p_miss,0.2,25,sensor,675,88.1659017206877,64.23764641842742,207.7117342346611,1.0,1.0,273.16402116401025,0.482962962962963,"{""seabed"": 1.0}"
robust,p_miss,0.2,25,surface,675,341.9959626820616,343.48857543290165,532.7848707710876,0.554074074074074,1.0,4336.472885502598,0.46814814814814815,"{""buoy"": 1.0}"
robust,p_miss,0.2,25,statopt,675,218.09013926517244,222.74321427410177,362.07829960136667,0.9481481481481482,1.0,4095.0072743279957,0.46814814814814815,"{""cloud"": 0.8726, ""seabed"": 0.1274}"
robust,p_miss,0.2,25,cacgr,675,88.1659017206877,64.23764641842742,207.7117342346611,1.0,1.0,273.16402116401025,0.482962962962963,"{""seabed"": 1.0}"
robust,p_miss,0.2,25,cacgr_nc,675,151.4595649872532,133.055331150795,338.54143379845095,0.96,1.0,161.9933900528978,0.6251851851851852,"{""seabed"": 0.5748, ""auv"": 0.4237, ""sat"": 0.0015}"
robust,p_miss,0.2,26,cloud,842,632.7441842582808,617.2265395938853,1082.5733118726966,0.10332541567695962,1.0,9.6000000000104,1.0391923990498813,"{""cloud"": 1.0}"
robust,p_miss,0.2,26,sensor,842,73.37322230385733,64.79697211765682,143.71095036828586,1.0,1.0,288.91041737358177,0.39548693586698336,"{""seabed"": 1.0}"
robust,p_miss,0.2,26,surface,842,372.9622797576945,373.36132118007106,531.744733302212,0.4524940617577197,1.0,3297.0526392941642,0.4156769596199525,"{""buoy"": 1.0}"
robust,p_miss,0.2,26,statopt,842,265.6177726572873,275.37121081396424,372.47860654878315,0.9216152019002375,1.0,3335.711636511666,0.43942992874109266,"{""cloud"": 0.8705, ""seabed"": 0.1295}"
robust,p_miss,0.2,26,cacgr,842,73.37322230385733,64.79697211765682,143.71095036828586,1.0,1.0,288.91041737358177,0.39548693586698336,"{""seabed"": 1.0}"
robust,p_miss,0.2,26,cacgr_nc,842,130.08845077523432,102.35361019649936,279.05532259975496,0.994061757719715,1.0,151.2006515099993,0.3693586698337292,"{""seabed"": 0.519, ""auv"": 0.481}"
robust,p_miss,0.2,27,cloud,753,701.8278379121042,689.5584096015538,1157.3032639378505,0.03187250996015936,1.0,9.600000000010922,0.9309428950863213,"{""cloud"": 1.0}"
robust,p_miss,0.2,27,sensor,753,73.6915556202708,59.88370759390867,162.1004747954381,0.99867197875166,1.0,280.82754695503576,0.4037184594953519,"{""seabed"": 1.0}"
robust,p_miss,0.2,27,surface,753,394.2286688757085,408.6663660579497,581.0351334229102,0.33731739707835323,1.0,3883.7535708593887,0.5936254980079682,"{""buoy"": 1.0}"
robust,p_miss,0.2,27,statopt,753,179.77093525552826,172.48266285188973,295.64423990479736,0.9787516600265604,1.0,3612.2088635932205,0.450199203187251,"{""cloud"": 0.7596, ""seabed"": 0.2404}"
robust,p_miss,0.2,27,cacgr,753,73.6915556202708,59.88370759390867,162.1004747954381,0.99867197875166,1.0,280.82754695503576,0.4037184594953519,"{""seabed"": 1.0}"
robust,p_miss,0.2,27,cacgr_nc,753,132.983623378282,111.35400831179383,284.8202957304642,0.9840637450199203,1.0,163.53878049705813,0.42231075697211157,"{""seabed"": 0.5697, ""auv"": 0.4303}"
robust,p_miss,0.2,28,cloud,756,756.5951501550677,680.4695952785822,1483.2769142935779,0.01455026455026455,1.0,9.600000000007213,1.0383597883597884,"{""cloud"": 1.0}"
robust,p_miss,0.2,28,sensor,756,88.56086265563981,65.62903718470734,228.29688125490048,1.0,1.0,267.5234315948462,0.5079365079365079,"{""seabed"": 1.0}"
robust,p_miss,0.2,28,surface,756,309.98274833969236,311.18081228771615,492.579108561965,0.6812169312169312,1.0,3898.533309145841,0.44576719576719576,"{""buoy"": 1.0}"
robust,p_miss,0.2,28,statopt,756,92.23634596243352,68.86070747999905,235.19065556908893,0.9986772486772487,1.0,2619.08238851093,0.5238095238095238,"{""cloud"": 0.7632, ""seabed"": 0.2368}"
robust,p_miss,0.2,28,cacgr,756,88.56086265563981,65.62903718470734,228.29688125490048,1.0,1.0,267.5234315948462,0.5079365079365079,"{""seabed"": 1.0}"
robust,p_miss,0.2,28,cacgr_nc,756,142.5807063532696,122.15608972246069,319.31783918398463,0.9828042328042328,1.0,154.50468329552763,0.5251322751322751,"{""seabed"": 0.5794, ""auv"": 0.4206}"
robust,p_miss,0.2,29,cloud,782,802.9831756931474,785.5060412926152,1130.6722524933657,0.0,1.0,9.600000000008393,2.1240409207161126,"{""cloud"": 1.0}"
robust,p_miss,0.2,29,sensor,782,85.902421081887,63.133943599834005,213.74812882144343,1.0,1.0,292.19912312752354,0.5792838874680307,"{""seabed"": 1.0}"
robust,p_miss,0.2,29,surface,782,399.1107630815083,407.66101348123203,554.979470347074,0.34654731457800514,1.0,3549.8635937157264,0.40025575447570333,"{""buoy"": 1.0}"
robust,p_miss,0.2,29,statopt,782,103.89775769127898,86.89583866938277,232.88833583939967,1.0,1.0,3050.154914139564,0.5882352941176471,"{""cloud"": 0.624, ""seabed"": 0.376}"
robust,p_miss,0.2,29,cacgr,782,86.86144085476919,63.57786611501457,213.81141872644056,1.0,1.0,288.03987139204577,0.5652173913043478,"{""seabed"": 0.9847, ""auv"": 0.0153}"
robust,p_miss,0.2,29,cacgr_nc,782,137.1290809219681,116.30219160809897,301.8159584305617,0.979539641943734,1.0,185.0354344172508,0.5856777493606138,"{""seabed"": 0.5997, ""auv"": 0.3977, ""buoy"": 0.0026}"
robust,p_miss,0.3,0,cloud,764,824.4734083491435,813.6772504978919,1316.6265517745767,0.002617801047120419,1.0,9.60000000000704,1.9214659685863875,"{""cloud"": 1.0}"
robust,p_miss,0.3,0,sensor,764,97.0417883483585,70.91301859072283,236.63318259082052,0.9973821989528796,1.0,285.11518324607835,0.6321989528795812,"{""seabed"": 1.0}"
robust,p_miss,0.3,0,surface,764,412.18952534440024,408.50850908099113,654.974359530937,0.3337696335078534,1.0,3872.737017202664,0.831151832460733,"{""buoy"": 1.0}"
robust,p_miss,0.3,0,statopt,764,100.87917729698408,74.48425766580034,237.60253393468716,0.9973821989528796,1.0,2675.448017950626,0.612565445026178,"{""cloud"": 0.6414, ""seabed"": 0.3586}"
robust,p_miss,0.3,0,cacgr,764,97.10000185661896,71.16461519526905,236.63318259082052,0.9973821989528796,1.0,299.62528047868875,0.6308900523560209,"{""seabed"": 0.9987, ""buoy"": 0.0013}"
robust,p_miss,0.3,0,cacgr_nc,764,154.41929324614446,139.65740990633222,328.89653154196554,0.9698952879581152,1.0,185.41002842183985,0.7657068062827225,"{""seabed"": 0.6204, ""auv"": 0.3783, ""buoy"": 0.0013}"
robust,p_miss,0.3,1,cloud,727,951.3497071933181,876.2898661334206,1798.2473125620772,0.0343878954607978,1.0,9.600000000012797,3.370013755158184,"{""cloud"": 1.0}"
robust,p_miss,0.3,1,sensor,727,116.9080480458849,87.60696532678412,270.6942071935955,0.9889958734525447,1.0,273.91982707800565,0.9972489683631361,"{""seabed"": 1.0}"
robust,p_miss,0.3,1,surface,727,439.0642230358149,459.82619820821543,643.666345886959,0.2861072902338377,1.0,3991.111548830785,1.453920220082531,"{""buoy"": 1.0}"
robust,p_miss,0.3,1,statopt,727,124.92182253530869,100.11991649625561,274.0570407267047,0.9766162310866575,1.0,2904.102574179581,0.9697386519944979,"{""cloud"": 0.7428, ""seabed"": 0.2572}"
robust,p_miss,0.3,1,cacgr,727,116.9080480458849,87.60696532678412,270.6942071935955,0.9889958734525447,1.0,273.91982707800565,0.9972489683631361,"{""seabed"": 1.0}"
robust,p_miss,0.3,1,cacgr_nc,727,180.87352768927218,163.21112980883456,372.0512779677556,0.9353507565337001,1.0,201.27039811357642,1.111416781292985,"{""seabed"": 0.6713, ""auv"": 0.326, ""buoy"": 0.0028}"
robust,p_miss,0.3,2,cloud,757,959.9998010222894,907.3621713887235,1485.2757422997904,0.0,1.0,9.60000000000511,3.6763540290620873,"{""cloud"": 1.0}"
robust,p_miss,0.3,2,sensor,757,113.61248046134097,84.09733048066943,342.6739484470064,0.9603698811096433,1.0,281.4961313455384,1.011889035667107,"{""seabed"": 1.0}"
robust,p_miss,0.3,2,surface,757,462.98009350753944,442.87787339960147,771.8400634455244,0.21136063408190225,1.0,3878.325815436844,1.5402906208718625,"{""buoy"": 1.0}"
robust,p_miss,0.3,2,statopt,757,112.9753983613307,83.92989205460314,340.2689594316687,0.9616908850726552,1.0,2290.5827514625294,0.9815059445178336,"{""cloud"": 0.6328, ""seabed"": 0.3672}"
robust,p_miss,0.3,2,cacgr,757,113.3764486335955,83.4505209145466,342.6739484470064,0.9603698811096433,1.0,299.6033213813941,1.0079260237780714,"{""seabed"": 0.9974, ""uav"": 0.0026}"
robust,p_miss,0.3,2,cacgr_nc,757,173.0607138222468,145.81239210206743,427.61811236309404,0.916776750330251,1.0,185.26331760708968,1.1241743725231175,"{""seabed"": 0.6486, ""auv"": 0.3501, ""sat"": 0.0013}"
robust,p_miss,0.3,3,cloud,758,860.3590507701865,712.9802249168863,1781.5859792415717,0.030343007915567283,1.0,9.600000000010066,1.8179419525065963,"{""cloud"": 1.0}"
robust,p_miss,0.3,3,sensor,758,96.51901830344669,67.30868838376173,244.95839253523357,0.9802110817941952,1.0,252.320392009013,0.6240105540897097,"{""seabed"": 1.0}"
robust,p_miss,0.3,3,surface,758,250.3225170825202,236.30330165467214,459.07031574296644,0.8403693931398417,1.0,3771.340550320331,0.679419525065963,"{""buoy"": 1.0}"
robust,p_miss,0.3,3,statopt,758,249.24759835462882,235.58085962037373,458.8917369801308,0.8443271767810027,1.0,3771.340550320331,0.6781002638522428,"{""cloud"": 1.0}"
robust,p_miss,0.3,3,cacgr,758,96.51901830344669,67.30868838376173,244.95839253523357,0.9802110817941952,1.0,252.320392009013,0.6240105540897097,"{""seabed"": 1.0}"
robust,p_miss,0.3,3,cacgr_nc,758,151.1300322833301,127.88706850544331,343.2648251726459,0.9538258575197889,1.0,188.4814142479957,0.7071240105540897,"{""seabed"": 0.6398, ""auv"": 0.3536, ""buoy"": 0.004, ""sat"": 0.0026}"
robust,p_miss,0.3,4,cloud,790,818.4841862461341,726.0177915086445,1484.5583791245035,0.0,1.0,9.600000000005899,1.781012658227848,"{""cloud"": 1.0}"
robust,p_miss,0.3,4,sensor,790,111.46452186290902,78.61583748741077,298.65602330558437,0.9721518987341772,1.0,268.77215189872175,0.9582278481012658,"{""seabed"": 1.0}"
robust,p_miss,0.3,4,surface,790,388.29911065852616,383.7761991033356,647.0291429247897,0.4151898734177215,1.0,3647.6901670885695,1.1037974683544305,"{""buoy"": 1.0}"
robust,p_miss,0.3,4,statopt,790,263.9210099025231,242.75754927187347,466.15388507363696,0.8582278481012658,1.0,3491.626867558733,0.8886075949367088,"{""cloud"": 0.8848, ""seabed"": 0.1152}"
robust,p_miss,0.3,4,cacgr,790,112.96677199564458,80.19831798179436,304.1607471889165,0.9721518987341772,1.0,274.97565569618985,0.9607594936708861,"{""seabed"": 0.9962, ""auv"": 0.0025, ""buoy"": 0.0013}"
robust,p_miss,0.3,4,cacgr_nc,790,170.02028566369725,145.5852237125946,379.7708152195344,0.9316455696202531,1.0,173.18910090414852,1.008860759493671,"{""seabed"": 0.6101, ""auv"": 0.3886, ""sat"": 0.0013}"
robust,p_miss,0.3,5,cloud,763,909.4902508265956,882.5961473560118,1366.5707170808366,0.0,1.0,9.600000000006931,2.5688073394495414,"{""cloud"": 1.0}"
robust,p_miss,0.3,5,sensor,763,102.45257147228193,77.26237380098586,243.19835095490458,1.0,1.0,287.89215502712926,0.7706422018348624,"{""seabed"": 1.0}"
robust,p_miss,0.3,5,surface,763,364.1470971012669,370.30548804176453,512.1671163492373,0.4508519003931848,1.0,3735.505557760678,0.781127129750983,"{""buoy"": 1.0}"
robust,p_miss,0.3,5,statopt,763,148.77423306210895,130.05282800805585,281.0652377882203,1.0,1.0,3508.3860820070736,0.7758846657929227,"{""cloud"": 0.8506, ""seabed"": 0.1494}"
robust,p_miss,0.3,5,cacgr,763,104.31583569607616,79.2766498896725,243.33736152349857,0.9986893840104849,1.0,296.65707545401534,0.7955439056356488,"{""seabed"": 0.9895, ""auv"": 0.0066, ""uav"": 0.0026, ""buoy"": 0.0013}"
robust,p_miss,0.3,5,cacgr_nc,763,163.4735341230082,152.46700890347057,346.4376201848623,0.9593709043250328,1.0,204.5336468825869,0.8990825688073395,"{""seabed"": 0.6134, ""auv"": 0.3814, ""sat"": 0.0039, ""buoy"": 0.0013}"
robust,p_miss,0.3,6,cloud,729,820.5098296709981,792.0603628467596,1344.540334222266,0.02194787379972565,0.9876543209876543,9.600000000009997,1.8751714677640603,"{""cloud"": 0.9877, ""-"": 0.0123}"
robust,p_miss,0.3,6,sensor,729,87.03786916261038,65.613398099062,232.30150288000613,1.0,1.0,266.7658240250655,0.6063100137174211,"{""seabed"": 1.0}"
robust,p_miss,0.3,6,surface,729,325.9147770233231,331.65274392853195,465.4583936843432,0.6104252400548696,1.0,3968.3744025082815,0.607681755829904,"{""buoy"": 1.0}"
robust,p_miss,0.3,6,statopt,729,210.3508501572002,206.056587448202,321.2422076218176,0.9835390946502057,1.0,3825.9630535762817,0.598079561042524,"{""cloud"": 0.8985, ""seabed"": 0.1015}"
robust,p_miss,0.3,6,cacgr,729,86.96377545973597,65.613398099062,232.30150288000613,1.0,1.0,270.3617479913598,0.6035665294924554,"{""seabed"": 0.9986, ""uav"": 0.0014}"
robust,p_miss,0.3,6,cacgr_nc,729,147.57581381549258,130.3966311393596,326.0065411688841,0.9780521262002744,1.0,194.8110930824831,0.6831275720164609,"{""seabed"": 0.6283, ""auv"": 0.3649, ""sat"": 0.0069}"
robust,p_miss,0.3,7,cloud,757,1142.4097812894963,1188.326354257943,1761.5021341816787,0.018494055482166448,1.0,9.60000000001151,4.686922060766182,"{""cloud"": 1.0}"
robust,p_miss,0.3,7,sensor,757,111.90819585748544,84.07980667715698,264.3864338178417,1.0,1.0,266.49330062274504,0.8731836195508587,"{""seabed"": 1.0}"
robust,p_miss,0.3,7,surface,757,396.2094887184297,398.7728110619357,651.3384277265219,0.37912813738441214,1.0,3655.619970560444,0.9128137384412153,"{""buoy"": 1.0}"
robust,p_miss,0.3,7,statopt,757,244.54396490614266,221.39432219497368,420.65921884522714,0.8665785997357992,1.0,3559.166832987315,0.8441215323645971,"{""cloud"": 0.86, ""seabed"": 0.14}"
robust,p_miss,0.3,7,cacgr,757,112.09356008848755,84.07980667715698,265.14455736924543,1.0,1.0,288.327608982813,0.8718626155878467,"{""seabed"": 0.9974, ""uav"": 0.0026}"
robust,p_miss,0.3,7,cacgr_nc,757,176.23435750832624,161.86057488387692,369.08086610150684,0.9365918097754293,1.0,207.4529382902333,0.9841479524438573,"{""seabed"": 0.6764, ""auv"": 0.317, ""buoy"": 0.004, ""sat"": 0.0026}"
robust,p_miss,0.3,8,cloud,772,806.5716081314666,761.5175061082906,1534.10705824444,0.06476683937823834,1.0,9.600000000008515,2.2577720207253886,"{""cloud"": 1.0}"
robust,p_miss,0.3,8,sensor,772,101.74431150979984,91.1078538237524,218.8397694102477,1.0,1.0,279.7202072538606,0.8795336787564767,"{""seabed"": 1.0}"
robust,p_miss,0.3,8,surface,772,368.13750417899905,363.86605907383614,521.5504993366047,0.47668393782383417,1.0,3632.7548897112806,0.8031088082901554,"{""buoy"": 1.0}"
robust,p_miss,0.3,8,statopt,772,121.5821009111897,116.51500985990376,226.4716491350093,1.0,1.0,3306.960284233854,0.8523316062176166,"{""cloud"": 0.8705, ""seabed"": 0.1295}"
robust,p_miss,0.3,8,cacgr,772,101.74431150979984,91.1078538237524,218.8397694102477,1.0,1.0,279.7202072538606,0.8795336787564767,"{""seabed"": 1.0}"
robust,p_miss,0.3,8,cacgr_nc,772,159.76626083703573,137.41561906386931,342.9837897698879,0.966321243523316,1.0,166.09528349368884,0.944300518134715,"{""seabed"": 0.5777, ""auv"": 0.4197, ""sat"": 0.0026}"
robust,p_miss,0.3,9,cloud,819,1089.5279407315386,1113.4169198652016,1860.0976210519975,0.006105006105006105,1.0,9.600000000009526,3.3443223443223444,"{""cloud"": 1.0}"
robust,p_miss,0.3,9,sensor,819,94.7220448403152,71.15386901914631,212.4125443474334,1.0,1.0,269.5911390196926,0.717948717948718,"{""seabed"": 1.0}"
robust,p_miss,0.3,9,surface,819,380.03599796497565,382.7198355371818,553.7159188987663,0.3882783882783883,1.0,3501.13488365598,0.6361416361416361,"{""buoy"": 1.0}"
robust,p_miss,0.3,9,statopt,819,96.64829963413612,75.82386412240957,201.32794704374095,1.0,1.0,2634.4786324785982,0.6984126984126984,"{""cloud"": 0.7497, ""seabed"": 0.2503}"
robust,p_miss,0.3,9,cacgr,819,95.16876330745134,71.51515551451182,214.648348487474,1.0,1.0,276.23687423685635,0.7252747252747253,"{""seabed"": 0.9988, ""buoy"": 0.0012}"
robust,p_miss,0.3,9,cacgr_nc,819,156.44204961638374,145.39161161078476,325.97143663756685,0.9719169719169719,1.0,170.5183212977306,0.8547008547008547,"{""seabed"": 0.6044, ""auv"": 0.3932, ""buoy"": 0.0024}"
robust,p_miss,0.3,10,cloud,786,958.0448269807001,906.0959206682294,1730.201849077654,0.029262086513994912,1.0,9.600000000008308,2.657760814249364,"{""cloud"": 1.0}"
robust,p_miss,0.3,10,sensor,786,108.49070388302114,76.45393643601892,261.0325143731121,1.0,1.0,279.1537622682638,0.7709923664122137,"{""seabed"": 1.0}"
robust,p_miss,0.3,10,surface,786,424.09157207723285,419.99533318456486,631.4664041071592,0.29389312977099236,1.0,3691.698849872744,0.8956743002544529,"{""buoy"": 1.0}"
robust,p_miss,0.3,10,statopt,786,107.79095576039053,75.91897425226784,261.0115596955418,1.0,1.0,1886.6964740094372,0.7569974554707379,"{""cloud"": 0.6132, ""seabed"": 0.3868}"
robust,p_miss,0.3,10,cacgr,786,109.5276374937656,77.18470660790445,261.74779787473733,1.0,1.0,279.1954867320952,0.7595419847328244,"{""seabed"": 0.9847, ""auv"": 0.014, ""uav"": 0.0013}"
robust,p_miss,0.3,10,cacgr_nc,786,176.012991251413,159.6104850219257,380.96446578116723,0.9363867684478372,1.0,177.7932504543749,0.9402035623409669,"{""seabed"": 0.612, ""auv"": 0.3855, ""sat"": 0.0025}"
robust,p_miss,0.3,11,cloud,770,1020.716911903744,841.8189201007748,1859.03156798182,0.007792207792207792,1.0,9.600000000011494,3.57012987012987,"{""cloud"": 1.0}"
robust,p_miss,0.3,11,sensor,770,141.49316819667015,83.10743445868769,534.422180177596,0.9155844155844156,1.0,295.6456400742069,1.1779220779220778,"{""seabed"": 1.0}"
robust,p_miss,0.3,11,surface,770,510.86520651263834,515.2298353562098,885.4284680384885,0.2064935064935065,1.0,4017.0008875695426,1.6311688311688313,"{""buoy"": 1.0}"
robust,p_miss,0.3,11,statopt,770,176.36553903314748,133.672908613695,479.463602924241,0.9272727272727272,1.0,3308.45641320962,1.0220779220779221,"{""cloud"": 0.7442, ""seabed"": 0.2558}"
robust,p_miss,0.3,11,cacgr,770,141.49316819667015,83.10743445868769,534.422180177596,0.9155844155844156,1.0,295.6456400742069,1.1779220779220778,"{""seabed"": 1.0}"
robust,p_miss,0.3,11,cacgr_nc,770,205.78546376840862,180.15442742964024,564.1911510737492,0.8675324675324675,1.0,205.36843636363497,1.3636363636363635,"{""seabed"": 0.6818, ""auv"": 0.3169, ""buoy"": 0.0013}"
robust,p_miss,0.3,12,cloud,792,1058.829361368612,976.9428782758046,2193.741153687361,0.0,1.0,9.600000000006371,3.460858585858586,"{""cloud"": 1.0}"
robust,p_miss,0.3,12,sensor,792,109.10925884486205,77.1900178539015,297.7773215598658,0.9772727272727273,1.0,259.1338383838163,0.8143939393939394,"{""seabed"": 1.0}"
robust,p_miss,0.3,12,surface,792,359.03625650369133,367.14956568939044,580.9838082309276,0.45707070707070707,1.0,3645.6373102452594,0.9053030303030303,"{""buoy"": 1.0}"
robust,p_miss,0.3,12,statopt,792,156.56869579123162,142.91594689145683,328.6047309535239,0.9671717171717171,1.0,3239.374222222177,0.8472222222222222,"{""cloud"": 0.8801, ""seabed"": 0.1199}"
robust,p_miss,0.3,12,cacgr,792,109.17683560913173,77.1900178539015,297.7773215598658,0.9772727272727273,1.0,269.3160173159951,0.8143939393939394,"{""seabed"": 0.9975, ""uav"": 0.0025}"
robust,p_miss,0.3,12,cacgr_nc,792,167.23535268282043,148.81225207273923,360.6786970606538,0.9482323232323232,1.0,155.21251082249597,0.8547979797979798,"{""seabed"": 0.596, ""auv"": 0.404}"
robust,p_miss,0.3,13,cloud,769,1062.2497545383223,1031.0687910589113,1752.6497261828767,0.05201560468140442,1.0,9.600000000013758,4.522756827048115,"{""cloud"": 1.0}"
robust,p_miss,0.3,13,sensor,769,100.37643209269696,71.54769324822446,259.85738038323353,1.0,1.0,246.53836150841536,0.7152145643693107,"{""seabed"": 1.0}"
robust,p_miss,0.3,13,surface,769,156.26653781726637,132.19362212879926,322.79795613396976,0.9687906371911573,1.0,3505.628507523626,0.741222366710013,"{""buoy"": 1.0}"
robust,p_miss,0.3,13,statopt,769,155.65124872967672,132.1001069460291,317.86156950384145,0.9687906371911573,1.0,3505.628507523626,0.741222366710013,"{""cloud"": 1.0}"
robust,p_miss,0.3,13,cacgr,769,100.47276556480402,71.92963436025369,259.85738038323353,1.0,1.0,253.6161991454207,0.7152145643693107,"{""seabed"": 0.9987, ""uav"": 0.0013}"
robust,p_miss,0.3,13,cacgr_nc,769,156.64486815077188,144.12534028256076,318.31936109566357,0.9856957087126138,1.0,178.9530239643028,0.9453836150845254,"{""seabed"": 0.6619, ""auv"": 0.3329, ""sat"": 0.0026, ""buoy"": 0.0026}"
robust,p_miss,0.3,14,cloud,750,878.2450474404851,718.822586838139,1928.4847966610969,0.018666666666666668,1.0,9.600000000010652,2.026666666666667,"{""cloud"": 1.0}"
robust,p_miss,0.3,14,sensor,750,109.03935802870765,86.46069337061077,234.32518629448387,0.9906666666666667,1.0,259.8095238095044,0.7866666666666666,"{""seabed"": 1.0}"
robust,p_miss,0.3,14,surface,750,330.68380801960024,333.8685324230655,504.498533847166,0.6106666666666667,1.0,3762.075263999953,0.816,"{""buoy"": 1.0}"
robust,p_miss,0.3,14,statopt,750,135.03766992041102,111.48590703124901,272.0869340148355,0.9813333333333333,1.0,3311.2571428571023,0.828,"{""cloud"": 0.8813, ""seabed"": 0.1187}"
robust,p_miss,0.3,14,cacgr,750,109.03935802870765,86.46069337061077,234.32518629448387,0.9906666666666667,1.0,259.8095238095044,0.7866666666666666,"{""seabed"": 1.0}"
robust,p_miss,0.3,14,cacgr_nc,750,167.1778656647194,154.1992671869551,344.208895098511,0.9546666666666667,1.0,186.9405958095093,0.9506666666666667,"{""seabed"": 0.6533, ""auv"": 0.3413, ""buoy"": 0.0027, ""sat"": 0.0027}"
robust,p_miss,0.3,15,cloud,770,896.2298213185376,750.7399011026888,1635.4788603062348,0.05844155844155844,1.0,9.600000000004483,3.1311688311688313,"{""cloud"": 1.0}"
robust,p_miss,0.3,15,sensor,770,111.68978118491945,82.75529555174847,247.06386415018875,0.9688311688311688,1.0,254.96846011128886,0.8480519480519481,"{""seabed"": 1.0}"
robust,p_miss,0.3,15,surface,770,290.188744721742,284.32375153517995,483.4322401004911,0.7506493506493507,1.0,3705.194383673412,0.8922077922077922,"{""buoy"": 1.0}"
robust,p_miss,0.3,15,statopt,770,289.1327609870488,283.30614492491856,483.43524703382445,0.7506493506493507,1.0,3705.194383673412,0.9,"{""cloud"": 1.0}"
robust,p_miss,0.3,15,cacgr,770,111.55964690966412,82.20293493051174,247.06386415018875,0.9688311688311688,1.0,262.037105751363,0.8467532467532467,"{""seabed"": 0.9987, ""uav"": 0.0013}"
robust,p_miss,0.3,15,cacgr_nc,770,172.2098022936953,150.76388876915928,373.1600288995068,0.9376623376623376,1.0,171.82294025970953,0.964935064935065,"{""seabed"": 0.613, ""auv"": 0.3844, ""buoy"": 0.0013, ""sat"": 0.0013}"
robust,p_miss,0.3,16,cloud,748,1080.0559791955275,802.0680010949613,2958.7676382296045,0.008021390374331552,1.0,9.600000000012294,2.7807486631016043,"{""cloud"": 1.0}"
robust,p_miss,0.3,16,sensor,748,106.52524222486804,71.19675995612546,336.5596518774295,0.9665775401069518,1.0,247.64553093960936,0.7459893048128342,"{""seabed"": 1.0}"
robust,p_miss,0.3,16,surface,748,162.6401041773539,132.61364770620762,423.93491655991,0.9197860962566845,1.0,3642.184886172587,0.7767379679144385,"{""buoy"": 1.0}"
robust,p_miss,0.3,16,statopt,748,161.92479979901614,132.34797301835582,421.89480813991236,0.9211229946524064,1.0,3642.184886172587,0.7767379679144385,"{""cloud"": 1.0}"
robust,p_miss,0.3,16,cacgr,748,106.52524222486804,71.19675995612546,336.5596518774295,0.9665775401069518,1.0,247.64553093960936,0.7459893048128342,"{""seabed"": 1.0}"
robust,p_miss,0.3,16,cacgr_nc,748,168.4739051306483,129.10327756457156,463.1645269949061,0.9064171122994652,1.0,194.2368433918765,0.9131016042780749,"{""seabed"": 0.6925, ""auv"": 0.2995, ""buoy"": 0.0053, ""sat"": 0.0027}"
robust,p_miss,0.3,17,cloud,733,1055.053615752192,863.117682641887,2385.374800033853,0.0,1.0,9.600000000013202,3.432469304229195,"{""cloud"": 1.0}"
robust,p_miss,0.3,17,sensor,733,108.521713725823,72.91403836220222,330.0887793508175,0.9604365620736699,1.0,299.93412590140053,0.7926330150068213,"{""seabed"": 1.0}"
robust,p_miss,0.3,17,surface,733,604.2758866317821,582.4930788738224,1090.975137552798,0.21282401091405184,1.0,4208.002716039748,1.2264665757162347,"{""buoy"": 1.0}"
robust,p_miss,0.3,17,statopt,733,110.2071945817494,75.9924055431009,294.0644376369255,0.9604365620736699,1.0,2286.311050477494,0.7748976807639836,"{""seabed"": 0.5007, ""cloud"": 0.4993}"
robust,p_miss,0.3,17,cacgr,733,108.74001751954987,72.91403836220222,330.0887793508175,0.9604365620736699,1.0,299.4669046969568,0.7899045020463847,"{""seabed"": 0.9986, ""auv"": 0.0014}"
robust,p_miss,0.3,17,cacgr_nc,733,172.0482742844138,147.15832650188975,433.9736653560898,0.922237380627558,1.0,234.14793217697834,1.015006821282401,"{""seabed"": 0.7149, ""auv"": 0.2797, ""buoy"": 0.0041, ""sat"": 0.0014}"
robust,p_miss,0.3,18,cloud,782,920.4795427055101,809.3376454395705,1890.4721600717824,0.01278772378516624,1.0,9.600000000009887,2.6138107416879794,"{""cloud"": 1.0}"
robust,p_miss,0.3,18,sensor,782,111.84754815272258,85.83067637932861,268.7224200633692,1.0,1.0,242.23565948114083,0.8900255754475703,"{""seabed"": 1.0}"
robust,p_miss,0.3,18,surface,782,137.7747571568979,123.39089681620733,319.4581397866302,0.9820971867007673,1.0,3195.2792751186794,0.8375959079283888,"{""buoy"": 1.0}"
robust,p_miss,0.3,18,statopt,782,137.1912497489305,122.44132392850842,319.4612111199634,0.9820971867007673,1.0,3195.2792751186794,0.8388746803069054,"{""cloud"": 1.0}"
robust,p_miss,0.3,18,cacgr,782,112.53036383121623,88.1719803588796,268.7224200633692,1.0,1.0,240.1291223967416,0.90153452685422,"{""seabed"": 0.991, ""auv"": 0.009}"
robust,p_miss,0.3,18,cacgr_nc,782,176.85397399585747,152.4376979027694,432.9254340617254,0.907928388746803,1.0,168.58896894406317,1.0294117647058822,"{""seabed"": 0.6343, ""auv"": 0.3606, ""buoy"": 0.0038, ""sat"": 0.0013}"
robust,p_miss,0.3,19,cloud,753,1036.436253665894,1052.404108431311,1407.8109354047879,0.0,1.0,9.600000000010082,4.130146082337317,"{""cloud"": 1.0}"
robust,p_miss,0.3,19,sensor,753,107.9079897011571,85.02977800328216,228.7879957925333,0.9814077025232404,1.0,309.3800037943556,0.7237715803452855,"{""seabed"": 1.0}"
robust,p_miss,0.3,19,surface,753,480.81435518498677,501.47892751494874,700.9678584216925,0.2098273572377158,1.0,3910.384880288351,0.7795484727755644,"{""buoy"": 1.0}"
robust,p_miss,0.3,19,statopt,753,109.77758328949636,86.75701930207815,231.67290616156689,0.9760956175298805,1.0,2034.8210965661146,0.7343957503320053,"{""cloud"": 0.5153, ""seabed"": 0.4847}"
robust,p_miss,0.3,19,cacgr,753,107.9079897011571,85.02977800328216,228.7879957925333,0.9814077025232404,1.0,324.10206791881023,0.7197875166002656,"{""seabed"": 0.9987, ""uav"": 0.0013}"
robust,p_miss,0.3,19,cacgr_nc,753,165.90185226774537,154.70304009669732,339.81576206439786,0.9654714475431607,1.0,201.91614797950993,0.8207171314741036,"{""seabed"": 0.6242, ""auv"": 0.3745, ""sat"": 0.0013}"
robust,p_miss,0.3,20,cloud,812,959.1915266479168,969.6919503562308,1426.316742728622,0.0,1.0,9.600000000010327,3.2204433497536944,"{""cloud"": 1.0}"
robust,p_miss,0.3,20,sensor,812,120.34190853315415,104.44159753317048,277.89477921843553,0.9901477832512315,1.0,294.8483462350384,1.2438423645320198,"{""seabed"": 1.0}"
robust,p_miss,0.3,20,surface,812,531.992536545588,533.7990250057367,780.5869323144481,0.13054187192118227,1.0,3563.0693539760505,1.1169950738916257,"{""buoy"": 1.0}"
robust,p_miss,0.3,20,statopt,812,182.01280265816538,163.05289289645438,333.51381773212137,0.9679802955665024,1.0,3268.9598933145407,1.2980295566502462,"{""cloud"": 0.7463, ""seabed"": 0.2537}"
robust,p_miss,0.3,20,cacgr,812,120.34190853315415,104.44159753317048,277.89477921843553,0.9901477832512315,1.0,294.8483462350384,1.2438423645320198,"{""seabed"": 1.0}"
robust,p_miss,0.3,20,cacgr_nc,812,192.7151467767926,173.5105070555265,423.7437210733211,0.9100985221674877,1.0,203.8510654468659,1.4655172413793103,"{""seabed"": 0.6429, ""auv"": 0.3534, ""sat"": 0.0025, ""buoy"": 0.0012}"
robust,p_miss,0.3,21,cloud,770,1080.657961240509,906.36506155508,2183.3581230828477,0.003896103896103896,1.0,9.600000000009015,3.296103896103896,"{""cloud"": 1.0}"
robust,p_miss,0.3,21,sensor,770,124.46167471919638,102.59732887192773,335.18496932929014,0.9805194805194806,1.0,279.1799628942457,1.0662337662337662,"{""seabed"": 1.0}"
robust,p_miss,0.3,21,surface,770,488.07144942060637,478.7872989507505,751.9737251639344,0.18051948051948052,1.0,4057.7838011131385,1.1636363636363636,"{""buoy"": 1.0}"
robust,p_miss,0.3,21,statopt,770,144.01599808750004,124.27685564526885,346.8636656417087,0.9662337662337662,1.0,3196.211502782907,0.9818181818181818,"{""cloud"": 0.7312, ""seabed"": 0.2688}"
robust,p_miss,0.3,21,cacgr,770,124.46167471919638,102.59732887192773,335.18496932929014,0.9805194805194806,1.0,279.1799628942457,1.0662337662337662,"{""seabed"": 1.0}"
robust,p_miss,0.3,21,cacgr_nc,770,182.57440273551202,154.4385601509251,386.53371499201916,0.9233766233766234,1.0,196.9707666048159,1.0818181818181818,"{""seabed"": 0.6883, ""auv"": 0.3104, ""sat"": 0.0013}"
robust,p_miss,0.3,22,cloud,813,971.8152630144584,844.6106634433047,2308.169025302647,0.0036900369003690036,1.0,9.600000000009203,2.6863468634686347,"{""cloud"": 1.0}"
robust,p_miss,0.3,22,sensor,813,109.69988458081473,87.31435078018549,262.26515449135366,0.993849938499385,1.0,287.26620980494175,0.9532595325953259,"{""seabed"": 1.0}"
robust,p_miss,0.3,22,surface,813,490.87986728284415,493.11462678572803,731.3056589728124,0.2017220172201722,1.0,3846.8153280618144,0.959409594095941,"{""buoy"": 1.0}"
robust,p_miss,0.3,22,statopt,813,129.13203726818523,105.45151577736397,306.0203724151285,0.985239852398524,1.0,2983.2696144789697,0.9028290282902829,"{""cloud"": 0.7651, ""seabed"": 0.2349}"
robust,p_miss,0.3,22,cacgr,813,109.69988458081473,87.31435078018549,262.26515449135366,0.993849938499385,1.0,287.26620980494175,0.9532595325953259,"{""seabed"": 1.0}"
robust,p_miss,0.3,22,cacgr_nc,813,169.61359099139636,151.71804218851867,353.864321468016,0.955719557195572,1.0,179.5295926901977,1.09840098400984,"{""seabed"": 0.6002, ""auv"": 0.3985, ""sat"": 0.0012}"
robust,p_miss,0.3,23,cloud,784,1006.8211350040349,890.5656030123225,1626.7199506574798,0.0,1.0,9.600000000011356,3.3431122448979593,"{""cloud"": 1.0}"
robust,p_miss,0.3,23,sensor,784,122.68010056329153,91.55459298133695,271.71840650570323,0.9808673469387755,1.0,273.92966472302436,1.0012755102040816,"{""seabed"": 1.0}"
robust,p_miss,0.3,23,surface,784,460.8951846806663,477.5365721061525,642.0305946534677,0.18877551020408162,1.0,3788.552373177802,1.1313775510204083,"{""buoy"": 1.0}"
robust,p_miss,0.3,23,statopt,784,134.15048469261052,101.58524898233402,307.3683254843602,0.9795918367346939,1.0,2914.2448979591563,0.985969387755102,"{""cloud"": 0.7436, ""seabed"": 0.2564}"
robust,p_miss,0.3,23,cacgr,784,122.67418913705738,91.55459298133695,271.71840650570323,0.9808673469387755,1.0,277.2733236151526,1.0012755102040816,"{""seabed"": 0.9987, ""uav"": 0.0013}"
robust,p_miss,0.3,23,cacgr_nc,784,182.52230207696638,160.6305454782586,430.15428377839413,0.9285714285714286,1.0,191.8131516034906,1.135204081632653,"{""seabed"": 0.6416, ""auv"": 0.3533, ""sat"": 0.0038, ""buoy"": 0.0013}"
robust,p_miss,0.3,24,cloud,813,848.3354355074282,765.4449400145843,1422.8370503318768,0.0,1.0,9.600000000011029,2.821648216482165,"{""cloud"": 1.0}"
robust,p_miss,0.3,24,sensor,813,112.5871008801351,89.92897845863627,250.89095854333755,1.0,1.0,242.28290282898672,0.8991389913899139,"{""seabed"": 1.0}"
robust,p_miss,0.3,24,surface,813,153.04763704719943,139.60856930888548,293.63322982583514,0.9876998769987699,1.0,3196.520493410586,0.8302583025830258,"{""buoy"": 1.0}"
robust,p_miss,0.3,24,statopt,813,152.01720666448094,138.6171589367547,292.7920063079187,0.988929889298893,1.0,3196.520493410586,0.8302583025830258,"{""cloud"": 1.0}"
robust,p_miss,0.3,24,cacgr,813,112.5871008801351,89.92897845863627,250.89095854333755,1.0,1.0,248.9776840625133,0.897908979089791,"{""seabed"": 0.9988, ""uav"": 0.0012}"
robust,p_miss,0.3,24,cacgr_nc,813,181.68296504831542,169.39868390447,369.49426569609165,0.9384993849938499,1.0,144.6629949042002,1.0947109471094711,"{""seabed"": 0.5904, ""auv"": 0.4096}"
robust,p_miss,0.3,25,cloud,675,860.1213546101021,846.4097042813638,1363.7298806060644,0.0044444444444444444,1.0,9.600000000006192,1.8711111111111112,"{""cloud"": 1.0}"
robust,p_miss,0.3,25,sensor,675,109.74809389662957,81.55130680411457,260.7123073395114,1.0,1.0,273.16402116401025,0.7674074074074074,"{""seabed"": 1.0}"
robust,p_miss,0.3,25,surface,675,380.32352381769095,375.6290115686148,598.0213444673449,0.43851851851851853,1.0,4315.312846560801,0.8311111111111111,"{""buoy"": 1.0}"
robust,p_miss,0.3,25,statopt,675,242.1313058257513,241.98746589307848,401.7033733342991,0.9007407407407407,1.0,4103.260680804187,0.762962962962963,"{""cloud"": 0.8726, ""seabed"": 0.1274}"
robust,p_miss,0.3,25,cacgr,675,109.74809389662957,81.55130680411457,260.7123073395114,1.0,1.0,273.16402116401025,0.7674074074074074,"{""seabed"": 1.0}"
robust,p_miss,0.3,25,cacgr_nc,675,172.999870130821,159.47449366362065,368.8357009088959,0.9422222222222222,1.0,175.24445798940872,0.9155555555555556,"{""seabed"": 0.6237, ""auv"": 0.3748, ""sat"": 0.0015}"
robust,p_miss,0.3,26,cloud,842,786.6665350733276,631.1505577045457,2323.3783402694476,0.07957244655581948,1.0,9.600000000012475,1.342042755344418,"{""cloud"": 1.0}"
robust,p_miss,0.3,26,sensor,842,100.0926320761287,73.43761197652033,252.71769996758343,0.9714964370546318,1.0,288.91041737358177,0.7565320665083135,"{""seabed"": 1.0}"
robust,p_miss,0.3,26,surface,842,428.60034139796613,424.67357907268246,590.5976868684892,0.2339667458432304,1.0,3514.1993837800756,0.8824228028503563,"{""buoy"": 1.0}"
robust,p_miss,0.3,26,statopt,842,328.1911607783295,328.98107891477036,539.7889309871487,0.7209026128266033,1.0,3435.1293459110525,0.9513064133016627,"{""cloud"": 0.8705, ""seabed"": 0.1295}"
robust,p_miss,0.3,26,cacgr,842,100.0926320761287,73.43761197652033,252.71769996758343,0.9714964370546318,1.0,295.37461825583483,0.7553444180522565,"{""seabed"": 0.9988, ""uav"": 0.0012}"
robust,p_miss,0.3,26,cacgr_nc,842,157.6030154959455,124.25215224183557,362.9496079335809,0.9477434679334917,1.0,170.85203936204903,0.7719714964370546,"{""seabed"": 0.5962, ""auv"": 0.4038}"
robust,p_miss,0.3,27,cloud,753,842.1816445145873,799.8870257467277,1509.4553732491981,0.01859229747675963,1.0,9.600000000010706,1.8379814077025232,"{""cloud"": 1.0}"
robust,p_miss,0.3,27,sensor,753,94.73487177928538,68.2995360837438,239.1993412512746,0.9907038512616202,1.0,280.82754695503576,0.6772908366533864,"{""seabed"": 1.0}"
robust,p_miss,0.3,27,surface,753,453.24539528014145,458.3652633649569,687.3577222009401,0.21381142098273573,1.0,4081.0555052171953,1.0106241699867198,"{""buoy"": 1.0}"
robust,p_miss,0.3,27,statopt,753,201.16875347209634,183.17281554791018,382.16909368973603,0.9309428950863213,1.0,3612.3985745399104,0.7330677290836654,"{""cloud"": 0.7596, ""seabed"": 0.2404}"
robust,p_miss,0.3,27,cacgr,753,94.41889221700781,68.2995360837438,239.1993412512746,0.9907038512616202,1.0,295.5496110794902,0.6719787516600265,"{""seabed"": 0.9987, ""uav"": 0.0013}"
robust,p_miss,0.3,27,cacgr_nc,753,161.10520063198157,143.71257026858487,350.28974610885695,0.9548472775564409,1.0,178.45015518876932,0.7782204515272244,"{""seabed"": 0.6202, ""auv"": 0.3798}"
robust,p_miss,0.3,28,cloud,756,868.7286882767332,774.2344743638907,1608.3492001209947,0.009259259259259259,1.0,9.60000000000829,1.835978835978836,"{""cloud"": 1.0}"
robust,p_miss,0.3,28,sensor,756,108.64905191352813,82.92391671435593,289.0025256265356,0.9854497354497355,1.0,267.5234315948462,0.794973544973545,"{""seabed"": 1.0}"
robust,p_miss,0.3,28,surface,756,349.89310278115414,335.50407608357284,581.3029477663632,0.5621693121693122,1.0,3936.3221405895288,0.8412698412698413,"{""buoy"": 1.0}"
robust,p_miss,0.3,28,statopt,756,111.68621795002676,85.47048176279107,290.116180591161,0.9828042328042328,1.0,2619.08238851093,0.7976190476190477,"{""cloud"": 0.7632, ""seabed"": 0.2368}"
robust,p_miss,0.3,28,cacgr,756,108.64905191352813,82.92391671435593,289.0025256265356,0.9854497354497355,1.0,267.5234315948462,0.794973544973545,"{""seabed"": 1.0}"
robust,p_miss,0.3,28,cacgr_nc,756,156.84181816906144,139.6279727438905,339.50273292800654,0.9708994708994709,1.0,171.91969160996297,0.7817460317460317,"{""seabed"": 0.6481, ""auv"": 0.3519}"
robust,p_miss,0.3,29,cloud,782,1064.5929812342627,1076.3089731660161,1409.3511558104603,0.0012787723785166241,1.0,9.600000000009105,4.757033248081841,"{""cloud"": 1.0}"
robust,p_miss,0.3,29,sensor,782,109.03325113033708,76.55913541570784,289.85544079507537,0.9680306905370843,1.0,292.19912312752354,0.8542199488491049,"{""seabed"": 1.0}"
robust,p_miss,0.3,29,surface,782,454.4901769240812,458.3481573966754,660.7620447977266,0.23145780051150894,1.0,3685.033370843965,0.8516624040920716,"{""buoy"": 1.0}"
robust,p_miss,0.3,29,statopt,782,124.79969186305773,99.39925049538166,275.2759307686761,0.9757033248081841,1.0,3050.154914139564,0.8414322250639387,"{""cloud"": 0.624, ""seabed"": 0.376}"
robust,p_miss,0.3,29,cacgr,782,109.87078752726016,77.79753398276601,289.85544079507537,0.9680306905370843,1.0,302.909185239324,0.8363171355498721,"{""seabed"": 0.9859, ""auv"": 0.0128, ""uav"": 0.0013}"
robust,p_miss,0.3,29,cacgr_nc,782,154.85391420038604,131.11381993057984,357.6148676442083,0.9514066496163683,1.0,198.48857289002925,0.8107416879795396,"{""seabed"": 0.6509, ""auv"": 0.3465, ""buoy"": 0.0026}"
robust,p_miss,0.4,0,cloud,764,922.3334070911502,856.670229445723,1526.4936296891456,0.002617801047120419,1.0,9.600000000008068,3.393979057591623,"{""cloud"": 1.0}"
robust,p_miss,0.4,0,sensor,764,124.7283789921387,109.53845456732476,272.9152148208496,0.9960732984293194,1.0,285.11518324607835,1.044502617801047,"{""seabed"": 1.0}"
robust,p_miss,0.4,0,surface,764,464.8088756209209,459.1063130932546,723.521338937681,0.225130890052356,1.0,3872.735006731458,1.3586387434554974,"{""buoy"": 1.0}"
robust,p_miss,0.4,0,statopt,764,127.65444096887873,113.5080024833181,270.94361434508,0.9960732984293194,1.0,2675.448017950626,1.0157068062827226,"{""cloud"": 0.6414, ""seabed"": 0.3586}"
robust,p_miss,0.4,0,cacgr,764,124.66224695066097,109.32899137167864,272.9152148208496,0.9960732984293194,1.0,299.62528047868875,1.0418848167539267,"{""seabed"": 0.9987, ""buoy"": 0.0013}"
robust,p_miss,0.4,0,cacgr_nc,764,180.1166562133059,164.66640019358928,360.0623325255381,0.9489528795811518,1.0,202.9001376215385,1.1675392670157068,"{""seabed"": 0.6741, ""auv"": 0.3233, ""buoy"": 0.0026}"
robust,p_miss,0.4,1,cloud,727,1201.794227382484,1070.6659710787392,2395.852660190361,0.023383768913342505,1.0,9.600000000016339,4.678129298486932,"{""cloud"": 1.0}"
robust,p_miss,0.4,1,sensor,727,145.45348802847445,136.51085338485234,327.3515936266391,0.9793672627235214,1.0,273.91982707800565,1.4662998624484183,"{""seabed"": 1.0}"
robust,p_miss,0.4,1,surface,727,497.13358090198096,514.1343317301204,737.1181060747838,0.1815680880330124,1.0,4030.406718805236,1.8651994497936726,"{""buoy"": 1.0}"
robust,p_miss,0.4,1,statopt,727,152.84898208252258,140.10332521204012,347.9924248252631,0.9642365887207703,1.0,2904.102574179581,1.4154057771664375,"{""cloud"": 0.7428, ""seabed"": 0.2572}"
robust,p_miss,0.4,1,cacgr,727,145.45348802847445,136.51085338485234,327.3515936266391,0.9793672627235214,1.0,273.91982707800565,1.4662998624484183,"{""seabed"": 1.0}"
robust,p_miss,0.4,1,cacgr_nc,727,214.53214667996338,185.84001519108716,464.0319289847135,0.8665749656121046,1.0,219.32219610925233,1.7070151306740027,"{""seabed"": 0.74, ""auv"": 0.2572, ""buoy"": 0.0028}"
robust,p_miss,0.4,2,cloud,757,1179.5491874949123,1127.0347562036109,1937.5399199484705,0.0,1.0,9.600000000007416,5.40554821664465,"{""cloud"": 1.0}"
robust,p_miss,0.4,2,sensor,757,154.72785189768567,128.27648045851998,402.128946492053,0.9247027741083224,1.0,281.4961313455384,1.5574636723910171,"{""seabed"": 1.0}"
robust,p_miss,0.4,2,surface,757,580.5560539887132,579.6928567630517,872.8464854258235,0.1096433289299868,1.0,4006.651407435331,2.4953764861294583,"{""buoy"": 1.0}"
robust,p_miss,0.4,2,statopt,757,154.1877039016612,129.79921927072476,397.00180673400547,0.9273447820343461,1.0,2290.5827514625294,1.5257595772787318,"{""cloud"": 0.6328, ""seabed"": 0.3672}"
robust,p_miss,0.4,2,cacgr,757,154.49182006994022,126.73519942440083,402.128946492053,0.9247027741083224,1.0,299.6033213813941,1.5535006605019814,"{""seabed"": 0.9974, ""uav"": 0.0026}"
robust,p_miss,0.4,2,cacgr_nc,757,213.24250270679158,176.1959276153598,474.989481237029,0.8441215323645971,1.0,202.57445706736655,1.6882430647291942,"{""seabed"": 0.7067, ""auv"": 0.2919, ""sat"": 0.0013}"
robust,p_miss,0.4,3,cloud,758,915.942369508882,766.1849777348875,1933.4195812534344,0.04221635883905013,1.0,9.600000000010066,2.4868073878627968,"{""cloud"": 1.0}"
robust,p_miss,0.4,3,sensor,758,109.75155018523346,79.38273783475488,263.6675445722964,0.9802110817941952,1.0,252.320392009013,0.8456464379947229,"{""seabed"": 1.0}"
robust,p_miss,0.4,3,surface,758,264.16858455230783,248.01704520062717,465.64192842456544,0.8298153034300791,1.0,3771.340550320331,0.9129287598944591,"{""buoy"": 1.0}"
robust,p_miss,0.4,3,statopt,758,262.91395113315576,245.10701445952466,463.324523488543,0.8337730870712401,1.0,3771.340550320331,0.9129287598944591,"{""cloud"": 1.0}"
robust,p_miss,0.4,3,cacgr,758,109.75155018523346,79.38273783475488,263.6675445722964,0.9802110817941952,1.0,252.320392009013,0.8456464379947229,"{""seabed"": 1.0}"
robust,p_miss,0.4,3,cacgr_nc,758,164.6457547557679,143.84489588529055,364.26619647050455,0.945910290237467,1.0,198.50273350920986,0.9564643799472295,"{""seabed"": 0.6504, ""auv"": 0.3404, ""buoy"": 0.0092}"
robust,p_miss,0.4,4,cloud,790,1168.408438783469,999.3655851135644,2762.5179110572044,0.0,1.0,9.600000000011205,3.8784810126582276,"{""cloud"": 1.0}"
robust,p_miss,0.4,4,sensor,790,169.4222344330803,128.92607975446705,465.49605966842984,0.8936708860759494,1.0,268.77215189872175,1.6645569620253164,"{""seabed"": 1.0}"
robust,p_miss,0.4,4,surface,790,511.5581346652324,515.6195041987295,788.6390916176987,0.17721518987341772,1.0,3673.0134278480637,1.888607594936709,"{""buoy"": 1.0}"
robust,p_miss,0.4,4,statopt,790,349.0025664989708,342.7088143231477,561.1478202871328,0.5759493670886076,1.0,3538.6426563471596,1.5784810126582278,"{""cloud"": 0.8848, ""seabed"": 0.1152}"
robust,p_miss,0.4,4,cacgr,790,172.0067630063222,129.91341767727047,467.72507933505767,0.889873417721519,1.0,275.6618444846168,1.678481012658228,"{""seabed"": 0.9987, ""buoy"": 0.0013}"
robust,p_miss,0.4,4,cacgr_nc,790,244.00134182115687,233.61672074976414,507.1621316251195,0.7582278481012659,1.0,202.75899602169258,1.9582278481012658,"{""seabed"": 0.7177, ""auv"": 0.281, ""buoy"": 0.0013}"
robust,p_miss,0.4,5,cloud,763,1082.6352476154304,1034.5366777823833,1673.798047531668,0.0,1.0,9.600000000006789,4.448230668414155,"{""cloud"": 1.0}"
robust,p_miss,0.4,5,sensor,763,133.4005738118668,119.29716388942701,280.84329352805094,0.9895150720838795,1.0,287.89215502712926,1.1769331585845346,"{""seabed"": 1.0}"
robust,p_miss,0.4,5,surface,763,420.75326416744036,422.35378403694824,613.858198050555,0.254259501965924,1.0,3881.521971166403,1.27129750982962,"{""buoy"": 1.0}"
robust,p_miss,0.4,5,statopt,763,183.09795530762992,165.00352357057855,341.34863116991824,0.9711664482306684,1.0,3515.874812956334,1.2070773263433814,"{""cloud"": 0.8506, ""seabed"": 0.1494}"
robust,p_miss,0.4,5,cacgr,763,134.91533886418497,120.81692775461173,285.7842273515935,0.9895150720838795,1.0,311.9419584347306,1.2057667103538663,"{""seabed"": 0.9908, ""buoy"": 0.0066, ""uav"": 0.0026}"
robust,p_miss,0.4,5,cacgr_nc,763,197.65761267330078,181.0920670914694,415.65076005887965,0.8990825688073395,1.0,237.74961093425884,1.3866317169069462,"{""seabed"": 0.7038, ""auv"": 0.287, ""buoy"": 0.0052, ""sat"": 0.0039}"
robust,p_miss,0.4,6,cloud,729,978.3918014157384,964.3027486718022,1647.3995111881363,0.02194787379972565,0.9876543209876543,9.600000000010088,3.0960219478738,"{""cloud"": 0.9877, ""-"": 0.0123}"
robust,p_miss,0.4,6,sensor,729,117.93606966938572,73.45699937828564,292.1936147576668,0.9657064471879286,1.0,266.7658240250655,1.0342935528120714,"{""seabed"": 1.0}"
robust,p_miss,0.4,6,surface,729,380.3113821569828,364.8966024774197,634.7340893705849,0.4718792866941015,1.0,3952.696823045221,1.2386831275720165,"{""buoy"": 1.0}"
robust,p_miss,0.4,6,statopt,729,253.68816674598528,229.8592225752373,523.7182476588307,0.8573388203017832,1.0,3830.4701864784965,1.0960219478737998,"{""cloud"": 0.8985, ""seabed"": 0.1015}"
robust,p_miss,0.4,6,cacgr,729,117.86197596651134,73.26777380475056,292.1936147576668,0.9657064471879286,1.0,270.3617479913598,1.0315500685871055,"{""seabed"": 0.9986, ""uav"": 0.0014}"
robust,p_miss,0.4,6,cacgr_nc,729,185.1510156493545,167.95448351928565,441.9123939603089,0.9094650205761317,1.0,228.1954207328848,1.2208504801097393,"{""seabed"": 0.6968, ""auv"": 0.2936, ""sat"": 0.0096}"
robust,p_miss,0.4,7,cloud,757,1286.6463636827878,1313.5606547309624,2015.5364746097005,0.009247027741083224,0.9867899603698811,9.600000000011669,5.92338177014531,"{""cloud"": 0.9868, ""-"": 0.0132}"
robust,p_miss,0.4,7,sensor,757,136.24896570218073,121.29195781116141,304.0042421471988,0.9801849405548216,0.9933949801849405,266.49330062274504,1.334214002642008,"{""seabed"": 1.0}"
robust,p_miss,0.4,7,surface,757,469.04025603009615,494.66963635870826,,0.22060766182298547,0.9471598414795245,3987.7489790526106,1.6459709379128138,"{""buoy"": 1.0}"
robust,p_miss,0.4,7,statopt,757,274.8264047604949,246.18403998801878,473.9738932683443,0.7846763540290621,0.9920739762219286,3570.8666338554035,1.3725231175693526,"{""cloud"": 0.852, ""seabed"": 0.14, ""-"": 0.0079}"
robust,p_miss,0.4,7,cacgr,757,136.43556232301663,121.29195781116141,304.0042421471988,0.9801849405548216,0.9933949801849405,288.327608982813,1.3328929986789961,"{""seabed"": 0.9974, ""uav"": 0.0026}"
robust,p_miss,0.4,7,cacgr_nc,757,208.8590124249898,205.767235973782,425.5714336349604,0.8850726552179656,0.9960369881109643,230.89812266464372,1.5521796565389696,"{""seabed"": 0.7569, ""auv"": 0.2365, ""buoy"": 0.004, ""sat"": 0.0026}"
robust,p_miss,0.4,8,cloud,772,983.9411758617247,948.3775066662109,2172.8202059552846,0.04533678756476684,1.0,9.600000000010015,3.5725388601036268,"{""cloud"": 1.0}"
robust,p_miss,0.4,8,sensor,772,157.49206485946198,132.48399236564575,369.6311922163519,0.9468911917098446,1.0,279.7202072538606,1.555699481865285,"{""seabed"": 1.0}"
robust,p_miss,0.4,8,surface,772,417.9592728083177,406.92165684509234,666.9036472871551,0.35103626943005184,1.0,3651.2572139155727,1.3898963730569949,"{""buoy"": 1.0}"
robust,p_miss,0.4,8,statopt,772,176.69486770760764,151.28418798510756,399.28196900898826,0.9326424870466321,1.0,3306.960284233854,1.5155440414507773,"{""cloud"": 0.8705, ""seabed"": 0.1295}"
robust,p_miss,0.4,8,cacgr,772,157.49206485946198,132.48399236564575,369.6311922163519,0.9468911917098446,1.0,279.7202072538606,1.555699481865285,"{""seabed"": 1.0}"
robust,p_miss,0.4,8,cacgr_nc,772,214.71539197697672,194.78850858224567,469.28524763137455,0.8588082901554405,1.0,174.67305995556785,1.6463730569948187,"{""seabed"": 0.5984, ""auv"": 0.3977, ""sat"": 0.0039}"
robust,p_miss,0.4,9,cloud,819,1474.5059982805249,1593.6554724562461,2418.2775042101193,0.007326007326007326,1.0,9.600000000013363,7.032967032967033,"{""cloud"": 1.0}"
robust,p_miss,0.4,9,sensor,819,136.56615934406622,116.93296239526912,383.210675065879,0.9401709401709402,1.0,269.5911390196926,1.404151404151404,"{""seabed"": 1.0}"
robust,p_miss,0.4,9,surface,819,506.71054400081863,517.486711772108,788.998128835828,0.21245421245421245,1.0,3706.9650235478334,1.3724053724053724,"{""buoy"": 1.0}"
robust,p_miss,0.4,9,statopt,819,139.13878772645128,120.0798404268707,374.617618038665,0.945054945054945,1.0,2634.4786324785982,1.398046398046398,"{""cloud"": 0.7497, ""seabed"": 0.2503}"
robust,p_miss,0.4,9,cacgr,819,137.01287781120237,117.52006334219647,383.210675065879,0.9401709401709402,1.0,276.23687423685635,1.4114774114774116,"{""seabed"": 0.9988, ""buoy"": 0.0012}"
robust,p_miss,0.4,9,cacgr_nc,819,199.9502226680615,176.50550956161993,435.2053887071137,0.894993894993895,1.0,193.16358206870513,1.5299145299145298,"{""seabed"": 0.6838, ""auv"": 0.3138, ""buoy"": 0.0024}"
robust,p_miss,0.4,10,cloud,786,1083.8436058658845,1060.9079883044617,1900.4842389654175,0.013994910941475827,1.0,9.600000000009876,4.0508905852417305,"{""cloud"": 1.0}"
robust,p_miss,0.4,10,sensor,786,131.40450836367955,104.62270808095363,314.09295008943224,1.0,1.0,279.1537622682638,1.1119592875318065,"{""seabed"": 1.0}"
robust,p_miss,0.4,10,surface,786,456.0835076025154,453.668512555516,687.5777979875437,0.27735368956743,1.0,3706.2399941839044,1.1272264631043256,"{""buoy"": 1.0}"
robust,p_miss,0.4,10,statopt,786,130.64186357707453,103.47197164880679,314.0964427560988,1.0,1.0,1886.6964740094372,1.094147582697201,"{""cloud"": 0.6132, ""seabed"": 0.3868}"
robust,p_miss,0.4,10,cacgr,786,132.51018374037452,107.15415077191052,314.09295008943224,1.0,1.0,279.1954867320952,1.0954198473282444,"{""seabed"": 0.9847, ""auv"": 0.014, ""uav"": 0.0013}"
robust,p_miss,0.4,10,cacgr_nc,786,205.25577144639274,199.78356013825928,433.9009050285742,0.8816793893129771,1.0,191.67774336604373,1.395674300254453,"{""seabed"": 0.6628, ""auv"": 0.3346, ""sat"": 0.0025}"
robust,p_miss,0.4,11,cloud,770,1130.4103532875777,1036.0347126104382,2446.697390107434,0.0,0.9623376623376624,9.600000000011198,5.302597402597403,"{""cloud"": 0.9623, ""-"": 0.0377}"
robust,p_miss,0.4,11,sensor,770,127.8239603658162,110.37550269676596,,0.9155844155844156,0.9337662337662338,295.6456400742069,1.5662337662337662,"{""seabed"": 1.0}"
robust,p_miss,0.4,11,surface,770,551.9575408537705,569.1767860153848,,0.12727272727272726,0.9090909090909091,4132.033205194779,2.3844155844155845,"{""buoy"": 1.0}"
robust,p_miss,0.4,11,statopt,770,167.0319922503834,158.2392741538774,479.463602924241,0.9272727272727272,0.9532467532467532,3308.45641320962,1.3636363636363635,"{""cloud"": 0.7052, ""seabed"": 0.2558, ""-"": 0.039}"
robust,p_miss,0.4,11,cacgr,770,127.8239603658162,110.37550269676596,,0.9155844155844156,0.9337662337662338,295.6456400742069,1.5662337662337662,"{""seabed"": 1.0}"
robust,p_miss,0.4,11,cacgr_nc,770,198.31222210159302,202.6607000502063,,0.8415584415584415,0.938961038961039,214.26384267161424,1.7922077922077921,"{""seabed"": 0.7078, ""auv"": 0.2909, ""buoy"": 0.0013}"
robust,p_miss,0.4,12,cloud,792,1233.2286958982513,1081.9259325771675,3145.035283844528,0.0,1.0,9.600000000008205,4.367424242424242,"{""cloud"": 1.0}"
robust,p_miss,0.4,12,sensor,792,145.6047705580342,116.67549923900673,442.9447976271601,0.9217171717171717,1.0,259.1338383838163,1.2840909090909092,"{""seabed"": 1.0}"
robust,p_miss,0.4,12,surface,792,389.659977271292,388.54139670479003,613.4318296150337,0.3547979797979798,1.0,3660.0639307358797,1.2386363636363635,"{""buoy"": 1.0}"
robust,p_miss,0.4,12,statopt,792,189.19695140587285,158.8556858613304,488.83163028311986,0.9090909090909091,1.0,3239.374222222177,1.2853535353535352,"{""cloud"": 0.8801, ""seabed"": 0.1199}"
robust,p_miss,0.4,12,cacgr,792,145.68791839300204,116.67549923900673,442.9447976271601,0.9217171717171717,1.0,266.00613275611056,1.2840909090909092,"{""seabed"": 0.9987, ""uav"": 0.0013}"
robust,p_miss,0.4,12,cacgr_nc,792,197.17223653580325,173.39485876388912,459.74634970674,0.8914141414141414,1.0,173.1233795093628,1.2803030303030303,"{""seabed"": 0.6414, ""auv"": 0.3561, ""buoy"": 0.0025}"
robust,p_miss,0.4,13,cloud,769,1269.8610075000024,1292.738026666898,1979.2913489871999,0.010403120936280884,1.0,9.600000000013459,6.869960988296489,"{""cloud"": 1.0}"
robust,p_miss,0.4,13,sensor,769,132.53759057984885,107.43251170361218,328.0891254415291,0.9843953185955787,1.0,246.53836150841536,1.163849154746424,"{""seabed"": 1.0}"
robust,p_miss,0.4,13,surface,769,190.23652257877905,179.61176925456482,390.87205785145096,0.9375812743823146,1.0,3509.3434085082067,1.1937581274382314,"{""buoy"": 1.0}"
robust,p_miss,0.4,13,statopt,769,189.4264560040224,179.20566116853539,391.6671369089382,0.9362808842652796,1.0,3509.3434085082067,1.1911573472041612,"{""cloud"": 1.0}"
robust,p_miss,0.4,13,cacgr,769,132.1397758074826,106.94907127830899,328.0891254415291,0.9843953185955787,1.0,253.6161991454207,1.1586475942782835,"{""seabed"": 0.9987, ""uav"": 0.0013}"
robust,p_miss,0.4,13,cacgr_nc,769,195.91446940228417,178.38999364592016,399.15722557311426,0.9206762028608583,1.0,185.16633252830007,1.4798439531859557,"{""seabed"": 0.6879, ""auv"": 0.3069, ""sat"": 0.0026, ""buoy"": 0.0026}"
robust,p_miss,0.4,14,cloud,750,1081.5477056985235,912.2154154287277,2110.757684218495,0.009333333333333334,1.0,9.600000000015193,3.664,"{""cloud"": 1.0}"
robust,p_miss,0.4,14,sensor,750,145.89089421383534,144.5910614170516,407.1877152040669,0.948,0.9666666666666667,259.8095238095044,1.496,"{""seabed"": 1.0}"
robust,p_miss,0.4,14,surface,750,385.04747606309496,374.76254143842885,600.1909529339337,0.4493333333333333,0.984,3800.165894095191,1.4466666666666668,"{""buoy"": 1.0}"
robust,p_miss,0.4,14,statopt,750,169.7773127612368,164.5896484295963,425.0092531319646,0.9386666666666666,0.9693333333333334,3311.2571428571023,1.5013333333333334,"{""cloud"": 0.856, ""seabed"": 0.1187, ""-"": 0.0253}"
robust,p_miss,0.4,14,cacgr,750,145.89089421383534,144.5910614170516,407.1877152040669,0.948,0.9666666666666667,259.8095238095044,1.496,"{""seabed"": 1.0}"
robust,p_miss,0.4,14,cacgr_nc,750,197.65264343576737,180.24729572876748,524.2838689360758,0.8653333333333333,0.9533333333333334,202.48898438093445,1.6773333333333333,"{""seabed"": 0.7133, ""auv"": 0.2813, ""buoy"": 0.0053}"
robust,p_miss,0.4,15,cloud,770,1037.7923237993866,990.9682386924719,1935.662493854485,0.006493506493506494,0.987012987012987,9.600000000004483,5.345454545454546,"{""cloud"": 0.987, ""-"": 0.013}"
robust,p_miss,0.4,15,sensor,770,130.56071054772772,99.32913593375208,362.48725256321666,0.948051948051948,1.0,254.96846011128886,1.1597402597402597,"{""seabed"": 1.0}"
robust,p_miss,0.4,15,surface,770,309.48324779845257,305.6423439683908,496.9710975642342,0.7064935064935065,0.9935064935064936,3705.194882374711,1.222077922077922,"{""buoy"": 1.0}"
robust,p_miss,0.4,15,statopt,770,307.4381725048082,303.5288736015381,496.50471734944836,0.7155844155844155,0.9948051948051948,3705.194882374711,1.2207792207792207,"{""cloud"": 0.9948, ""-"": 0.0052}"
robust,p_miss,0.4,15,cacgr,770,130.30719964909576,99.13540515651785,362.48725256321666,0.948051948051948,1.0,262.037105751363,1.1571428571428573,"{""seabed"": 0.9987, ""uav"": 0.0013}"
robust,p_miss,0.4,15,cacgr_nc,770,192.69130187346676,171.53356764304402,413.83187206377664,0.9116883116883117,1.0,174.99099369199226,1.2818181818181817,"{""seabed"": 0.6247, ""auv"": 0.3727, ""buoy"": 0.0013, ""sat"": 0.0013}"
robust,p_miss,0.4,16,cloud,748,1196.713382967519,983.5198539780902,2958.7676382296045,0.008021390374331552,1.0,9.600000000012294,4.25,"{""cloud"": 1.0}"
robust,p_miss,0.4,16,sensor,748,156.2079236198934,118.04452868145515,456.34244188541294,0.9144385026737968,1.0,247.64553093960936,1.4759358288770053,"{""seabed"": 1.0}"
robust,p_miss,0.4,16,surface,748,205.13200814784562,164.2437650252983,506.8667987893922,0.8836898395721925,1.0,3642.184886172587,1.3997326203208555,"{""buoy"": 1.0}"
robust,p_miss,0.4,16,statopt,748,204.60715620031118,164.14412153723183,506.8690485227251,0.8850267379679144,1.0,3642.184886172587,1.4024064171122994,"{""cloud"": 1.0}"
robust,p_miss,0.4,16,cacgr,748,156.2079236198934,118.04452868145515,456.34244188541294,0.9144385026737968,1.0,247.64553093960936,1.4759358288770053,"{""seabed"": 1.0}"
robust,p_miss,0.4,16,cacgr_nc,748,226.9133198915661,175.55286692875222,621.0195824358841,0.820855614973262,1.0,200.2144843391634,1.6711229946524064,"{""seabed"": 0.7179, ""auv"": 0.2741, ""buoy"": 0.0053, ""sat"": 0.0027}"
robust,p_miss,0.4,17,cloud,733,1163.7091716589691,980.4406870046859,2374.42626933195,0.0,1.0,9.600000000014823,4.968622100954979,"{""cloud"": 1.0}"
robust,p_miss,0.4,17,sensor,733,139.22380715818866,119.68930833239574,374.78003417022757,0.9399727148703957,1.0,299.93412590140053,1.2974079126875853,"{""seabed"": 1.0}"
robust,p_miss,0.4,17,surface,733,655.1413903173011,609.6694867424839,1181.7288636371075,0.17462482946793997,1.0,4235.278415903317,1.6766712141882674,"{""buoy"": 1.0}"
robust,p_miss,0.4,17,statopt,733,141.96106074536195,121.42249306803885,384.3179214445744,0.9345156889495225,1.0,2286.311050477494,1.2824010914051842,"{""seabed"": 0.5007, ""cloud"": 0.4993}"
robust,p_miss,0.4,17,cacgr,733,139.4421109519155,119.68930833239574,374.78003417022757,0.9399727148703957,1.0,299.4669046969568,1.2946793997271486,"{""seabed"": 0.9986, ""auv"": 0.0014}"
robust,p_miss,0.4,17,cacgr_nc,733,207.06595920371743,175.37817176304645,448.4033436286309,0.878581173260573,1.0,240.69039173651873,1.6439290586630286,"{""seabed"": 0.7572, ""auv"": 0.2387, ""buoy"": 0.0041}"
robust,p_miss,0.4,18,cloud,782,1033.8894281460146,868.3124683050677,2024.7656002111798,0.0076726342710997444,1.0,9.600000000011491,3.258312020460358,"{""cloud"": 1.0}"
robust,p_miss,0.4,18,sensor,782,157.47921484949399,133.64867001142753,432.74615771599775,0.9373401534526854,1.0,242.23565948114083,1.432225063938619,"{""seabed"": 1.0}"
robust,p_miss,0.4,18,surface,782,185.9049150592832,152.08859915410721,415.14072179623446,0.9309462915601023,1.0,3209.8928344902533,1.3836317135549872,"{""buoy"": 1.0}"
robust,p_miss,0.4,18,statopt,782,185.57174221052998,151.9611389278538,415.1429083295674,0.9322250639386189,1.0,3209.8928344902533,1.3836317135549872,"{""cloud"": 1.0}"
robust,p_miss,0.4,18,cacgr,782,158.76944734640193,134.9787019486299,432.74615771599775,0.9373401534526854,1.0,240.1291223967416,1.4501278772378516,"{""seabed"": 0.991, ""auv"": 0.009}"
robust,p_miss,0.4,18,cacgr_nc,782,223.04027193431313,194.92005949216298,546.4006234704109,0.8427109974424553,1.0,182.07717062473057,1.581841432225064,"{""seabed"": 0.6893, ""auv"": 0.3056, ""buoy"": 0.0038, ""sat"": 0.0013}"
robust,p_miss,0.4,19,cloud,753,1305.7309704172626,1284.6609188805435,2131.0734123894044,0.0,1.0,9.600000000009821,6.1699867197875164,"{""cloud"": 1.0}"
robust,p_miss,0.4,19,sensor,753,146.50060017031902,137.03708936456073,339.17232235764135,0.9827357237715804,1.0,309.3800037943556,1.2191235059760956,"{""seabed"": 1.0}"
robust,p_miss,0.4,19,surface,753,594.558122016316,604.3281392326942,922.4910241631338,0.1341301460823373,1.0,4050.769068487935,1.5418326693227091,"{""buoy"": 1.0}"
robust,p_miss,0.4,19,statopt,753,148.8284218897564,137.88763715637518,343.8062862589076,0.9774236387782205,1.0,2034.8210965661146,1.2257636122177955,"{""cloud"": 0.5153, ""seabed"": 0.4847}"
robust,p_miss,0.4,19,cacgr,753,146.50060017031902,137.03708936456073,339.17232235764135,0.9827357237715804,1.0,324.10206791881023,1.2164674634794157,"{""seabed"": 0.9987, ""buoy"": 0.0013}"
robust,p_miss,0.4,19,cacgr_nc,753,201.39456523322187,188.55895018248836,378.6778759001808,0.9282868525896414,1.0,218.3816748245125,1.3837981407702524,"{""seabed"": 0.6786, ""auv"": 0.3201, ""sat"": 0.0013}"
robust,p_miss,0.4,20,cloud,812,1053.6701494821586,1042.7060290430202,1567.9958258813022,0.0,1.0,9.600000000010127,5.273399014778325,"{""cloud"": 1.0}"
robust,p_miss,0.4,20,sensor,812,135.06902258065892,132.1338948956436,278.5814906206324,0.9901477832512315,1.0,294.8483462350384,1.6096059113300492,"{""seabed"": 1.0}"
robust,p_miss,0.4,20,surface,812,584.0280185143441,565.0276118502427,925.3347531828526,0.11822660098522167,1.0,3791.7725432793577,1.8916256157635467,"{""buoy"": 1.0}"
robust,p_miss,0.4,20,statopt,812,196.79879379578134,192.63298793584835,333.51381773212137,0.9729064039408867,1.0,3268.9598933145407,1.6637931034482758,"{""cloud"": 0.7463, ""seabed"": 0.2537}"
robust,p_miss,0.4,20,cacgr,812,135.06902258065892,132.1338948956436,278.5814906206324,0.9901477832512315,1.0,294.8483462350384,1.6096059113300492,"{""seabed"": 1.0}"
robust,p_miss,0.4,20,cacgr_nc,812,201.4686470462611,190.01419060915214,391.54411132219394,0.9125615763546798,1.0,210.25529064039313,1.8509852216748768,"{""seabed"": 0.665, ""auv"": 0.3313, ""sat"": 0.0025, ""buoy"": 0.0012}"
robust,p_miss,0.4,21,cloud,770,1142.8530484247547,998.2163492119577,2542.598336421602,0.0025974025974025974,0.9792207792207792,9.600000000008844,4.294805194805194,"{""cloud"": 0.9792, ""-"": 0.0208}"
robust,p_miss,0.4,21,sensor,770,145.30296088890748,125.5849041465085,363.1280643490309,0.9441558441558442,0.9857142857142858,279.1799628942457,1.5298701298701298,"{""seabed"": 1.0}"
robust,p_miss,0.4,21,surface,770,539.076956801948,551.9925253095353,,0.13116883116883116,0.9415584415584416,4157.966836363602,2.1597402597402597,"{""buoy"": 1.0}"
robust,p_miss,0.4,21,statopt,770,169.2789807683645,143.54461605083463,388.35131111336653,0.922077922077922,0.9857142857142858,3196.211502782907,1.518181818181818,"{""cloud"": 0.7234, ""seabed"": 0.2688, ""-"": 0.0078}"
robust,p_miss,0.4,21,cacgr,770,145.30296088890748,125.5849041465085,363.1280643490309,0.9441558441558442,0.9857142857142858,279.1799628942457,1.5298701298701298,"{""seabed"": 1.0}"
robust,p_miss,0.4,21,cacgr_nc,770,206.20212466798418,194.0506017790147,455.05821483315316,0.874025974025974,0.9896103896103896,203.07496252318393,1.5883116883116883,"{""seabed"": 0.7117, ""auv"": 0.287, ""sat"": 0.0013}"
robust,p_miss,0.4,22,cloud,813,1128.3207116181577,985.8009211769796,2624.6703736087848,0.0036900369003690036,1.0,9.600000000010171,4.157441574415744,"{""cloud"": 1.0}"
robust,p_miss,0.4,22,sensor,813,150.7630044420278,129.58051800872053,365.1932158711862,0.940959409594096,1.0,287.26620980494175,1.5621156211562115,"{""seabed"": 1.0}"
robust,p_miss,0.4,22,surface,813,550.8256001098687,532.9767051701114,867.6540274471375,0.11439114391143912,1.0,3955.7493558249453,1.5325953259532594,"{""buoy"": 1.0}"
robust,p_miss,0.4,22,statopt,813,167.23478581600776,141.76556007310938,395.1503574797102,0.9163591635916359,1.0,2983.2696144789697,1.4883148831488315,"{""cloud"": 0.7651, ""seabed"": 0.2349}"
robust,p_miss,0.4,22,cacgr,813,150.7630044420278,129.58051800872053,365.1932158711862,0.940959409594096,1.0,287.26620980494175,1.5621156211562115,"{""seabed"": 1.0}"
robust,p_miss,0.4,22,cacgr_nc,813,206.55378401734148,184.92230083120793,436.3449601160958,0.8708487084870848,1.0,193.23223335088645,1.6592865928659286,"{""seabed"": 0.6544, ""auv"": 0.3444, ""sat"": 0.0012}"
robust,p_miss,0.4,23,cloud,784,1162.8005222145187,977.6134351605045,2607.3775853323914,0.0,1.0,9.600000000013068,4.059948979591836,"{""cloud"": 1.0}"
robust,p_miss,0.4,23,sensor,784,145.1617097896168,142.29503412058767,296.6857774001066,0.9808673469387755,0.9808673469387755,273.92966472302436,1.4464285714285714,"{""seabed"": 1.0}"
robust,p_miss,0.4,23,surface,784,508.6414947814105,540.4023293531294,712.7169270224679,0.14923469387755103,0.9872448979591837,3799.482379008705,1.6862244897959184,"{""buoy"": 1.0}"
robust,p_miss,0.4,23,statopt,784,158.01244340800497,157.99346880267063,329.1449260738977,0.9795918367346939,0.9795918367346939,2914.2448979591563,1.447704081632653,"{""cloud"": 0.7309, ""seabed"": 0.2564, ""-"": 0.0128}"
robust,p_miss,0.4,23,cacgr,784,145.0321459948605,141.51419941667555,296.6857774001066,0.9808673469387755,0.9808673469387755,277.2733236151526,1.4451530612244898,"{""seabed"": 0.9987, ""uav"": 0.0013}"
robust,p_miss,0.4,23,cacgr_nc,784,211.5834610644494,208.40552543822608,462.98494152767313,0.8737244897959183,0.9808673469387755,226.22273469387204,1.683673469387755,"{""seabed"": 0.6901, ""auv"": 0.301, ""sat"": 0.0051, ""buoy"": 0.0038}"
robust,p_miss,0.4,24,cloud,813,976.1431624057683,910.1039156440704,1627.4798012171786,0.0,0.982779827798278,9.600000000010802,4.322263222632226,"{""cloud"": 0.9828, ""-"": 0.0172}"
robust,p_miss,0.4,24,sensor,813,126.63801079994919,111.46061797643851,303.40000445513414,0.991389913899139,0.991389913899139,242.28290282898672,1.1955719557195572,"{""seabed"": 1.0}"
robust,p_miss,0.4,24,surface,813,166.5484915153202,148.33611312582823,333.5189834239533,0.965559655596556,0.993849938499385,3203.5481904761277,1.1082410824108242,"{""buoy"": 1.0}"
robust,p_miss,0.4,24,statopt,813,165.52013982449475,148.17331429780123,329.69067085561767,0.968019680196802,0.995079950799508,3203.5481904761277,1.100861008610086,"{""cloud"": 0.9951, ""-"": 0.0049}"
robust,p_miss,0.4,24,cacgr,813,126.63801079994919,111.46061797643851,303.40000445513414,0.991389913899139,0.991389913899139,248.9776840625133,1.1943419434194342,"{""seabed"": 0.9988, ""uav"": 0.0012}"
robust,p_miss,0.4,24,cacgr_nc,813,205.83713977402255,193.95912900563854,437.1667907670137,0.8868388683886839,0.997539975399754,155.46084132837734,1.5018450184501846,"{""seabed"": 0.6359, ""auv"": 0.3641}"
robust,p_miss,0.4,25,cloud,675,992.2642253303944,951.5891474468262,1753.7737401905165,0.0044444444444444444,1.0,9.600000000007874,2.9792592592592593,"{""cloud"": 1.0}"
robust,p_miss,0.4,25,sensor,675,109.50503292175088,86.93329061904697,269.9763304402278,1.0,1.0,273.16402116401025,0.9185185185185185,"{""seabed"": 1.0}"
robust,p_miss,0.4,25,surface,675,389.35094661491996,379.32923662110755,613.5540725630796,0.4325925925925926,1.0,4340.707965290959,0.9674074074074074,"{""buoy"": 1.0}"
robust,p_miss,0.4,25,statopt,675,249.92651209244664,241.77112402629888,422.1452600834551,0.8237037037037037,1.0,4128.655799534345,0.9348148148148148,"{""cloud"": 0.8726, ""seabed"": 0.1274}"
robust,p_miss,0.4,25,cacgr,675,109.50503292175088,86.93329061904697,269.9763304402278,1.0,1.0,273.16402116401025,0.9185185185185185,"{""seabed"": 1.0}"
robust,p_miss,0.4,25,cacgr_nc,675,178.23859160480106,159.3060018826579,390.5248661056439,0.9125925925925926,1.0,184.29958772485747,1.1511111111111112,"{""seabed"": 0.6593, ""auv"": 0.3393, ""sat"": 0.0015}"
robust,p_miss,0.4,26,cloud,842,920.9066876878223,700.6225361528589,2754.8285315673543,0.0688836104513064,1.0,9.600000000013473,2.147268408551069,"{""cloud"": 1.0}"
robust,p_miss,0.4,26,sensor,842,146.0102688369708,85.52899191344586,551.3834729300708,0.9038004750593824,1.0,288.91041737358177,1.3159144893111638,"{""seabed"": 1.0}"
robust,p_miss,0.4,26,surface,842,484.32599567998193,481.2670135289189,797.1499765200139,0.19239904988123516,1.0,3615.986877502502,1.3610451306413303,"{""buoy"": 1.0}"
robust,p_miss,0.4,26,statopt,842,368.276579748215,348.1874196315451,761.3638970875407,0.5926365795724465,1.0,3475.16734034607,1.4204275534441806,"{""cloud"": 0.8705, ""seabed"": 0.1295}"
robust,p_miss,0.4,26,cacgr,842,146.0102688369708,85.52899191344586,551.3834729300708,0.9038004750593824,1.0,295.37461825583483,1.314726840855107,"{""seabed"": 0.9988, ""uav"": 0.0012}"
robust,p_miss,0.4,26,cacgr_nc,842,207.87935695049387,146.79363958719924,630.1186836596769,0.8586698337292161,1.0,188.52310010178155,1.3895486935866983,"{""seabed"": 0.6378, ""auv"": 0.361, ""buoy"": 0.0012}"
robust,p_miss,0.4,27,cloud,753,915.5280686256875,893.6413933631096,1563.7077833714668,0.01859229747675963,1.0,9.600000000011647,2.586985391766268,"{""cloud"": 1.0}"
robust,p_miss,0.4,27,sensor,753,105.68052755902539,78.82201962426916,245.83957559238078,0.9760956175298805,1.0,280.82754695503576,0.8857901726427623,"{""seabed"": 1.0}"
robust,p_miss,0.4,27,surface,753,455.77169940634775,463.0429157718776,693.6252321763953,0.2098273572377158,1.0,4062.081733257414,1.0730411686586985,"{""buoy"": 1.0}"
robust,p_miss,0.4,27,statopt,753,212.5366355555886,195.82440764879962,380.7452945143588,0.9335989375830013,1.0,3612.3985745399104,0.9694555112881806,"{""cloud"": 0.7596, ""seabed"": 0.2404}"
robust,p_miss,0.4,27,cacgr,753,105.36454799674785,77.95643520067048,245.83957559238078,0.9760956175298805,1.0,295.5496110794902,0.8804780876494024,"{""seabed"": 0.9987, ""uav"": 0.0013}"
robust,p_miss,0.4,27,cacgr_nc,753,167.64218763750577,148.24883419552145,357.27676213515736,0.952191235059761,1.0,191.10899335989305,0.9654714475431607,"{""seabed"": 0.656, ""auv"": 0.3426, ""buoy"": 0.0013}"
robust,p_miss,0.4,28,cloud,756,914.3021473417085,813.8276660847296,1750.6997621803885,0.003968253968253968,1.0,9.60000000000829,2.431216931216931,"{""cloud"": 1.0}"
robust,p_miss,0.4,28,sensor,756,151.67817729236052,128.54130630367436,340.53385390169365,0.9682539682539683,1.0,267.5234315948462,1.3875661375661377,"{""seabed"": 1.0}"
robust,p_miss,0.4,28,surface,756,391.4556438438748,387.11010158618814,658.1707039163277,0.41005291005291006,1.0,3940.1009221465965,1.3611111111111112,"{""buoy"": 1.0}"
robust,p_miss,0.4,28,statopt,756,153.87005071898588,127.39316443336624,341.85148359494184,0.9656084656084656,1.0,2619.08238851093,1.3783068783068784,"{""cloud"": 0.7632, ""seabed"": 0.2368}"
robust,p_miss,0.4,28,cacgr,756,151.67817729236052,128.54130630367436,340.53385390169365,0.9682539682539683,1.0,267.5234315948462,1.3875661375661377,"{""seabed"": 1.0}"
robust,p_miss,0.4,28,cacgr_nc,756,206.9014894508933,201.32797892328043,407.91491351843007,0.8968253968253969,1.0,173.1648253968112,1.4735449735449735,"{""seabed"": 0.6534, ""auv"": 0.3466}"
robust,p_miss,0.4,29,cloud,782,1292.000863604118,1327.1930233304001,1875.535561283947,0.0012787723785166241,1.0,9.600000000009105,6.653452685421995,"{""cloud"": 1.0}"
robust,p_miss,0.4,29,sensor,782,132.51727320463002,104.44730132702692,406.54248036960774,0.9398976982097187,1.0,292.19912312752354,1.1355498721227621,"{""seabed"": 1.0}"
robust,p_miss,0.4,29,surface,782,528.6548962911427,529.1966186692025,852.0360769299288,0.1534526854219949,1.0,3790.9863412495197,1.391304347826087,"{""buoy"": 1.0}"
robust,p_miss,0.4,29,statopt,782,147.9728519082127,123.4737419627907,360.39024751695325,0.9475703324808185,1.0,3050.154914139564,1.1176470588235294,"{""cloud"": 0.624, ""seabed"": 0.376}"
robust,p_miss,0.4,29,cacgr,782,133.35480960155311,105.7506532872948,406.54248036960774,0.9398976982097187,1.0,302.909185239324,1.1176470588235294,"{""seabed"": 0.9859, ""auv"": 0.0128, ""uav"": 0.0013}"
robust,p_miss,0.4,29,cacgr_nc,782,174.91658379857634,148.0797837286003,401.8563058220709,0.9271099744245525,1.0,209.8457815126105,1.0690537084398977,"{""seabed"": 0.6893, ""auv"": 0.3082, ""buoy"": 0.0026}"
